2025-11-10 18:09:56 [schema DEBUG] CREATE TABLE "django_migrations" ("id" bigint NOT NULL PRIMARY KEY GENERATED BY DEFAULT AS IDENTITY, "app" varchar(255) NOT NULL, "name" varchar(255) NOT NULL, "applied" timestamp with time zone NOT NULL); (params None)
2025-11-10 18:09:56 [schema DEBUG] CREATE TABLE "user" ("id" uuid NOT NULL PRIMARY KEY, "email" varchar(254) NOT NULL UNIQUE, "phone" varchar(20) NOT NULL, "nick_name" varchar(150) NOT NULL, "username" varchar(150) NOT NULL UNIQUE, "password" varchar(150) NOT NULL, "role" varchar(150) NOT NULL, "is_active" boolean NOT NULL); (params None)
2025-11-10 18:09:56 [schema DEBUG] CREATE INDEX "user_email_54dc62b2_like" ON "user" ("email" varchar_pattern_ops); (params None)
2025-11-10 18:09:56 [schema DEBUG] CREATE INDEX "user_username_cf016618_like" ON "user" ("username" varchar_pattern_ops); (params None)
2025-11-10 18:09:56 [schema DEBUG] CREATE TABLE "team" ("create_time" timestamp with time zone NOT NULL, "update_time" timestamp with time zone NOT NULL, "user_id" uuid NOT NULL PRIMARY KEY, "name" varchar(128) NOT NULL); (params None)
2025-11-10 18:09:56 [schema DEBUG] CREATE TABLE "team_member" ("create_time" timestamp with time zone NOT NULL, "update_time" timestamp with time zone NOT NULL, "id" uuid NOT NULL PRIMARY KEY, "team_id" uuid NOT NULL, "user_id" uuid NOT NULL); (params None)
2025-11-10 18:09:56 [schema DEBUG] CREATE TABLE "team_member_permission" ("create_time" timestamp with time zone NOT NULL, "update_time" timestamp with time zone NOT NULL, "id" uuid NOT NULL PRIMARY KEY, "auth_target_type" varchar(128) NOT NULL, "target" uuid NOT NULL, "operate" varchar(256)[] NOT NULL, "member_id" uuid NOT NULL); (params None)
2025-11-10 18:09:56 [schema DEBUG] CREATE TABLE "model" ("create_time" timestamp with time zone NOT NULL, "update_time" timestamp with time zone NOT NULL, "id" uuid NOT NULL PRIMARY KEY, "name" varchar(128) NOT NULL, "model_type" varchar(128) NOT NULL, "model_name" varchar(128) NOT NULL, "provider" varchar(128) NOT NULL, "credential" varchar(5120) NOT NULL, "user_id" uuid NOT NULL); (params None)
2025-11-10 18:09:56 [schema DEBUG] ALTER TABLE "team" ADD CONSTRAINT "team_user_id_8d7fcd78_fk_user_id" FOREIGN KEY ("user_id") REFERENCES "user" ("id") DEFERRABLE INITIALLY DEFERRED; (params None)
2025-11-10 18:09:56 [schema DEBUG] ALTER TABLE "team_member" ADD CONSTRAINT "team_member_team_id_26812b86_fk_team_user_id" FOREIGN KEY ("team_id") REFERENCES "team" ("user_id") DEFERRABLE INITIALLY DEFERRED; (params None)
2025-11-10 18:09:56 [schema DEBUG] ALTER TABLE "team_member" ADD CONSTRAINT "team_member_user_id_9e3ae43b_fk_user_id" FOREIGN KEY ("user_id") REFERENCES "user" ("id") DEFERRABLE INITIALLY DEFERRED; (params None)
2025-11-10 18:09:56 [schema DEBUG] CREATE INDEX "team_member_team_id_26812b86" ON "team_member" ("team_id"); (params None)
2025-11-10 18:09:56 [schema DEBUG] CREATE INDEX "team_member_user_id_9e3ae43b" ON "team_member" ("user_id"); (params None)
2025-11-10 18:09:56 [schema DEBUG] ALTER TABLE "team_member_permission" ADD CONSTRAINT "team_member_permission_member_id_01dc944b_fk_team_member_id" FOREIGN KEY ("member_id") REFERENCES "team_member" ("id") DEFERRABLE INITIALLY DEFERRED; (params None)
2025-11-10 18:09:56 [schema DEBUG] CREATE INDEX "team_member_permission_member_id_01dc944b" ON "team_member_permission" ("member_id"); (params None)
2025-11-10 18:09:56 [schema DEBUG] ALTER TABLE "model" ADD CONSTRAINT "model_name_user_id_158f66f7_uniq" UNIQUE ("name", "user_id"); (params None)
2025-11-10 18:09:56 [schema DEBUG] ALTER TABLE "model" ADD CONSTRAINT "model_user_id_a841bfc8_fk_user_id" FOREIGN KEY ("user_id") REFERENCES "user" ("id") DEFERRABLE INITIALLY DEFERRED; (params None)
2025-11-10 18:09:56 [schema DEBUG] CREATE INDEX "model_user_id_a841bfc8" ON "model" ("user_id"); (params None)
2025-11-10 18:09:56 [schema DEBUG] CREATE TABLE "system_setting" ("create_time" timestamp with time zone NOT NULL, "update_time" timestamp with time zone NOT NULL, "type" integer NOT NULL PRIMARY KEY, "meta" jsonb NOT NULL); (params None)
2025-11-10 18:09:56 [schema DEBUG] ALTER TABLE "model" ADD COLUMN "meta" jsonb DEFAULT '{}' NOT NULL; (params None)
2025-11-10 18:09:56 [schema DEBUG] ALTER TABLE "model" ALTER COLUMN "meta" DROP DEFAULT; (params None)
2025-11-10 18:09:56 [schema DEBUG] ALTER TABLE "model" ADD COLUMN "status" varchar(20) DEFAULT 'SUCCESS' NOT NULL; (params None)
2025-11-10 18:09:56 [schema DEBUG] ALTER TABLE "model" ALTER COLUMN "status" DROP DEFAULT; (params None)
2025-11-10 18:09:56 [schema DEBUG] ALTER TABLE "model" ALTER COLUMN "credential" TYPE varchar(102400); (params None)
2025-11-10 18:09:56 [schema DEBUG] ALTER TABLE "model" ADD COLUMN "permission_type" varchar(20) DEFAULT 'PRIVATE' NOT NULL; (params None)
2025-11-10 18:09:56 [schema DEBUG] ALTER TABLE "model" ALTER COLUMN "permission_type" DROP DEFAULT; (params None)
2025-11-10 18:10:01 [schema DEBUG] CREATE TABLE "dataset" ("create_time" timestamp with time zone NOT NULL, "update_time" timestamp with time zone NOT NULL, "id" uuid NOT NULL PRIMARY KEY, "name" varchar(150) NOT NULL, "desc" varchar(256) NOT NULL, "type" varchar(1) NOT NULL, "meta" jsonb NOT NULL, "user_id" uuid NOT NULL); (params None)
2025-11-10 18:10:01 [schema DEBUG] CREATE TABLE "document" ("create_time" timestamp with time zone NOT NULL, "update_time" timestamp with time zone NOT NULL, "id" uuid NOT NULL PRIMARY KEY, "name" varchar(150) NOT NULL, "char_length" integer NOT NULL, "status" varchar(1) NOT NULL, "is_active" boolean NOT NULL, "type" varchar(1) NOT NULL, "meta" jsonb NOT NULL, "dataset_id" uuid NOT NULL); (params None)
2025-11-10 18:10:01 [schema DEBUG] CREATE TABLE "paragraph" ("create_time" timestamp with time zone NOT NULL, "update_time" timestamp with time zone NOT NULL, "id" uuid NOT NULL PRIMARY KEY, "content" varchar(4096) NOT NULL, "title" varchar(256) NOT NULL, "status" varchar(1) NOT NULL, "hit_num" integer NOT NULL, "is_active" boolean NOT NULL, "dataset_id" uuid NOT NULL, "document_id" uuid NOT NULL); (params None)
2025-11-10 18:10:01 [schema DEBUG] CREATE TABLE "problem" ("create_time" timestamp with time zone NOT NULL, "update_time" timestamp with time zone NOT NULL, "id" uuid NOT NULL PRIMARY KEY, "content" varchar(256) NOT NULL, "hit_num" integer NOT NULL, "dataset_id" uuid NOT NULL); (params None)
2025-11-10 18:10:01 [schema DEBUG] CREATE TABLE "problem_paragraph_mapping" ("create_time" timestamp with time zone NOT NULL, "update_time" timestamp with time zone NOT NULL, "id" uuid NOT NULL PRIMARY KEY, "dataset_id" uuid NOT NULL, "document_id" uuid NOT NULL, "paragraph_id" uuid NOT NULL, "problem_id" uuid NOT NULL); (params None)
2025-11-10 18:10:01 [schema DEBUG] ALTER TABLE "dataset" ADD CONSTRAINT "dataset_user_id_0938dbdc_fk_user_id" FOREIGN KEY ("user_id") REFERENCES "user" ("id") DEFERRABLE INITIALLY DEFERRED; (params None)
2025-11-10 18:10:01 [schema DEBUG] CREATE INDEX "dataset_user_id_0938dbdc" ON "dataset" ("user_id"); (params None)
2025-11-10 18:10:01 [schema DEBUG] ALTER TABLE "document" ADD CONSTRAINT "document_dataset_id_12d355a7_fk_dataset_id" FOREIGN KEY ("dataset_id") REFERENCES "dataset" ("id") DEFERRABLE INITIALLY DEFERRED; (params None)
2025-11-10 18:10:01 [schema DEBUG] CREATE INDEX "document_dataset_id_12d355a7" ON "document" ("dataset_id"); (params None)
2025-11-10 18:10:01 [schema DEBUG] ALTER TABLE "paragraph" ADD CONSTRAINT "paragraph_dataset_id_a27ca31b_fk_dataset_id" FOREIGN KEY ("dataset_id") REFERENCES "dataset" ("id") DEFERRABLE INITIALLY DEFERRED; (params None)
2025-11-10 18:10:01 [schema DEBUG] CREATE INDEX "paragraph_dataset_id_a27ca31b" ON "paragraph" ("dataset_id"); (params None)
2025-11-10 18:10:01 [schema DEBUG] CREATE INDEX "paragraph_document_id_2e0722cc" ON "paragraph" ("document_id"); (params None)
2025-11-10 18:10:01 [schema DEBUG] CREATE INDEX "problem_dataset_id_eb767585" ON "problem" ("dataset_id"); (params None)
2025-11-10 18:10:01 [schema DEBUG] ALTER TABLE "problem_paragraph_mapping" ADD CONSTRAINT "problem_paragraph_mapping_document_id_74b9f617_fk_document_id" FOREIGN KEY ("document_id") REFERENCES "document" ("id") DEFERRABLE INITIALLY DEFERRED; (params None)
2025-11-10 18:10:01 [schema DEBUG] CREATE INDEX "problem_paragraph_mapping_dataset_id_76ffcb8c" ON "problem_paragraph_mapping" ("dataset_id"); (params None)
2025-11-10 18:10:01 [schema DEBUG] CREATE INDEX "problem_paragraph_mapping_document_id_74b9f617" ON "problem_paragraph_mapping" ("document_id"); (params None)
2025-11-10 18:10:01 [schema DEBUG] CREATE INDEX "problem_paragraph_mapping_paragraph_id_f0be2e98" ON "problem_paragraph_mapping" ("paragraph_id"); (params None)
2025-11-10 18:10:01 [schema DEBUG] CREATE INDEX "problem_paragraph_mapping_problem_id_937b9858" ON "problem_paragraph_mapping" ("problem_id"); (params None)
2025-11-10 18:10:02 [schema DEBUG] CREATE TABLE "application" ("create_time" timestamp with time zone NOT NULL, "update_time" timestamp with time zone NOT NULL, "id" uuid NOT NULL PRIMARY KEY, "name" varchar(128) NOT NULL, "desc" varchar(512) NOT NULL, "prologue" varchar(1024) NOT NULL, "dialogue_number" integer NOT NULL, "dataset_setting" jsonb NOT NULL, "model_setting" jsonb NOT NULL, "problem_optimization" boolean NOT NULL, "model_id" uuid NULL, "user_id" uuid NOT NULL); (params None)
2025-11-10 18:10:02 [schema DEBUG] CREATE TABLE "application_chat" ("create_time" timestamp with time zone NOT NULL, "update_time" timestamp with time zone NOT NULL, "id" uuid NOT NULL PRIMARY KEY, "abstract" varchar(256) NOT NULL, "application_id" uuid NOT NULL); (params None)
2025-11-10 18:10:02 [schema DEBUG] CREATE TABLE "application_access_token" ("create_time" timestamp with time zone NOT NULL, "update_time" timestamp with time zone NOT NULL, "application_id" uuid NOT NULL PRIMARY KEY, "access_token" varchar(128) NOT NULL UNIQUE, "is_active" boolean NOT NULL, "access_num" integer NOT NULL, "white_active" boolean NOT NULL, "white_list" varchar(128)[] NOT NULL); (params None)
2025-11-10 18:10:02 [schema DEBUG] CREATE TABLE "application_chat_record" ("create_time" timestamp with time zone NOT NULL, "update_time" timestamp with time zone NOT NULL, "id" uuid NOT NULL PRIMARY KEY, "vote_status" varchar(10) NOT NULL, "problem_text" varchar(1024) NOT NULL, "answer_text" varchar(4096) NOT NULL, "message_tokens" integer NOT NULL, "answer_tokens" integer NOT NULL, "const" integer NOT NULL, "details" jsonb NOT NULL, "improve_paragraph_id_list" uuid[] NOT NULL, "run_time" double precision NOT NULL, "index" integer NOT NULL, "chat_id" uuid NOT NULL); (params None)
2025-11-10 18:10:02 [schema DEBUG] CREATE TABLE "application_public_access_client" ("create_time" timestamp with time zone NOT NULL, "update_time" timestamp with time zone NOT NULL, "id" uuid NOT NULL PRIMARY KEY, "access_num" integer NOT NULL, "intraday_access_num" integer NOT NULL, "application_id" uuid NOT NULL); (params None)
2025-11-10 18:10:02 [schema DEBUG] CREATE TABLE "application_dataset_mapping" ("create_time" timestamp with time zone NOT NULL, "update_time" timestamp with time zone NOT NULL, "id" uuid NOT NULL PRIMARY KEY, "application_id" uuid NOT NULL, "dataset_id" uuid NOT NULL); (params None)
2025-11-10 18:10:02 [schema DEBUG] CREATE TABLE "application_api_key" ("create_time" timestamp with time zone NOT NULL, "update_time" timestamp with time zone NOT NULL, "id" uuid NOT NULL PRIMARY KEY, "secret_key" varchar(1024) NOT NULL UNIQUE, "is_active" boolean NOT NULL, "application_id" uuid NOT NULL, "user_id" uuid NOT NULL); (params None)
2025-11-10 18:10:02 [schema DEBUG] ALTER TABLE "application" ADD CONSTRAINT "application_user_id_e0323977_fk_user_id" FOREIGN KEY ("user_id") REFERENCES "user" ("id") DEFERRABLE INITIALLY DEFERRED; (params None)
2025-11-10 18:10:02 [schema DEBUG] CREATE INDEX "application_model_id_e80b5b34" ON "application" ("model_id"); (params None)
2025-11-10 18:10:02 [schema DEBUG] CREATE INDEX "application_user_id_e0323977" ON "application" ("user_id"); (params None)
2025-11-10 18:10:02 [schema DEBUG] ALTER TABLE "application_chat" ADD CONSTRAINT "application_chat_application_id_0c9f6b90_fk_application_id" FOREIGN KEY ("application_id") REFERENCES "application" ("id") DEFERRABLE INITIALLY DEFERRED; (params None)
2025-11-10 18:10:02 [schema DEBUG] CREATE INDEX "application_chat_application_id_0c9f6b90" ON "application_chat" ("application_id"); (params None)
2025-11-10 18:10:02 [schema DEBUG] ALTER TABLE "application_access_token" ADD CONSTRAINT "application_access_t_application_id_d90b8cec_fk_applicati" FOREIGN KEY ("application_id") REFERENCES "application" ("id") DEFERRABLE INITIALLY DEFERRED; (params None)
2025-11-10 18:10:02 [schema DEBUG] CREATE INDEX "application_access_token_access_token_3823531a_like" ON "application_access_token" ("access_token" varchar_pattern_ops); (params None)
2025-11-10 18:10:02 [schema DEBUG] ALTER TABLE "application_chat_record" ADD CONSTRAINT "application_chat_record_chat_id_21aeb7ef_fk_application_chat_id" FOREIGN KEY ("chat_id") REFERENCES "application_chat" ("id") DEFERRABLE INITIALLY DEFERRED; (params None)
2025-11-10 18:10:02 [schema DEBUG] CREATE INDEX "application_chat_record_chat_id_21aeb7ef" ON "application_chat_record" ("chat_id"); (params None)
2025-11-10 18:10:02 [schema DEBUG] ALTER TABLE "application_public_access_client" ADD CONSTRAINT "application_public_a_application_id_25d9e34e_fk_applicati" FOREIGN KEY ("application_id") REFERENCES "application" ("id") DEFERRABLE INITIALLY DEFERRED; (params None)
2025-11-10 18:10:02 [schema DEBUG] CREATE INDEX "application_public_access_client_application_id_25d9e34e" ON "application_public_access_client" ("application_id"); (params None)
2025-11-10 18:10:02 [schema DEBUG] ALTER TABLE "application_dataset_mapping" ADD CONSTRAINT "application_dataset__application_id_90cafa00_fk_applicati" FOREIGN KEY ("application_id") REFERENCES "application" ("id") DEFERRABLE INITIALLY DEFERRED; (params None)
2025-11-10 18:10:02 [schema DEBUG] ALTER TABLE "application_dataset_mapping" ADD CONSTRAINT "application_dataset_mapping_dataset_id_a14a235a_fk_dataset_id" FOREIGN KEY ("dataset_id") REFERENCES "dataset" ("id") DEFERRABLE INITIALLY DEFERRED; (params None)
2025-11-10 18:10:02 [schema DEBUG] CREATE INDEX "application_dataset_mapping_application_id_90cafa00" ON "application_dataset_mapping" ("application_id"); (params None)
2025-11-10 18:10:02 [schema DEBUG] CREATE INDEX "application_dataset_mapping_dataset_id_a14a235a" ON "application_dataset_mapping" ("dataset_id"); (params None)
2025-11-10 18:10:02 [schema DEBUG] ALTER TABLE "application_api_key" ADD CONSTRAINT "application_api_key_application_id_376d9a01_fk_application_id" FOREIGN KEY ("application_id") REFERENCES "application" ("id") DEFERRABLE INITIALLY DEFERRED; (params None)
2025-11-10 18:10:02 [schema DEBUG] ALTER TABLE "application_api_key" ADD CONSTRAINT "application_api_key_user_id_e9e85f1b_fk_user_id" FOREIGN KEY ("user_id") REFERENCES "user" ("id") DEFERRABLE INITIALLY DEFERRED; (params None)
2025-11-10 18:10:02 [schema DEBUG] CREATE INDEX "application_api_key_secret_key_fd1b76e9_like" ON "application_api_key" ("secret_key" varchar_pattern_ops); (params None)
2025-11-10 18:10:02 [schema DEBUG] CREATE INDEX "application_api_key_application_id_376d9a01" ON "application_api_key" ("application_id"); (params None)
2025-11-10 18:10:02 [schema DEBUG] CREATE INDEX "application_api_key_user_id_e9e85f1b" ON "application_api_key" ("user_id"); (params None)
2025-11-10 18:10:02 [schema DEBUG] ALTER TABLE "application_chat" ADD COLUMN "client_id" uuid NULL; (params None)
2025-11-10 18:10:02 [schema DEBUG] ALTER TABLE "application" ADD COLUMN "icon" varchar(256) DEFAULT '/ui/favicon.ico' NOT NULL; (params None)
2025-11-10 18:10:02 [schema DEBUG] ALTER TABLE "application" ALTER COLUMN "icon" DROP DEFAULT; (params None)
2025-11-10 18:10:02 [schema DEBUG] ALTER TABLE "application_access_token" ADD COLUMN "show_source" boolean DEFAULT false NOT NULL; (params None)
2025-11-10 18:10:02 [schema DEBUG] ALTER TABLE "application_access_token" ALTER COLUMN "show_source" DROP DEFAULT; (params None)
2025-11-10 18:10:02 [schema DEBUG] ALTER TABLE "application_chat" ALTER COLUMN "abstract" TYPE varchar(1024); (params None)
2025-11-10 18:10:02 [schema DEBUG] ALTER TABLE "application_chat_record" ALTER COLUMN "answer_text" TYPE varchar(40960); (params None)
2025-11-10 18:10:02 [schema DEBUG] ALTER TABLE "application_api_key" ADD COLUMN "allow_cross_domain" boolean DEFAULT false NOT NULL; (params None)
2025-11-10 18:10:02 [schema DEBUG] ALTER TABLE "application_api_key" ALTER COLUMN "allow_cross_domain" DROP DEFAULT; (params None)
2025-11-10 18:10:02 [schema DEBUG] ALTER TABLE "application_api_key" ADD COLUMN "cross_domain_list" varchar(128)[] DEFAULT '{}' NOT NULL; (params None)
2025-11-10 18:10:02 [schema DEBUG] ALTER TABLE "application_api_key" ALTER COLUMN "cross_domain_list" DROP DEFAULT; (params None)
2025-11-10 18:10:02 [schema DEBUG] ALTER TABLE "application" ALTER COLUMN "prologue" TYPE varchar(4096); (params None)
2025-11-10 18:10:02 [schema DEBUG] ALTER TABLE "application_chat" ADD COLUMN "is_deleted" boolean DEFAULT false NOT NULL; (params None)
2025-11-10 18:10:02 [schema DEBUG] ALTER TABLE "application_chat" ALTER COLUMN "is_deleted" DROP DEFAULT; (params None)
2025-11-10 18:10:02 [schema DEBUG] ALTER TABLE "application" ADD COLUMN "type" varchar(256) DEFAULT 'SIMPLE' NOT NULL; (params None)
2025-11-10 18:10:02 [schema DEBUG] ALTER TABLE "application" ALTER COLUMN "type" DROP DEFAULT; (params None)
2025-11-10 18:10:02 [schema DEBUG] ALTER TABLE "application" ADD COLUMN "work_flow" jsonb DEFAULT '{}' NOT NULL; (params None)
2025-11-10 18:10:02 [schema DEBUG] ALTER TABLE "application" ALTER COLUMN "work_flow" DROP DEFAULT; (params None)
2025-11-10 18:10:02 [schema DEBUG] CREATE TABLE "application_work_flow_version" ("create_time" timestamp with time zone NOT NULL, "update_time" timestamp with time zone NOT NULL, "id" uuid NOT NULL PRIMARY KEY, "work_flow" jsonb NOT NULL, "application_id" uuid NOT NULL); (params None)
2025-11-10 18:10:02 [schema DEBUG] ALTER TABLE "application_work_flow_version" ADD CONSTRAINT "application_work_flo_application_id_e1ae17fd_fk_applicati" FOREIGN KEY ("application_id") REFERENCES "application" ("id") DEFERRABLE INITIALLY DEFERRED; (params None)
2025-11-10 18:10:02 [schema DEBUG] CREATE INDEX "application_work_flow_version_application_id_e1ae17fd" ON "application_work_flow_version" ("application_id"); (params None)
2025-11-10 18:10:02 [schema DEBUG] ALTER TABLE "application" ADD COLUMN "model_params_setting" jsonb DEFAULT '{}' NOT NULL; (params None)
2025-11-10 18:10:02 [schema DEBUG] ALTER TABLE "application" ALTER COLUMN "model_params_setting" DROP DEFAULT; (params None)
2025-11-10 18:10:02 [schema DEBUG] ALTER TABLE "application" ADD COLUMN "stt_model_id" uuid NULL; (params None)
2025-11-10 18:10:02 [schema DEBUG] ALTER TABLE "application" ADD COLUMN "stt_model_enable" boolean DEFAULT false NOT NULL; (params None)
2025-11-10 18:10:02 [schema DEBUG] ALTER TABLE "application" ALTER COLUMN "stt_model_enable" DROP DEFAULT; (params None)
2025-11-10 18:10:02 [schema DEBUG] ALTER TABLE "application" ADD COLUMN "tts_model_id" uuid NULL; (params None)
2025-11-10 18:10:02 [schema DEBUG] ALTER TABLE "application" ADD COLUMN "tts_model_enable" boolean DEFAULT false NOT NULL; (params None)
2025-11-10 18:10:02 [schema DEBUG] ALTER TABLE "application" ALTER COLUMN "tts_model_enable" DROP DEFAULT; (params None)
2025-11-10 18:10:02 [schema DEBUG] CREATE INDEX "application_stt_model_id_10e736db" ON "application" ("stt_model_id"); (params None)
2025-11-10 18:10:02 [schema DEBUG] CREATE INDEX "application_tts_model_id_63215f2e" ON "application" ("tts_model_id"); (params None)
2025-11-10 18:10:02 [schema DEBUG] ALTER TABLE "application" ADD COLUMN "tts_type" varchar(20) DEFAULT 'BROWSER' NOT NULL; (params None)
2025-11-10 18:10:02 [schema DEBUG] ALTER TABLE "application" ALTER COLUMN "tts_type" DROP DEFAULT; (params None)
2025-11-10 18:10:02 [schema DEBUG] ALTER TABLE "application" ADD COLUMN "problem_optimization_prompt" varchar(102400) DEFAULT '()里面是用户问题,根据上下文回答揣测用户问题({question}) 要求: 输出一个补全问题,并且放在<data></data>标签中' NULL; (params None)
2025-11-10 18:10:02 [schema DEBUG] ALTER TABLE "application" ALTER COLUMN "problem_optimization_prompt" DROP DEFAULT; (params None)
2025-11-10 18:10:02 [schema DEBUG] ALTER TABLE "application_chat_record" ALTER COLUMN "problem_text" TYPE varchar(10240); (params None)
2025-11-10 18:10:02 [schema DEBUG] ALTER TABLE "application" ADD COLUMN "tts_model_params_setting" jsonb DEFAULT '{}' NOT NULL; (params None)
2025-11-10 18:10:02 [schema DEBUG] ALTER TABLE "application" ALTER COLUMN "tts_model_params_setting" DROP DEFAULT; (params None)
2025-11-10 18:10:02 [schema DEBUG] ALTER TABLE "application" ADD COLUMN "clean_time" integer DEFAULT 180 NOT NULL; (params None)
2025-11-10 18:10:02 [schema DEBUG] ALTER TABLE "application" ALTER COLUMN "clean_time" DROP DEFAULT; (params None)
2025-11-10 18:10:02 [schema DEBUG] ALTER TABLE "application_work_flow_version" ADD COLUMN "name" varchar(128) DEFAULT '' NOT NULL; (params None)
2025-11-10 18:10:02 [schema DEBUG] ALTER TABLE "application_work_flow_version" ALTER COLUMN "name" DROP DEFAULT; (params None)
2025-11-10 18:10:02 [schema DEBUG] 
UPDATE "public".application_work_flow_version
SET "name" =  TO_CHAR(create_time, 'YYYY-MM-DD HH24:MI:SS');
; (params None)
2025-11-10 18:10:02 [schema DEBUG] ALTER TABLE "application_work_flow_version" ADD COLUMN "publish_user_id" uuid NULL; (params None)
2025-11-10 18:10:02 [schema DEBUG] ALTER TABLE "application_work_flow_version" ADD COLUMN "publish_user_name" varchar(128) DEFAULT '' NOT NULL; (params None)
2025-11-10 18:10:02 [schema DEBUG] ALTER TABLE "application_work_flow_version" ALTER COLUMN "publish_user_name" DROP DEFAULT; (params None)
2025-11-10 18:10:02 [schema DEBUG] ALTER TABLE "application" ADD COLUMN "file_upload_enable" boolean DEFAULT false NOT NULL; (params None)
2025-11-10 18:10:02 [schema DEBUG] ALTER TABLE "application" ALTER COLUMN "file_upload_enable" DROP DEFAULT; (params None)
2025-11-10 18:10:02 [schema DEBUG] ALTER TABLE "application" ADD COLUMN "file_upload_setting" jsonb DEFAULT '{}' NOT NULL; (params None)
2025-11-10 18:10:02 [schema DEBUG] ALTER TABLE "application" ALTER COLUMN "file_upload_setting" DROP DEFAULT; (params None)
2025-11-10 18:10:02 [schema DEBUG] ALTER TABLE "application_chat_record" ADD COLUMN "answer_text_list" jsonb[] DEFAULT '{}' NOT NULL; (params None)
2025-11-10 18:10:02 [schema DEBUG] ALTER TABLE "application_chat_record" ALTER COLUMN "answer_text_list" DROP DEFAULT; (params None)
2025-11-10 18:10:02 [schema DEBUG] 
UPDATE application_chat_record
SET answer_text_list=ARRAY[jsonb_build_object('content',answer_text)]
; (params None)
2025-11-10 18:10:02 [schema DEBUG] 
UPDATE application_chat ac
SET update_time = acr_max.max_update_time
FROM (
    SELECT chat_id, MAX(update_time) AS max_update_time
    FROM application_chat_record
    GROUP BY chat_id
) acr_max
WHERE ac.id = acr_max.chat_id;
; (params None)
2025-11-10 18:10:02 [schema DEBUG] ALTER TABLE "application_public_access_client" ADD COLUMN "client_id" uuid DEFAULT '6c0a210d-be1d-11f0-aa54-dc567bb1e9dc'::uuid NOT NULL; (params None)
2025-11-10 18:10:02 [schema DEBUG] ALTER TABLE "application_public_access_client" ALTER COLUMN "client_id" DROP DEFAULT; (params None)
2025-11-10 18:10:02 [schema DEBUG] CREATE INDEX "application_client__4de9af_idx" ON "application_public_access_client" ("client_id"); (params None)
2025-11-10 18:10:02 [schema DEBUG] 
UPDATE application_public_access_client
SET client_id="id"
; (params None)
2025-11-10 18:10:02 [schema DEBUG] ALTER TABLE "application" ADD COLUMN "tts_autoplay" boolean DEFAULT false NOT NULL; (params None)
2025-11-10 18:10:02 [schema DEBUG] ALTER TABLE "application" ALTER COLUMN "tts_autoplay" DROP DEFAULT; (params None)
2025-11-10 18:10:02 [schema DEBUG] ALTER TABLE "application" ADD COLUMN "stt_autosend" boolean DEFAULT false NOT NULL; (params None)
2025-11-10 18:10:02 [schema DEBUG] ALTER TABLE "application" ALTER COLUMN "stt_autosend" DROP DEFAULT; (params None)
2025-11-10 18:10:02 [schema DEBUG] ALTER TABLE "application_access_token" ADD COLUMN "language" varchar(10) NULL; (params None)
2025-11-10 18:10:02 [schema DEBUG] ALTER TABLE "application" ALTER COLUMN "prologue" TYPE varchar(40960); (params None)
2025-11-10 18:10:02 [schema DEBUG] CREATE TABLE "django_content_type" ("id" integer NOT NULL PRIMARY KEY GENERATED BY DEFAULT AS IDENTITY, "name" varchar(100) NOT NULL, "app_label" varchar(100) NOT NULL, "model" varchar(100) NOT NULL); (params None)
2025-11-10 18:10:02 [schema DEBUG] ALTER TABLE "django_content_type" ADD CONSTRAINT "django_content_type_app_label_model_76bd3d3b_uniq" UNIQUE ("app_label", "model"); (params None)
2025-11-10 18:10:02 [schema DEBUG] ALTER TABLE "django_content_type" ALTER COLUMN "name" DROP NOT NULL; (params None)
2025-11-10 18:10:02 [schema DEBUG] ALTER TABLE "django_content_type" DROP COLUMN "name" CASCADE; (params None)
2025-11-10 18:10:02 [schema DEBUG] CREATE TABLE "image" ("create_time" timestamp with time zone NOT NULL, "update_time" timestamp with time zone NOT NULL, "id" uuid NOT NULL PRIMARY KEY, "image" bytea NOT NULL, "image_name" varchar(256) NOT NULL); (params None)
2025-11-10 18:10:02 [schema DEBUG] ALTER TABLE "document" ADD COLUMN "hit_handling_method" varchar(20) DEFAULT 'optimization' NOT NULL; (params None)
2025-11-10 18:10:02 [schema DEBUG] ALTER TABLE "document" ALTER COLUMN "hit_handling_method" DROP DEFAULT; (params None)
2025-11-10 18:10:02 [schema DEBUG] ALTER TABLE "document" ADD COLUMN "directly_return_similarity" double precision DEFAULT 0.9 NOT NULL; (params None)
2025-11-10 18:10:02 [schema DEBUG] ALTER TABLE "document" ALTER COLUMN "directly_return_similarity" DROP DEFAULT; (params None)
2025-11-10 18:10:02 [schema DEBUG] grant execute on function lo_from_bytea to root; (params None)
2025-11-10 18:11:17 [schema DEBUG] grant execute on function lo_from_bytea to root; (params None)
2025-11-10 18:13:25 [schema DEBUG] grant execute on function lo_from_bytea to root; (params None)
2025-11-10 18:13:25 [schema DEBUG] CREATE TABLE "file" ("create_time" timestamp with time zone NOT NULL, "update_time" timestamp with time zone NOT NULL, "id" uuid NOT NULL PRIMARY KEY, "file_name" varchar(256) NOT NULL, "loid" integer NOT NULL); (params None)
2025-11-10 18:13:25 [schema DEBUG] ALTER TABLE "dataset" ADD COLUMN "embedding_mode_id" uuid DEFAULT '42f63a3d-427e-11ef-b3ec-a8a1595801ab'::uuid NOT NULL CONSTRAINT "dataset_embedding_mode_id_03b88255_fk_model_id" REFERENCES "model"("id") DEFERRABLE INITIALLY DEFERRED; SET CONSTRAINTS "dataset_embedding_mode_id_03b88255_fk_model_id" IMMEDIATE; (params None)
2025-11-10 18:13:25 [schema DEBUG] ALTER TABLE "dataset" ALTER COLUMN "embedding_mode_id" DROP DEFAULT; (params None)
2025-11-10 18:13:25 [schema DEBUG] CREATE INDEX "dataset_embedding_mode_id_03b88255" ON "dataset" ("embedding_mode_id"); (params None)
2025-11-10 18:13:25 [schema DEBUG] ALTER TABLE "paragraph" ALTER COLUMN "content" TYPE varchar(102400); (params None)
2025-11-10 18:13:25 [schema DEBUG] ALTER TABLE "file" ADD COLUMN "meta" jsonb DEFAULT '{}' NOT NULL; (params None)
2025-11-10 18:13:25 [schema DEBUG] ALTER TABLE "file" ALTER COLUMN "meta" DROP DEFAULT; (params None)
2025-11-10 18:13:25 [schema DEBUG] ALTER TABLE "document" ADD COLUMN "status_meta" jsonb DEFAULT '{"state_time": {}}' NOT NULL; (params None)
2025-11-10 18:13:25 [schema DEBUG] ALTER TABLE "document" ALTER COLUMN "status_meta" DROP DEFAULT; (params None)
2025-11-10 18:13:25 [schema DEBUG] ALTER TABLE "paragraph" ADD COLUMN "status_meta" jsonb DEFAULT '{"state_time": {}}' NOT NULL; (params None)
2025-11-10 18:13:25 [schema DEBUG] ALTER TABLE "paragraph" ALTER COLUMN "status_meta" DROP DEFAULT; (params None)
2025-11-10 18:13:25 [schema DEBUG] ALTER TABLE "document" ALTER COLUMN "status" TYPE varchar(20); (params None)
2025-11-10 18:13:25 [schema DEBUG] ALTER TABLE "paragraph" ALTER COLUMN "status" TYPE varchar(20); (params None)
2025-11-10 18:13:25 [schema DEBUG] 
UPDATE "paragraph"
SET status ="replace"("replace"("replace"(status, '2', '3'),'0','3'),'1','2')
; (params None)
2025-11-10 18:13:25 [schema DEBUG] 
UPDATE "document"
SET status ="replace"("replace"("replace"(status, '2', '3'),'0','3'),'1','2')
; (params None)
2025-11-10 18:13:25 [schema DEBUG] CREATE TABLE "django_apscheduler_djangojob" ("id" integer NOT NULL PRIMARY KEY GENERATED BY DEFAULT AS IDENTITY, "name" varchar(255) NOT NULL UNIQUE, "next_run_time" timestamp with time zone NOT NULL, "job_state" bytea NOT NULL); (params None)
2025-11-10 18:13:25 [schema DEBUG] CREATE TABLE "django_apscheduler_djangojobexecution" ("id" integer NOT NULL PRIMARY KEY GENERATED BY DEFAULT AS IDENTITY, "status" varchar(50) NOT NULL, "run_time" timestamp with time zone NOT NULL, "duration" numeric(15, 2) NULL, "started" numeric(15, 2) NULL, "finished" numeric(15, 2) NULL, "exception" varchar(1000) NULL, "traceback" text NULL, "job_id" integer NOT NULL); (params None)
2025-11-10 18:13:25 [schema DEBUG] CREATE INDEX "django_apscheduler_djangojob_name_aad859bf_like" ON "django_apscheduler_djangojob" ("name" varchar_pattern_ops); (params None)
2025-11-10 18:13:25 [schema DEBUG] CREATE INDEX "django_apscheduler_djangojob_next_run_time_2f022619" ON "django_apscheduler_djangojob" ("next_run_time"); (params None)
2025-11-10 18:13:25 [schema DEBUG] ALTER TABLE "django_apscheduler_djangojobexecution" ADD CONSTRAINT "django_apscheduler_d_job_id_daf5090a_fk_django_ap" FOREIGN KEY ("job_id") REFERENCES "django_apscheduler_djangojob" ("id") DEFERRABLE INITIALLY DEFERRED; (params None)
2025-11-10 18:13:25 [schema DEBUG] CREATE INDEX "django_apscheduler_djangojobexecution_run_time_16edd96b" ON "django_apscheduler_djangojobexecution" ("run_time"); (params None)
2025-11-10 18:13:25 [schema DEBUG] CREATE INDEX "django_apscheduler_djangojobexecution_job_id_daf5090a" ON "django_apscheduler_djangojobexecution" ("job_id"); (params None)
2025-11-10 18:13:25 [schema DEBUG] ALTER TABLE "django_apscheduler_djangojob" ALTER COLUMN "next_run_time" DROP NOT NULL; (params None)
2025-11-10 18:13:25 [schema DEBUG] SET CONSTRAINTS "django_apscheduler_d_job_id_daf5090a_fk_django_ap" IMMEDIATE; ALTER TABLE "django_apscheduler_djangojobexecution" DROP CONSTRAINT "django_apscheduler_d_job_id_daf5090a_fk_django_ap"; (params None)
2025-11-10 18:13:25 [schema DEBUG] ALTER TABLE "django_apscheduler_djangojob" ALTER COLUMN "id" DROP IDENTITY IF EXISTS; (params None)
2025-11-10 18:13:25 [schema DEBUG] ALTER TABLE "django_apscheduler_djangojob" ALTER COLUMN "id" TYPE varchar(255) USING "id"::varchar(255); (params None)
2025-11-10 18:13:25 [schema DEBUG] ALTER TABLE "django_apscheduler_djangojobexecution" ALTER COLUMN "job_id" TYPE varchar(255) USING "job_id"::varchar(255); (params None)
2025-11-10 18:13:25 [schema DEBUG] ALTER TABLE "django_apscheduler_djangojobexecution" ADD CONSTRAINT "django_apscheduler_djangojobexecution_job_id_daf5090a_fk" FOREIGN KEY ("job_id") REFERENCES "django_apscheduler_djangojob" ("id") DEFERRABLE INITIALLY DEFERRED; (params None)
2025-11-10 18:13:25 [schema DEBUG] ALTER TABLE "django_apscheduler_djangojob" DROP COLUMN "name" CASCADE; (params None)
2025-11-10 18:13:25 [schema DEBUG] ALTER TABLE "django_apscheduler_djangojobexecution" ALTER COLUMN "id" TYPE bigint USING "id"::bigint; (params None)
2025-11-10 18:13:25 [schema DEBUG] ALTER SEQUENCE IF EXISTS "django_apscheduler_djangojobexecution_id_seq" AS bigint; (params None)
2025-11-10 18:13:25 [schema DEBUG] ALTER TABLE "django_apscheduler_djangojobexecution" DROP COLUMN "started" CASCADE; (params None)
2025-11-10 18:13:25 [schema DEBUG] ALTER TABLE "django_apscheduler_djangojobexecution" ADD CONSTRAINT "unique_job_executions" UNIQUE ("job_id", "run_time"); (params None)
2025-11-10 18:13:25 [schema DEBUG] CREATE TABLE "django_celery_beat_crontabschedule" ("id" integer NOT NULL PRIMARY KEY GENERATED BY DEFAULT AS IDENTITY, "minute" varchar(64) NOT NULL, "hour" varchar(64) NOT NULL, "day_of_week" varchar(64) NOT NULL, "day_of_month" varchar(64) NOT NULL, "month_of_year" varchar(64) NOT NULL); (params None)
2025-11-10 18:13:25 [schema DEBUG] CREATE TABLE "django_celery_beat_intervalschedule" ("id" integer NOT NULL PRIMARY KEY GENERATED BY DEFAULT AS IDENTITY, "every" integer NOT NULL, "period" varchar(24) NOT NULL); (params None)
2025-11-10 18:13:25 [schema DEBUG] CREATE TABLE "django_celery_beat_periodictask" ("id" integer NOT NULL PRIMARY KEY GENERATED BY DEFAULT AS IDENTITY, "name" varchar(200) NOT NULL UNIQUE, "task" varchar(200) NOT NULL, "args" text NOT NULL, "kwargs" text NOT NULL, "queue" varchar(200) NULL, "exchange" varchar(200) NULL, "routing_key" varchar(200) NULL, "expires" timestamp with time zone NULL, "enabled" boolean NOT NULL, "last_run_at" timestamp with time zone NULL, "total_run_count" integer NOT NULL CHECK ("total_run_count" >= 0), "date_changed" timestamp with time zone NOT NULL, "description" text NOT NULL, "crontab_id" integer NULL, "interval_id" integer NULL); (params None)
2025-11-10 18:13:25 [schema DEBUG] CREATE TABLE "django_celery_beat_periodictasks" ("ident" smallint NOT NULL PRIMARY KEY, "last_update" timestamp with time zone NOT NULL); (params None)
2025-11-10 18:13:25 [schema DEBUG] ALTER TABLE "django_celery_beat_periodictask" ADD CONSTRAINT "django_celery_beat_p_crontab_id_d3cba168_fk_django_ce" FOREIGN KEY ("crontab_id") REFERENCES "django_celery_beat_crontabschedule" ("id") DEFERRABLE INITIALLY DEFERRED; (params None)
2025-11-10 18:13:25 [schema DEBUG] ALTER TABLE "django_celery_beat_periodictask" ADD CONSTRAINT "django_celery_beat_p_interval_id_a8ca27da_fk_django_ce" FOREIGN KEY ("interval_id") REFERENCES "django_celery_beat_intervalschedule" ("id") DEFERRABLE INITIALLY DEFERRED; (params None)
2025-11-10 18:13:25 [schema DEBUG] CREATE INDEX "django_celery_beat_periodictask_name_265a36b7_like" ON "django_celery_beat_periodictask" ("name" varchar_pattern_ops); (params None)
2025-11-10 18:13:25 [schema DEBUG] CREATE INDEX "django_celery_beat_periodictask_crontab_id_d3cba168" ON "django_celery_beat_periodictask" ("crontab_id"); (params None)
2025-11-10 18:13:25 [schema DEBUG] CREATE INDEX "django_celery_beat_periodictask_interval_id_a8ca27da" ON "django_celery_beat_periodictask" ("interval_id"); (params None)
2025-11-10 18:13:25 [schema DEBUG] CREATE TABLE "django_celery_beat_solarschedule" ("id" integer NOT NULL PRIMARY KEY GENERATED BY DEFAULT AS IDENTITY, "event" varchar(24) NOT NULL, "latitude" numeric(9, 6) NOT NULL, "longitude" numeric(9, 6) NOT NULL); (params None)
2025-11-10 18:13:25 [schema DEBUG] ALTER TABLE "django_celery_beat_periodictask" ADD COLUMN "solar_id" integer NULL CONSTRAINT "django_celery_beat_p_solar_id_a87ce72c_fk_django_ce" REFERENCES "django_celery_beat_solarschedule"("id") DEFERRABLE INITIALLY DEFERRED; SET CONSTRAINTS "django_celery_beat_p_solar_id_a87ce72c_fk_django_ce" IMMEDIATE; (params None)
2025-11-10 18:13:25 [schema DEBUG] CREATE INDEX "django_celery_beat_periodictask_solar_id_a87ce72c" ON "django_celery_beat_periodictask" ("solar_id"); (params None)
2025-11-10 18:13:25 [schema DEBUG] ALTER TABLE "django_celery_beat_solarschedule" ADD CONSTRAINT "django_celery_beat_solar_event_latitude_longitude_ba64999a_uniq" UNIQUE ("event", "latitude", "longitude"); (params None)
2025-11-10 18:13:25 [schema DEBUG] ALTER TABLE "django_celery_beat_crontabschedule" ADD COLUMN "timezone" varchar(63) DEFAULT 'UTC' NOT NULL; (params None)
2025-11-10 18:13:25 [schema DEBUG] ALTER TABLE "django_celery_beat_crontabschedule" ALTER COLUMN "timezone" DROP DEFAULT; (params None)
2025-11-10 18:13:25 [schema DEBUG] ALTER TABLE "django_celery_beat_crontabschedule" ALTER COLUMN "day_of_month" TYPE varchar(124); (params None)
2025-11-10 18:13:25 [schema DEBUG] ALTER TABLE "django_celery_beat_crontabschedule" ALTER COLUMN "hour" TYPE varchar(96); (params None)
2025-11-10 18:13:25 [schema DEBUG] ALTER TABLE "django_celery_beat_crontabschedule" ALTER COLUMN "minute" TYPE varchar(240); (params None)
2025-11-10 18:13:25 [schema DEBUG] ALTER TABLE "django_celery_beat_periodictask" ADD COLUMN "one_off" boolean DEFAULT false NOT NULL; (params None)
2025-11-10 18:13:25 [schema DEBUG] ALTER TABLE "django_celery_beat_periodictask" ALTER COLUMN "one_off" DROP DEFAULT; (params None)
2025-11-10 18:13:25 [schema DEBUG] ALTER TABLE "django_celery_beat_periodictask" ADD COLUMN "start_time" timestamp with time zone NULL; (params None)
2025-11-10 18:13:25 [schema DEBUG] ALTER TABLE "django_celery_beat_periodictask" ADD COLUMN "priority" integer NULL CHECK ("priority" >= 0); (params None)
2025-11-10 18:13:25 [schema DEBUG] ALTER TABLE "django_celery_beat_periodictask" ADD COLUMN "headers" text DEFAULT '{}' NOT NULL; (params None)
2025-11-10 18:13:25 [schema DEBUG] ALTER TABLE "django_celery_beat_periodictask" ALTER COLUMN "headers" DROP DEFAULT; (params None)
2025-11-10 18:13:25 [schema DEBUG] CREATE TABLE "django_celery_beat_clockedschedule" ("id" integer NOT NULL PRIMARY KEY GENERATED BY DEFAULT AS IDENTITY, "clocked_time" timestamp with time zone NOT NULL, "enabled" boolean NOT NULL); (params None)
2025-11-10 18:13:25 [schema DEBUG] ALTER TABLE "django_celery_beat_periodictask" ADD COLUMN "clocked_id" integer NULL CONSTRAINT "django_celery_beat_p_clocked_id_47a69f82_fk_django_ce" REFERENCES "django_celery_beat_clockedschedule"("id") DEFERRABLE INITIALLY DEFERRED; SET CONSTRAINTS "django_celery_beat_p_clocked_id_47a69f82_fk_django_ce" IMMEDIATE; (params None)
2025-11-10 18:13:25 [schema DEBUG] CREATE INDEX "django_celery_beat_periodictask_clocked_id_47a69f82" ON "django_celery_beat_periodictask" ("clocked_id"); (params None)
2025-11-10 18:13:25 [schema DEBUG] ALTER TABLE "django_celery_beat_periodictask" ADD COLUMN "expire_seconds" integer NULL CHECK ("expire_seconds" >= 0); (params None)
2025-11-10 18:13:25 [schema DEBUG] ALTER TABLE "django_celery_beat_clockedschedule" DROP COLUMN "enabled" CASCADE; (params None)
2025-11-10 18:13:25 [schema DEBUG] CREATE TABLE "embedding" ("id" varchar(128) NOT NULL PRIMARY KEY, "source_id" varchar(128) NOT NULL, "source_type" varchar(5) NOT NULL, "is_active" boolean NOT NULL, "embedding" vector NOT NULL, "meta" jsonb NOT NULL, "dataset_id" uuid NOT NULL, "document_id" uuid NOT NULL, "paragraph_id" uuid NOT NULL); (params None)
2025-11-11 09:08:22 [schema DEBUG] CREATE TABLE "embedding" ("id" varchar(128) NOT NULL PRIMARY KEY, "source_id" varchar(128) NOT NULL, "source_type" varchar(5) NOT NULL, "is_active" boolean NOT NULL, "embedding" vector NOT NULL, "meta" jsonb NOT NULL, "dataset_id" uuid NOT NULL, "document_id" uuid NOT NULL, "paragraph_id" uuid NOT NULL); (params None)
2025-11-11 09:19:46 [schema DEBUG] CREATE TABLE "embedding" ("id" varchar(128) NOT NULL PRIMARY KEY, "source_id" varchar(128) NOT NULL, "source_type" varchar(5) NOT NULL, "is_active" boolean NOT NULL, "embedding" vector NOT NULL, "meta" jsonb NOT NULL, "dataset_id" uuid NOT NULL, "document_id" uuid NOT NULL, "paragraph_id" uuid NOT NULL); (params None)
2025-11-11 09:25:26 [schema DEBUG] CREATE TABLE "embedding" ("id" varchar(128) NOT NULL PRIMARY KEY, "source_id" varchar(128) NOT NULL, "source_type" varchar(5) NOT NULL, "is_active" boolean NOT NULL, "embedding" vector NOT NULL, "meta" jsonb NOT NULL, "dataset_id" uuid NOT NULL, "document_id" uuid NOT NULL, "paragraph_id" uuid NOT NULL); (params None)
2025-11-11 09:41:28 [schema DEBUG] CREATE TABLE "embedding" ("id" varchar(128) NOT NULL PRIMARY KEY, "source_id" varchar(128) NOT NULL, "source_type" varchar(5) NOT NULL, "is_active" boolean NOT NULL, "embedding" vector NOT NULL, "meta" jsonb NOT NULL, "dataset_id" uuid NOT NULL, "document_id" uuid NOT NULL, "paragraph_id" uuid NOT NULL); (params None)
2025-11-11 09:41:28 [schema DEBUG] ALTER TABLE "embedding" ADD CONSTRAINT "embedding_source_id_source_type_065223a0_uniq" UNIQUE ("source_id", "source_type"); (params None)
2025-11-11 09:41:28 [schema DEBUG] CREATE INDEX "embedding_id_f61adc5f_like" ON "embedding" ("id" varchar_pattern_ops); (params None)
2025-11-11 09:41:28 [schema DEBUG] CREATE INDEX "embedding_dataset_id_bb1b38ca" ON "embedding" ("dataset_id"); (params None)
2025-11-11 09:41:28 [schema DEBUG] CREATE INDEX "embedding_document_id_3c89d1f3" ON "embedding" ("document_id"); (params None)
2025-11-11 09:41:28 [schema DEBUG] CREATE INDEX "embedding_paragraph_id_9f39681c" ON "embedding" ("paragraph_id"); (params None)
2025-11-11 09:41:28 [schema DEBUG] ALTER TABLE "embedding" ADD COLUMN "search_vector" tsvector DEFAULT '' NOT NULL; (params None)
2025-11-11 09:41:28 [schema DEBUG] ALTER TABLE "embedding" ALTER COLUMN "search_vector" DROP DEFAULT; (params None)
2025-11-11 09:41:28 [schema DEBUG] ALTER TABLE "embedding" DROP CONSTRAINT "embedding_source_id_source_type_065223a0_uniq"; (params None)
2025-11-11 09:41:28 [schema DEBUG] ALTER TABLE "user" ADD COLUMN "create_time" timestamp with time zone DEFAULT '2025-11-11T01:41:28.311162+00:00'::timestamptz NULL; (params None)
2025-11-11 09:41:28 [schema DEBUG] ALTER TABLE "user" ALTER COLUMN "create_time" DROP DEFAULT; (params None)
2025-11-11 09:41:28 [schema DEBUG] ALTER TABLE "user" ADD COLUMN "update_time" timestamp with time zone DEFAULT '2025-11-11T01:41:28.317323+00:00'::timestamptz NULL; (params None)
2025-11-11 09:41:28 [schema DEBUG] ALTER TABLE "user" ALTER COLUMN "update_time" DROP DEFAULT; (params None)
2025-11-11 09:41:28 [schema DEBUG] ALTER TABLE "user" ADD COLUMN "source" varchar(10) DEFAULT 'LOCAL' NOT NULL; (params None)
2025-11-11 09:41:28 [schema DEBUG] ALTER TABLE "user" ALTER COLUMN "source" DROP DEFAULT; (params None)
2025-11-11 09:41:28 [schema DEBUG] ALTER TABLE "user" ALTER COLUMN "email" DROP NOT NULL; (params None)
2025-11-11 09:41:28 [schema DEBUG] CREATE TABLE "function_lib" ("create_time" timestamp with time zone NOT NULL, "update_time" timestamp with time zone NOT NULL, "id" uuid NOT NULL PRIMARY KEY, "name" varchar(64) NOT NULL, "desc" varchar(128) NOT NULL, "code" varchar(102400) NOT NULL, "input_field_list" jsonb[] NOT NULL, "user_id" uuid NOT NULL); (params None)
2025-11-11 09:41:28 [schema DEBUG] ALTER TABLE "function_lib" ADD CONSTRAINT "function_lib_user_id_99555da0_fk_user_id" FOREIGN KEY ("user_id") REFERENCES "user" ("id") DEFERRABLE INITIALLY DEFERRED; (params None)
2025-11-11 09:41:28 [schema DEBUG] CREATE INDEX "function_lib_user_id_99555da0" ON "function_lib" ("user_id"); (params None)
2025-11-11 09:41:28 [schema DEBUG] ALTER TABLE "function_lib" ADD COLUMN "is_active" boolean DEFAULT true NOT NULL; (params None)
2025-11-11 09:41:28 [schema DEBUG] ALTER TABLE "function_lib" ALTER COLUMN "is_active" DROP DEFAULT; (params None)
2025-11-11 09:41:28 [schema DEBUG] ALTER TABLE "function_lib" ADD COLUMN "permission_type" varchar(20) DEFAULT 'PRIVATE' NOT NULL; (params None)
2025-11-11 09:41:28 [schema DEBUG] ALTER TABLE "function_lib" ALTER COLUMN "permission_type" DROP DEFAULT; (params None)
2025-11-11 09:41:28 [schema DEBUG] ALTER TABLE "model" ADD COLUMN "model_params_form" jsonb DEFAULT '[]' NOT NULL; (params None)
2025-11-11 09:41:28 [schema DEBUG] ALTER TABLE "model" ALTER COLUMN "model_params_form" DROP DEFAULT; (params None)
2025-11-11 09:41:28 [schema DEBUG] CREATE TABLE "setting_modelparam" ("id" bigint NOT NULL PRIMARY KEY GENERATED BY DEFAULT AS IDENTITY, "label" varchar(128) NOT NULL, "field" varchar(256) NOT NULL, "default_value" varchar(1000) NOT NULL, "input_type" varchar(32) NOT NULL, "attrs" jsonb NOT NULL, "required" boolean NOT NULL); (params None)
2025-11-11 09:41:28 [schema DEBUG] 
UPDATE "public"."model" 
SET "model_params_form" = '[{"attrs": {"max": 1, "min": 0.1, "step": 0.01, "precision": 2, "show-input": true, "show-input-controls": false}, "field": "temperature", "label": {"attrs": {"tooltip": "较高的数值会使输出更加随机，而较低的数值会使其更加集中和确定"}, "label": "温度", "input_type": "TooltipLabel", "props_info": {}}, "required": true, "input_type": "Slider", "props_info": {}, "trigger_type": "OPTION_LIST", "default_value": 0.5, "relation_show_field_dict": {}, "relation_trigger_field_dict": {}}, {"attrs": {"max": 100000, "min": 1, "step": 1, "precision": 0, "show-input": true, "show-input-controls": false}, "field": "max_tokens", "label": {"attrs": {"tooltip": "指定模型可生成的最大token个数"}, "label": "输出最大Tokens", "input_type": "TooltipLabel", "props_info": {}}, "required": true, "input_type": "Slider", "props_info": {}, "trigger_type": "OPTION_LIST", "default_value": 4096, "relation_show_field_dict": {}, "relation_trigger_field_dict": {}}]'
WHERE jsonb_array_length(model_params_form)=0
; (params None)
2025-11-11 09:41:28 [schema DEBUG] ALTER TABLE "user" ADD COLUMN "language" varchar(10) NULL; (params None)
2025-11-12 17:12:48 [log WARNING] Not Found: /
2025-11-12 17:12:48 [basehttp WARNING] "GET / HTTP/1.1" 404 15
2025-11-12 17:12:48 [log WARNING] Not Found: /favicon.ico
2025-11-12 17:12:48 [basehttp WARNING] "GET /favicon.ico HTTP/1.1" 404 15
2025-11-12 17:15:26 [log WARNING] Unauthorized: /api/user
2025-11-12 17:15:26 [basehttp WARNING] "GET /api/user HTTP/1.1" 401 56
2025-11-12 17:15:26 [basehttp INFO] "GET /api/profile HTTP/1.1" 200 114
2025-11-12 17:15:32 [basehttp INFO] "POST /api/user/login HTTP/1.1" 200 217
2025-11-12 17:15:32 [basehttp INFO] "GET /api/user HTTP/1.1" 200 496
2025-11-12 17:15:32 [basehttp INFO] "GET /api/profile HTTP/1.1" 200 114
2025-11-12 17:15:32 [basehttp INFO] "GET /api/user/list/APPLICATION HTTP/1.1" 200 145
2025-11-12 17:15:32 [basehttp INFO] "GET /api/application/1/30 HTTP/1.1" 200 98
2025-11-12 17:15:36 [basehttp INFO] "GET /api/model?model_type=EMBEDDING HTTP/1.1" 200 367
2025-11-12 17:15:36 [basehttp INFO] "GET /api/dataset/1/30 HTTP/1.1" 200 98
2025-11-13 09:08:24 [log WARNING] Not Found: /api/OpenAIChat
2025-11-13 09:08:24 [basehttp WARNING] "GET /api/OpenAIChat HTTP/1.1" 404 72
2025-11-13 09:08:35 [log WARNING] Not Found: /api/OpenAiChat
2025-11-13 09:08:35 [basehttp WARNING] "GET /api/OpenAiChat HTTP/1.1" 404 72
2025-11-13 09:08:41 [log WARNING] Not Found: /api/OpenAichat
2025-11-13 09:08:41 [basehttp WARNING] "GET /api/OpenAichat HTTP/1.1" 404 72
2025-11-13 09:11:40 [log WARNING] Not Found: /api/chat_workflow/open
2025-11-13 09:11:40 [basehttp WARNING] "GET /api/chat_workflow/open HTTP/1.1" 404 72
2025-11-13 09:12:15 [log WARNING] Not Found: /OpenAIchat
2025-11-13 09:12:15 [basehttp WARNING] "GET /OpenAIchat HTTP/1.1" 404 15
2025-11-13 09:15:26 [log WARNING] Not Found: /OpenAIchat
2025-11-13 09:15:26 [basehttp WARNING] "GET /OpenAIchat HTTP/1.1" 404 15
2025-11-13 09:15:46 [log WARNING] Not Found: /api/OpenAIchat
2025-11-13 09:15:46 [basehttp WARNING] "POST /api/OpenAIchat HTTP/1.1" 404 72
2025-11-13 09:16:33 [log WARNING] Not Found: /chat_workflow/open
2025-11-13 09:16:33 [basehttp WARNING] "POST /chat_workflow/open HTTP/1.1" 404 15
2025-11-13 09:16:40 [log WARNING] Not Found: /api/chat_workflow/open
2025-11-13 09:16:40 [basehttp WARNING] "POST /api/chat_workflow/open HTTP/1.1" 404 72
2025-11-13 09:17:08 [log WARNING] Unauthorized: /api/user
2025-11-13 09:17:08 [basehttp WARNING] "GET /api/user HTTP/1.1" 401 56
2025-11-13 09:17:08 [basehttp INFO] "GET /api/profile HTTP/1.1" 200 114
2025-11-13 09:17:13 [basehttp INFO] "POST /api/user/login HTTP/1.1" 200 217
2025-11-13 09:17:13 [basehttp INFO] "GET /api/user HTTP/1.1" 200 496
2025-11-13 09:17:13 [basehttp INFO] "GET /api/profile HTTP/1.1" 200 114
2025-11-13 09:17:13 [basehttp INFO] "GET /api/user/list/APPLICATION HTTP/1.1" 200 145
2025-11-13 09:17:13 [basehttp INFO] "GET /api/application/1/30 HTTP/1.1" 200 98
2025-11-13 09:17:15 [basehttp INFO] "GET /api/model?model_type=EMBEDDING HTTP/1.1" 200 367
2025-11-13 09:17:15 [basehttp INFO] "GET /api/dataset/1/30 HTTP/1.1" 200 98
2025-11-13 09:18:32 [basehttp INFO] "GET /api/valid/application/5 HTTP/1.1" 200 49
2025-11-13 09:19:08 [basehttp INFO] "GET /api/user/list/DATASET HTTP/1.1" 200 145
2025-11-13 09:19:08 [basehttp INFO] "GET /api/dataset/1/30 HTTP/1.1" 200 98
2025-11-13 09:20:34 [log WARNING] Not Found: /api/chat_workflow/open
2025-11-13 09:20:34 [basehttp WARNING] "POST /api/chat_workflow/open HTTP/1.1" 404 72
2025-11-13 09:20:45 [log WARNING] Not Found: /api/OpenAIchat
2025-11-13 09:20:45 [basehttp WARNING] "POST /api/OpenAIchat HTTP/1.1" 404 72
2025-11-13 09:23:03 [basehttp INFO] "POST /api/OpenAIchat HTTP/1.1" 200 176
2025-11-13 09:23:49 [basehttp INFO] "POST /api/OpenAIchat HTTP/1.1" 200 176
2025-11-13 09:24:09 [basehttp INFO] "POST /api/OpenAIchat HTTP/1.1" 200 176
2025-11-13 09:35:48 [log ERROR] Internal Server Error: /api/OpenAIchat
2025-11-13 09:35:48 [basehttp ERROR] "POST /api/OpenAIchat HTTP/1.1" 500 37
2025-11-13 09:37:58 [basehttp INFO] "POST /api/OpenAIchat HTTP/1.1" 200 6885
2025-11-13 09:41:01 [basehttp INFO] "GET /api/user/list/APPLICATION HTTP/1.1" 200 145
2025-11-13 09:41:01 [basehttp INFO] "GET /api/application/1/30 HTTP/1.1" 200 98
2025-11-13 09:47:57 [basehttp INFO] "GET /api/user HTTP/1.1" 200 496
2025-11-13 09:47:57 [basehttp INFO] "GET /api/profile HTTP/1.1" 200 114
2025-11-13 09:47:58 [basehttp INFO] "GET /api/user/list/APPLICATION HTTP/1.1" 200 145
2025-11-13 09:47:58 [basehttp INFO] "GET /api/application/1/30 HTTP/1.1" 200 98
2025-11-13 09:48:57 [basehttp INFO] "GET /api/user/list/APPLICATION HTTP/1.1" 200 145
2025-11-13 09:48:57 [basehttp INFO] "GET /api/application/1/30 HTTP/1.1" 200 98
2025-11-13 09:49:18 [basehttp INFO] "GET /api/user/list/APPLICATION HTTP/1.1" 200 145
2025-11-13 09:49:18 [basehttp INFO] "GET /api/application/1/30 HTTP/1.1" 200 98
2025-11-13 10:05:47 [basehttp INFO] "POST /api/OpenAIchat HTTP/1.1" 200 66
2025-11-13 10:06:25 [basehttp INFO] "POST /api/OpenAIchat HTTP/1.1" 200 66
2025-11-13 10:14:55 [basehttp INFO] "POST /api/OpenAIchat HTTP/1.1" 200 6884
2025-11-13 10:24:17 [basehttp INFO] "POST /api/OpenAIchat HTTP/1.1" 200 65068
2025-11-13 10:39:15 [basehttp INFO] "GET /api/user HTTP/1.1" 200 496
2025-11-13 10:39:15 [basehttp INFO] "GET /api/profile HTTP/1.1" 200 114
2025-11-13 10:39:15 [basehttp INFO] "GET /api/user/list/APPLICATION HTTP/1.1" 200 145
2025-11-13 10:39:16 [basehttp INFO] "GET /api/application/1/30 HTTP/1.1" 200 98
2025-11-13 10:39:40 [basehttp INFO] "GET /api/user HTTP/1.1" 200 496
2025-11-13 10:39:40 [basehttp INFO] "GET /api/profile HTTP/1.1" 200 114
2025-11-13 10:39:41 [basehttp INFO] "GET /api/user/list/APPLICATION HTTP/1.1" 200 145
2025-11-13 10:39:41 [basehttp INFO] "GET /api/application/1/30 HTTP/1.1" 200 98
2025-11-13 10:40:43 [basehttp INFO] "POST /api/OpenAIchat HTTP/1.1" 200 7163
2025-11-13 10:42:02 [basehttp INFO] "POST /api/OpenAIchat HTTP/1.1" 200 236444
2025-11-13 11:03:19 [basehttp INFO] "POST /api/OpenAIchat HTTP/1.1" 200 197742
2025-11-13 11:12:00 [basehttp INFO] "GET /api/model?model_type=EMBEDDING HTTP/1.1" 200 367
2025-11-13 11:12:00 [basehttp INFO] "GET /api/dataset/1/30 HTTP/1.1" 200 98
2025-11-13 11:19:55 [basehttp INFO] "POST /api/OpenAIchat HTTP/1.1" 200 44
2025-11-13 11:21:16 [basehttp INFO] "POST /api/OpenAIchat HTTP/1.1" 200 44
2025-11-13 11:24:49 [basehttp INFO] "GET /api/user HTTP/1.1" 200 496
2025-11-13 11:24:49 [basehttp INFO] "GET /api/profile HTTP/1.1" 200 114
2025-11-13 11:24:49 [basehttp INFO] "GET /api/user/list/APPLICATION HTTP/1.1" 200 145
2025-11-13 11:24:49 [basehttp INFO] "GET /api/application/1/30 HTTP/1.1" 200 98
2025-11-13 11:27:12 [basehttp INFO] "POST /api/OpenAIchat HTTP/1.1" 200 44
2025-11-13 11:27:56 [basehttp INFO] "POST /api/OpenAIchat HTTP/1.1" 200 44
2025-11-13 11:28:23 [basehttp INFO] "GET /api/user HTTP/1.1" 200 496
2025-11-13 11:28:23 [basehttp INFO] "GET /api/profile HTTP/1.1" 200 114
2025-11-13 11:28:24 [basehttp INFO] "GET /api/user/list/APPLICATION HTTP/1.1" 200 145
2025-11-13 11:28:24 [basehttp INFO] "GET /api/application/1/30 HTTP/1.1" 200 98
2025-11-13 11:28:29 [basehttp INFO] "POST /api/OpenAIchat HTTP/1.1" 200 44
2025-11-13 11:28:38 [basehttp INFO] "GET /api/user HTTP/1.1" 200 496
2025-11-13 11:28:38 [basehttp INFO] "GET /api/profile HTTP/1.1" 200 114
2025-11-13 11:28:38 [basehttp INFO] "GET /api/user/list/APPLICATION HTTP/1.1" 200 145
2025-11-13 11:28:38 [basehttp INFO] "GET /api/application/1/30 HTTP/1.1" 200 98
2025-11-13 11:31:19 [basehttp INFO] "POST /api/OpenAIchat HTTP/1.1" 200 44
2025-11-13 11:33:19 [basehttp INFO] "GET /api/dataset/1/30 HTTP/1.1" 200 98
2025-11-13 11:33:19 [basehttp INFO] "GET /api/model?model_type=EMBEDDING HTTP/1.1" 200 367
2025-11-13 11:34:46 [basehttp INFO] "GET /api/user HTTP/1.1" 200 496
2025-11-13 11:34:46 [basehttp INFO] "GET /api/profile HTTP/1.1" 200 114
2025-11-13 11:34:46 [basehttp INFO] "GET /api/user/list/APPLICATION HTTP/1.1" 200 145
2025-11-13 11:34:46 [basehttp INFO] "GET /api/application/1/30 HTTP/1.1" 200 98
2025-11-13 11:36:06 [basehttp INFO] "POST /api/OpenAIchat HTTP/1.1" 200 44
2025-11-13 11:47:22 [basehttp INFO] "GET /api/model?model_type=EMBEDDING HTTP/1.1" 200 367
2025-11-13 11:47:22 [basehttp INFO] "GET /api/dataset/1/30 HTTP/1.1" 200 98
2025-11-13 11:47:32 [basehttp INFO] "POST /api/OpenAIchat HTTP/1.1" 200 44
2025-11-13 11:55:01 [basehttp INFO] "POST /api/OpenAIchat HTTP/1.1" 200 44
2025-11-13 13:44:02 [basehttp INFO] "GET /api/user HTTP/1.1" 200 496
2025-11-13 13:44:02 [basehttp INFO] "GET /api/profile HTTP/1.1" 200 114
2025-11-13 13:44:03 [basehttp INFO] "GET /api/user/list/APPLICATION HTTP/1.1" 200 145
2025-11-13 13:44:03 [basehttp INFO] "GET /api/application/1/30 HTTP/1.1" 200 98
2025-11-13 13:44:15 [basehttp INFO] "GET /api/user/list/APPLICATION HTTP/1.1" 200 145
2025-11-13 13:44:15 [basehttp INFO] "GET /api/application/1/30 HTTP/1.1" 200 98
2025-11-13 13:46:53 [basehttp INFO] "POST /api/OpenAIchat HTTP/1.1" 200 44
2025-11-13 13:47:25 [basehttp INFO] "GET /api/user HTTP/1.1" 200 496
2025-11-13 13:47:25 [basehttp INFO] "GET /api/profile HTTP/1.1" 200 114
2025-11-13 13:47:26 [basehttp INFO] "GET /api/user/list/APPLICATION HTTP/1.1" 200 145
2025-11-13 13:47:26 [basehttp INFO] "GET /api/application/1/30 HTTP/1.1" 200 98
2025-11-13 13:47:33 [basehttp INFO] "GET /api/model?model_type=EMBEDDING HTTP/1.1" 200 367
2025-11-13 13:47:33 [basehttp INFO] "GET /api/dataset/1/30 HTTP/1.1" 200 98
2025-11-13 13:47:41 [basehttp INFO] "POST /api/OpenAIchat HTTP/1.1" 200 44
2025-11-13 13:49:03 [basehttp INFO] "POST /api/OpenAIchat HTTP/1.1" 200 44
2025-11-13 13:49:07 [basehttp INFO] "POST /api/application/import HTTP/1.1" 200 49
2025-11-13 13:49:07 [basehttp INFO] "GET /api/application/1/30 HTTP/1.1" 200 307155
2025-11-13 13:49:19 [basehttp INFO] "GET /api/user HTTP/1.1" 200 670
2025-11-13 13:49:19 [basehttp INFO] "GET /api/profile HTTP/1.1" 200 114
2025-11-13 13:49:20 [basehttp INFO] "GET /api/user/list/APPLICATION HTTP/1.1" 200 145
2025-11-13 13:49:20 [basehttp INFO] "GET /api/application/1/30 HTTP/1.1" 200 307155
2025-11-13 13:49:24 [basehttp INFO] "GET /api/application/78649c1a-c054-11f0-93aa-dc567bb1e9dc/access_token HTTP/1.1" 200 258
2025-11-13 13:49:24 [basehttp INFO] "GET /api/application HTTP/1.1" 200 307104
2025-11-13 13:49:24 [basehttp INFO] "GET /api/application/78649c1a-c054-11f0-93aa-dc567bb1e9dc HTTP/1.1" 200 307107
2025-11-13 13:49:24 [basehttp INFO] "GET /api/application/78649c1a-c054-11f0-93aa-dc567bb1e9dc/statistics/chat_record_aggregate_trend?start_time=2025-11-06&end_time=2025-11-13 HTTP/1.1" 200 1189
2025-11-13 13:49:26 [basehttp INFO] "GET /api/application/78649c1a-c054-11f0-93aa-dc567bb1e9dc/function_lib HTTP/1.1" 200 23635
2025-11-13 13:49:26 [basehttp INFO] "GET /api/application/78649c1a-c054-11f0-93aa-dc567bb1e9dc/application HTTP/1.1" 200 47
2025-11-13 13:49:26 [basehttp INFO] "GET /api/application/78649c1a-c054-11f0-93aa-dc567bb1e9dc HTTP/1.1" 200 307107
2025-11-13 13:49:33 [basehttp INFO] "GET /api/application/78649c1a-c054-11f0-93aa-dc567bb1e9dc/model?model_type=TTS HTTP/1.1" 200 47
2025-11-13 13:49:33 [basehttp INFO] "GET /api/application/78649c1a-c054-11f0-93aa-dc567bb1e9dc/model HTTP/1.1" 200 47
2025-11-13 13:49:33 [basehttp INFO] "GET /api/application/78649c1a-c054-11f0-93aa-dc567bb1e9dc/model?model_type=IMAGE HTTP/1.1" 200 47
2025-11-13 13:49:33 [basehttp INFO] "GET /api/application/78649c1a-c054-11f0-93aa-dc567bb1e9dc/function_lib/0bf06a52-6b53-11f0-9627-beb85ef1615f HTTP/1.1" 200 4777
2025-11-13 13:49:33 [basehttp INFO] "GET /api/application/78649c1a-c054-11f0-93aa-dc567bb1e9dc/model?model_type=STT HTTP/1.1" 200 47
2025-11-13 13:49:33 [basehttp INFO] "GET /api/application/78649c1a-c054-11f0-93aa-dc567bb1e9dc/list_dataset HTTP/1.1" 200 47
2025-11-13 13:49:33 [basehttp INFO] "GET /api/application/78649c1a-c054-11f0-93aa-dc567bb1e9dc/function_lib/83d696ae-7369-11f0-a3e2-beb85ef1615f HTTP/1.1" 200 10446
2025-11-13 13:49:33 [basehttp INFO] "GET /api/application/78649c1a-c054-11f0-93aa-dc567bb1e9dc/function_lib/ad3071a0-7d73-11f0-a8b2-1a8538159feb HTTP/1.1" 200 1144
2025-11-13 13:49:33 [basehttp INFO] "GET /api/application/78649c1a-c054-11f0-93aa-dc567bb1e9dc/function_lib/cf5c8c82-8890-11f0-907b-4a61bd723f2e HTTP/1.1" 200 4753
2025-11-13 13:49:33 [basehttp INFO] "GET /api/application/78649c1a-c054-11f0-93aa-dc567bb1e9dc/function_lib/aae6b7a8-8a32-11f0-a013-3efe430cb7c4 HTTP/1.1" 200 2685
2025-11-13 13:49:33 [basehttp INFO] "GET /api/provider HTTP/1.1" 200 286468
2025-11-13 13:49:33 [basehttp INFO] "GET /api/application/78649c1a-c054-11f0-93aa-dc567bb1e9dc/model HTTP/1.1" 200 47
2025-11-13 13:49:33 [basehttp INFO] "GET /api/application/78649c1a-c054-11f0-93aa-dc567bb1e9dc/model?model_type=IMAGE HTTP/1.1" 200 47
2025-11-13 13:49:33 [basehttp INFO] "GET /api/application/78649c1a-c054-11f0-93aa-dc567bb1e9dc/list_dataset HTTP/1.1" 200 47
2025-11-13 13:49:33 [basehttp INFO] "GET /api/provider HTTP/1.1" 200 286468
2025-11-13 13:49:34 [basehttp INFO] "GET /api/application/78649c1a-c054-11f0-93aa-dc567bb1e9dc/model HTTP/1.1" 200 47
2025-11-13 13:49:34 [basehttp INFO] "GET /api/application/78649c1a-c054-11f0-93aa-dc567bb1e9dc/list_dataset HTTP/1.1" 200 47
2025-11-13 13:49:34 [basehttp INFO] "GET /api/provider HTTP/1.1" 200 286468
2025-11-13 13:49:34 [basehttp INFO] "GET /api/application/78649c1a-c054-11f0-93aa-dc567bb1e9dc/model HTTP/1.1" 200 47
2025-11-13 13:49:34 [basehttp INFO] "GET /api/provider HTTP/1.1" 200 286468
2025-11-13 13:49:34 [basehttp INFO] "GET /api/application/78649c1a-c054-11f0-93aa-dc567bb1e9dc/list_dataset HTTP/1.1" 200 47
2025-11-13 13:49:34 [basehttp INFO] "GET /api/application/78649c1a-c054-11f0-93aa-dc567bb1e9dc/model HTTP/1.1" 200 47
2025-11-13 13:49:34 [basehttp INFO] "GET /api/application/78649c1a-c054-11f0-93aa-dc567bb1e9dc/list_dataset HTTP/1.1" 200 47
2025-11-13 13:49:34 [basehttp INFO] "GET /api/provider HTTP/1.1" 200 286468
2025-11-13 13:49:34 [basehttp INFO] "GET /api/application/78649c1a-c054-11f0-93aa-dc567bb1e9dc/model HTTP/1.1" 200 47
2025-11-13 13:49:34 [basehttp INFO] "GET /api/application/78649c1a-c054-11f0-93aa-dc567bb1e9dc/list_dataset HTTP/1.1" 200 47
2025-11-13 13:49:34 [basehttp INFO] "GET /api/provider HTTP/1.1" 200 286468
2025-11-13 13:49:34 [basehttp INFO] "GET /api/application/78649c1a-c054-11f0-93aa-dc567bb1e9dc/model HTTP/1.1" 200 47
2025-11-13 13:49:34 [basehttp INFO] "GET /api/application/78649c1a-c054-11f0-93aa-dc567bb1e9dc/list_dataset HTTP/1.1" 200 47
2025-11-13 13:49:34 [basehttp INFO] "GET /api/provider HTTP/1.1" 200 286468
2025-11-13 13:49:34 [basehttp INFO] "GET /api/application/78649c1a-c054-11f0-93aa-dc567bb1e9dc/model HTTP/1.1" 200 47
2025-11-13 13:49:34 [basehttp INFO] "GET /api/provider HTTP/1.1" 200 286468
2025-11-13 13:49:34 [basehttp INFO] "GET /api/application/78649c1a-c054-11f0-93aa-dc567bb1e9dc/list_dataset HTTP/1.1" 200 47
2025-11-13 13:49:34 [basehttp INFO] "GET /api/application/78649c1a-c054-11f0-93aa-dc567bb1e9dc/model HTTP/1.1" 200 47
2025-11-13 13:49:34 [basehttp INFO] "GET /api/provider HTTP/1.1" 200 286468
2025-11-13 13:49:34 [basehttp INFO] "GET /api/application/78649c1a-c054-11f0-93aa-dc567bb1e9dc/list_dataset HTTP/1.1" 200 47
2025-11-13 13:49:34 [basehttp INFO] "GET /api/application/78649c1a-c054-11f0-93aa-dc567bb1e9dc/model HTTP/1.1" 200 47
2025-11-13 13:49:34 [basehttp INFO] "GET /api/application/78649c1a-c054-11f0-93aa-dc567bb1e9dc/model HTTP/1.1" 200 47
2025-11-13 13:49:34 [basehttp INFO] "GET /api/application/78649c1a-c054-11f0-93aa-dc567bb1e9dc/list_dataset HTTP/1.1" 200 47
2025-11-13 13:49:34 [basehttp INFO] "GET /api/application/78649c1a-c054-11f0-93aa-dc567bb1e9dc/list_dataset HTTP/1.1" 200 47
2025-11-13 13:49:34 [basehttp INFO] "GET /api/application/78649c1a-c054-11f0-93aa-dc567bb1e9dc/model HTTP/1.1" 200 47
2025-11-13 13:49:34 [basehttp INFO] "GET /api/provider HTTP/1.1" 200 286468
2025-11-13 13:49:34 [basehttp INFO] "GET /api/provider HTTP/1.1" 200 286468
2025-11-13 13:49:34 [basehttp INFO] "GET /api/application/78649c1a-c054-11f0-93aa-dc567bb1e9dc/model HTTP/1.1" 200 47
2025-11-13 13:49:34 [basehttp INFO] "GET /api/application/78649c1a-c054-11f0-93aa-dc567bb1e9dc/list_dataset HTTP/1.1" 200 47
2025-11-13 13:49:34 [basehttp INFO] "GET /api/provider HTTP/1.1" 200 286468
2025-11-13 13:49:34 [basehttp INFO] "GET /api/application/78649c1a-c054-11f0-93aa-dc567bb1e9dc/list_dataset HTTP/1.1" 200 47
2025-11-13 13:49:34 [basehttp INFO] "GET /api/application/78649c1a-c054-11f0-93aa-dc567bb1e9dc/model HTTP/1.1" 200 47
2025-11-13 13:49:35 [basehttp INFO] "GET /api/application/78649c1a-c054-11f0-93aa-dc567bb1e9dc/list_dataset HTTP/1.1" 200 47
2025-11-13 13:49:35 [basehttp INFO] "GET /api/application/78649c1a-c054-11f0-93aa-dc567bb1e9dc/model HTTP/1.1" 200 47
2025-11-13 13:49:35 [basehttp INFO] "GET /api/provider HTTP/1.1" 200 286468
2025-11-13 13:49:35 [basehttp INFO] "GET /api/application/78649c1a-c054-11f0-93aa-dc567bb1e9dc/model HTTP/1.1" 200 47
2025-11-13 13:49:35 [basehttp INFO] "GET /api/provider HTTP/1.1" 200 286468
2025-11-13 13:49:35 [basehttp INFO] "GET /api/application/78649c1a-c054-11f0-93aa-dc567bb1e9dc/list_dataset HTTP/1.1" 200 47
2025-11-13 13:49:35 [basehttp INFO] "GET /api/application/78649c1a-c054-11f0-93aa-dc567bb1e9dc/model HTTP/1.1" 200 47
2025-11-13 13:49:35 [basehttp INFO] "GET /api/provider HTTP/1.1" 200 286468
2025-11-13 13:49:35 [basehttp INFO] "GET /api/application/78649c1a-c054-11f0-93aa-dc567bb1e9dc/list_dataset HTTP/1.1" 200 47
2025-11-13 13:49:35 [basehttp INFO] "GET /api/application/78649c1a-c054-11f0-93aa-dc567bb1e9dc/model HTTP/1.1" 200 47
2025-11-13 13:49:35 [basehttp INFO] "GET /api/application/78649c1a-c054-11f0-93aa-dc567bb1e9dc/list_dataset HTTP/1.1" 200 47
2025-11-13 13:49:35 [basehttp INFO] "GET /api/provider HTTP/1.1" 200 286468
2025-11-13 13:49:35 [basehttp INFO] "GET /api/provider HTTP/1.1" 200 286468
2025-11-13 13:49:35 [basehttp INFO] "GET /api/application/78649c1a-c054-11f0-93aa-dc567bb1e9dc/model HTTP/1.1" 200 47
2025-11-13 13:49:35 [basehttp INFO] "GET /api/application/78649c1a-c054-11f0-93aa-dc567bb1e9dc/model HTTP/1.1" 200 47
2025-11-13 13:49:35 [basehttp INFO] "GET /api/provider HTTP/1.1" 200 286468
2025-11-13 13:49:35 [basehttp INFO] "GET /api/provider HTTP/1.1" 200 286468
2025-11-13 13:49:35 [basehttp INFO] "GET /api/application/78649c1a-c054-11f0-93aa-dc567bb1e9dc/model HTTP/1.1" 200 47
2025-11-13 13:49:35 [basehttp INFO] "GET /api/provider HTTP/1.1" 200 286468
2025-11-13 13:49:35 [basehttp INFO] "GET /api/application/78649c1a-c054-11f0-93aa-dc567bb1e9dc/model HTTP/1.1" 200 47
2025-11-13 13:49:35 [basehttp INFO] "GET /api/provider HTTP/1.1" 200 286468
2025-11-13 13:49:35 [basehttp INFO] "GET /api/application/78649c1a-c054-11f0-93aa-dc567bb1e9dc/model HTTP/1.1" 200 47
2025-11-13 13:49:35 [basehttp INFO] "GET /api/application/78649c1a-c054-11f0-93aa-dc567bb1e9dc/model HTTP/1.1" 200 47
2025-11-13 13:49:35 [basehttp INFO] "GET /api/provider HTTP/1.1" 200 286468
2025-11-13 13:49:35 [basehttp INFO] "GET /api/provider HTTP/1.1" 200 286468
2025-11-13 13:49:35 [basehttp INFO] "GET /api/application/78649c1a-c054-11f0-93aa-dc567bb1e9dc/model HTTP/1.1" 200 47
2025-11-13 13:49:35 [basehttp INFO] "GET /api/application/78649c1a-c054-11f0-93aa-dc567bb1e9dc/model HTTP/1.1" 200 47
2025-11-13 13:49:35 [basehttp INFO] "GET /api/application/78649c1a-c054-11f0-93aa-dc567bb1e9dc/model HTTP/1.1" 200 47
2025-11-13 13:49:35 [basehttp INFO] "GET /api/provider HTTP/1.1" 200 286468
2025-11-13 13:49:36 [basehttp INFO] "GET /api/provider HTTP/1.1" 200 286468
2025-11-13 13:49:36 [basehttp INFO] "GET /api/application/78649c1a-c054-11f0-93aa-dc567bb1e9dc/model HTTP/1.1" 200 47
2025-11-13 13:49:36 [basehttp INFO] "GET /api/provider HTTP/1.1" 200 286468
2025-11-13 13:49:36 [basehttp INFO] "GET /api/application/78649c1a-c054-11f0-93aa-dc567bb1e9dc/model HTTP/1.1" 200 47
2025-11-13 13:49:36 [basehttp INFO] "GET /api/provider HTTP/1.1" 200 286468
2025-11-13 13:49:36 [basehttp INFO] "GET /api/application/78649c1a-c054-11f0-93aa-dc567bb1e9dc/model HTTP/1.1" 200 47
2025-11-13 13:49:36 [basehttp INFO] "GET /api/provider HTTP/1.1" 200 286468
2025-11-13 13:49:36 [basehttp INFO] "GET /api/application/78649c1a-c054-11f0-93aa-dc567bb1e9dc/model HTTP/1.1" 200 47
2025-11-13 13:49:36 [basehttp INFO] "GET /api/provider HTTP/1.1" 200 286468
2025-11-13 13:49:36 [basehttp INFO] "GET /api/application/78649c1a-c054-11f0-93aa-dc567bb1e9dc/model HTTP/1.1" 200 47
2025-11-13 13:49:36 [basehttp INFO] "GET /api/provider HTTP/1.1" 200 286468
2025-11-13 13:49:36 [basehttp INFO] "GET /api/application/78649c1a-c054-11f0-93aa-dc567bb1e9dc/model HTTP/1.1" 200 47
2025-11-13 13:49:36 [basehttp INFO] "GET /api/provider HTTP/1.1" 200 286468
2025-11-13 13:49:36 [basehttp INFO] "GET /api/application/78649c1a-c054-11f0-93aa-dc567bb1e9dc/model HTTP/1.1" 200 47
2025-11-13 13:49:36 [basehttp INFO] "GET /api/provider HTTP/1.1" 200 286468
2025-11-13 13:49:36 [basehttp INFO] "GET /api/application/78649c1a-c054-11f0-93aa-dc567bb1e9dc/model HTTP/1.1" 200 47
2025-11-13 13:49:36 [basehttp INFO] "GET /api/provider HTTP/1.1" 200 286468
2025-11-13 13:49:36 [basehttp INFO] "GET /api/application/78649c1a-c054-11f0-93aa-dc567bb1e9dc/model HTTP/1.1" 200 47
2025-11-13 13:49:36 [basehttp INFO] "GET /api/provider HTTP/1.1" 200 286468
2025-11-13 13:49:36 [basehttp INFO] "GET /api/application/78649c1a-c054-11f0-93aa-dc567bb1e9dc/model HTTP/1.1" 200 47
2025-11-13 13:49:36 [basehttp INFO] "GET /api/provider HTTP/1.1" 200 286468
2025-11-13 13:49:36 [basehttp INFO] "GET /api/provider HTTP/1.1" 200 286468
2025-11-13 13:49:36 [basehttp INFO] "GET /api/application/78649c1a-c054-11f0-93aa-dc567bb1e9dc/model HTTP/1.1" 200 47
2025-11-13 13:49:37 [basehttp INFO] "GET /api/provider HTTP/1.1" 200 286468
2025-11-13 13:49:37 [basehttp INFO] "GET /api/application/78649c1a-c054-11f0-93aa-dc567bb1e9dc/model HTTP/1.1" 200 47
2025-11-13 13:49:37 [basehttp INFO] "GET /api/provider HTTP/1.1" 200 286468
2025-11-13 13:49:37 [basehttp INFO] "GET /api/application/78649c1a-c054-11f0-93aa-dc567bb1e9dc/model HTTP/1.1" 200 47
2025-11-13 13:49:37 [basehttp INFO] "GET /api/provider HTTP/1.1" 200 286468
2025-11-13 13:49:37 [basehttp INFO] "GET /api/application/78649c1a-c054-11f0-93aa-dc567bb1e9dc/model HTTP/1.1" 200 47
2025-11-13 13:49:37 [basehttp INFO] "GET /api/provider HTTP/1.1" 200 286468
2025-11-13 13:49:37 [basehttp INFO] "GET /api/application/78649c1a-c054-11f0-93aa-dc567bb1e9dc/model HTTP/1.1" 200 47
2025-11-13 13:49:37 [basehttp INFO] "GET /api/provider HTTP/1.1" 200 286468
2025-11-13 13:49:37 [basehttp INFO] "GET /api/application/78649c1a-c054-11f0-93aa-dc567bb1e9dc/model HTTP/1.1" 200 47
2025-11-13 13:49:37 [basehttp INFO] "GET /api/provider HTTP/1.1" 200 286468
2025-11-13 13:49:37 [basehttp INFO] "GET /api/application/78649c1a-c054-11f0-93aa-dc567bb1e9dc/model HTTP/1.1" 200 47
2025-11-13 13:49:37 [basehttp INFO] "GET /api/provider HTTP/1.1" 200 286468
2025-11-13 13:49:37 [basehttp INFO] "GET /api/application/78649c1a-c054-11f0-93aa-dc567bb1e9dc/model HTTP/1.1" 200 47
2025-11-13 13:49:37 [basehttp INFO] "GET /api/provider HTTP/1.1" 200 286468
2025-11-13 13:49:37 [basehttp INFO] "GET /api/application/78649c1a-c054-11f0-93aa-dc567bb1e9dc/model HTTP/1.1" 200 47
2025-11-13 13:49:37 [basehttp INFO] "GET /api/provider HTTP/1.1" 200 286468
2025-11-13 13:49:37 [basehttp INFO] "GET /api/application/78649c1a-c054-11f0-93aa-dc567bb1e9dc/model HTTP/1.1" 200 47
2025-11-13 13:49:37 [basehttp INFO] "GET /api/provider HTTP/1.1" 200 286468
2025-11-13 13:49:37 [basehttp INFO] "GET /api/application/78649c1a-c054-11f0-93aa-dc567bb1e9dc/model HTTP/1.1" 200 47
2025-11-13 13:49:37 [basehttp INFO] "GET /api/provider HTTP/1.1" 200 286468
2025-11-13 13:49:37 [basehttp INFO] "GET /api/application/78649c1a-c054-11f0-93aa-dc567bb1e9dc/model HTTP/1.1" 200 47
2025-11-13 13:49:37 [basehttp INFO] "GET /api/provider HTTP/1.1" 200 286468
2025-11-13 13:49:37 [basehttp INFO] "GET /api/provider HTTP/1.1" 200 286468
2025-11-13 13:49:37 [basehttp INFO] "GET /api/provider HTTP/1.1" 200 286468
2025-11-13 13:49:37 [basehttp INFO] "GET /api/application/78649c1a-c054-11f0-93aa-dc567bb1e9dc/model HTTP/1.1" 200 47
2025-11-13 13:49:38 [basehttp INFO] "GET /api/provider HTTP/1.1" 200 286468
2025-11-13 13:49:38 [basehttp INFO] "GET /api/application/78649c1a-c054-11f0-93aa-dc567bb1e9dc/model HTTP/1.1" 200 47
2025-11-13 13:49:38 [basehttp INFO] "GET /api/provider HTTP/1.1" 200 286468
2025-11-13 13:49:38 [basehttp INFO] "GET /api/application/78649c1a-c054-11f0-93aa-dc567bb1e9dc/model HTTP/1.1" 200 47
2025-11-13 13:49:38 [basehttp INFO] "GET /api/provider HTTP/1.1" 200 286468
2025-11-13 13:49:38 [basehttp INFO] "GET /api/application/78649c1a-c054-11f0-93aa-dc567bb1e9dc/model HTTP/1.1" 200 47
2025-11-13 13:49:38 [basehttp INFO] "GET /api/provider HTTP/1.1" 200 286468
2025-11-13 13:49:38 [basehttp INFO] "GET /api/application/78649c1a-c054-11f0-93aa-dc567bb1e9dc/model HTTP/1.1" 200 47
2025-11-13 13:49:38 [basehttp INFO] "GET /api/provider HTTP/1.1" 200 286468
2025-11-13 13:49:38 [basehttp INFO] "GET /api/application/78649c1a-c054-11f0-93aa-dc567bb1e9dc/model HTTP/1.1" 200 47
2025-11-13 13:49:38 [basehttp INFO] "GET /api/provider HTTP/1.1" 200 286468
2025-11-13 13:49:38 [basehttp INFO] "GET /api/application/78649c1a-c054-11f0-93aa-dc567bb1e9dc/model HTTP/1.1" 200 47
2025-11-13 13:51:54 [basehttp INFO] "POST /api/OpenAIchat HTTP/1.1" 200 44
2025-11-13 13:54:13 [basehttp INFO] "POST /api/application/import HTTP/1.1" 200 49
2025-11-13 13:54:14 [basehttp INFO] "GET /api/application/1/30 HTTP/1.1" 200 614214
2025-11-13 13:54:58 [basehttp INFO] "GET /api/valid/application/5 HTTP/1.1" 200 49
2025-11-13 14:05:27 [basehttp INFO] "POST /api/OpenAIchat HTTP/1.1" 200 44
2025-11-13 14:06:00 [basehttp INFO] "POST /api/OpenAIchat HTTP/1.1" 200 44
2025-11-13 14:06:04 [basehttp INFO] "POST /api/application/import HTTP/1.1" 200 49
2025-11-13 14:06:04 [basehttp INFO] "GET /api/model?model_type=EMBEDDING HTTP/1.1" 200 367
2025-11-13 14:06:04 [basehttp INFO] "GET /api/application/1/30 HTTP/1.1" 200 921273
2025-11-13 14:06:29 [basehttp INFO] "GET /api/user HTTP/1.1" 200 1180
2025-11-13 14:06:29 [basehttp INFO] "GET /api/profile HTTP/1.1" 200 114
2025-11-13 14:06:29 [basehttp INFO] "GET /api/user/list/APPLICATION HTTP/1.1" 200 145
2025-11-13 14:06:30 [basehttp INFO] "GET /api/application/1/30 HTTP/1.1" 200 921273
2025-11-13 14:06:30 [basehttp INFO] "POST /api/dataset HTTP/1.1" 200 261
2025-11-13 14:06:31 [basehttp INFO] "GET /api/user/list/DATASET HTTP/1.1" 200 145
2025-11-13 14:06:31 [basehttp INFO] "GET /api/dataset/1/30 HTTP/1.1" 200 479
2025-11-13 14:06:48 [basehttp INFO] "GET /api/dataset HTTP/1.1" 200 428
2025-11-13 14:06:48 [basehttp INFO] "GET /api/dataset/e06a62c6-c056-11f0-aed1-dc567bb1e9dc/document/1/10?order_by= HTTP/1.1" 200 98
2025-11-13 14:06:48 [basehttp INFO] "GET /api/dataset/e06a62c6-c056-11f0-aed1-dc567bb1e9dc HTTP/1.1" 200 453
2025-11-13 14:07:06 [pdf_split_handle DEBUG] File: Invoice-A9B370F3-0032.pdf, Page: 1, Time :  0.019s,   content-length: 547
2025-11-13 14:07:06 [basehttp INFO] "POST /api/dataset/document/split HTTP/1.1" 200 739
2025-11-13 14:07:10 [basehttp INFO] "POST /api/dataset/e06a62c6-c056-11f0-aed1-dc567bb1e9dc/document/_bach HTTP/1.1" 200 482
2025-11-13 14:07:10 [basehttp INFO] "GET /api/dataset HTTP/1.1" 200 424
2025-11-13 14:07:10 [basehttp INFO] "GET /api/dataset/e06a62c6-c056-11f0-aed1-dc567bb1e9dc HTTP/1.1" 200 449
2025-11-13 14:07:10 [basehttp INFO] "GET /api/dataset/e06a62c6-c056-11f0-aed1-dc567bb1e9dc/document/1/10?order_by= HTTP/1.1" 200 617
2025-11-13 14:07:16 [basehttp INFO] "GET /api/dataset/e06a62c6-c056-11f0-aed1-dc567bb1e9dc/document/1/10?order_by= HTTP/1.1" 200 617
2025-11-13 14:07:22 [basehttp INFO] "GET /api/dataset/e06a62c6-c056-11f0-aed1-dc567bb1e9dc/document/1/10?order_by= HTTP/1.1" 200 617
2025-11-13 14:07:28 [basehttp INFO] "GET /api/dataset/e06a62c6-c056-11f0-aed1-dc567bb1e9dc/document/1/10?order_by= HTTP/1.1" 200 617
2025-11-13 14:07:34 [basehttp INFO] "GET /api/dataset/e06a62c6-c056-11f0-aed1-dc567bb1e9dc/document/1/10?order_by= HTTP/1.1" 200 617
2025-11-13 14:07:40 [basehttp INFO] "GET /api/dataset/e06a62c6-c056-11f0-aed1-dc567bb1e9dc/document/1/10?order_by= HTTP/1.1" 200 617
2025-11-13 14:07:46 [basehttp INFO] "GET /api/dataset/e06a62c6-c056-11f0-aed1-dc567bb1e9dc/document/1/10?order_by= HTTP/1.1" 200 617
2025-11-13 14:15:44 [basehttp INFO] "POST /api/OpenAIchat HTTP/1.1" 200 44
2025-11-13 14:16:07 [basehttp INFO] "DELETE /api/application/d6660fc0-c056-11f0-acef-dc567bb1e9dc HTTP/1.1" 200 49
2025-11-13 14:16:10 [basehttp INFO] "DELETE /api/application/2ece18cf-c055-11f0-982d-dc567bb1e9dc HTTP/1.1" 200 49
2025-11-13 14:16:13 [basehttp INFO] "DELETE /api/application/78649c1a-c054-11f0-93aa-dc567bb1e9dc HTTP/1.1" 200 49
2025-11-13 14:17:09 [basehttp INFO] "POST /api/OpenAIchat HTTP/1.1" 200 44
2025-11-13 14:17:40 [basehttp INFO] "POST /api/OpenAIchat HTTP/1.1" 200 44
2025-11-13 14:17:43 [basehttp INFO] "POST /api/application/import HTTP/1.1" 200 49
2025-11-13 14:17:43 [basehttp INFO] "GET /api/model?model_type=EMBEDDING HTTP/1.1" 200 367
2025-11-13 14:17:44 [basehttp INFO] "GET /api/application/1/30 HTTP/1.1" 200 307155
2025-11-13 14:17:46 [basehttp INFO] "GET /api/user/list/APPLICATION HTTP/1.1" 200 145
2025-11-13 14:17:46 [basehttp INFO] "GET /api/application/1/30 HTTP/1.1" 200 307155
2025-11-13 14:17:47 [basehttp INFO] "GET /api/application/774162b7-c058-11f0-aa0b-dc567bb1e9dc HTTP/1.1" 200 307107
2025-11-13 14:17:47 [basehttp INFO] "GET /api/application/774162b7-c058-11f0-aa0b-dc567bb1e9dc/statistics/chat_record_aggregate_trend?start_time=2025-11-06&end_time=2025-11-13 HTTP/1.1" 200 1189
2025-11-13 14:17:47 [basehttp INFO] "GET /api/application HTTP/1.1" 200 307104
2025-11-13 14:17:47 [basehttp INFO] "GET /api/application/774162b7-c058-11f0-aa0b-dc567bb1e9dc/access_token HTTP/1.1" 200 258
2025-11-13 14:17:50 [basehttp INFO] "GET /api/profile HTTP/1.1" 200 114
2025-11-13 14:17:50 [basehttp INFO] "POST /api/application/authentication HTTP/1.1" 200 425
2025-11-13 14:17:50 [basehttp INFO] "GET /api/application/profile HTTP/1.1" 200 306389
2025-11-13 14:17:50 [basehttp INFO] "GET /api/application/774162b7-c058-11f0-aa0b-dc567bb1e9dc/chat/client/1/20 HTTP/1.1" 200 98
2025-11-13 14:23:33 [basehttp INFO] "POST /api/dataset HTTP/1.1" 200 262
2025-11-13 14:23:53 [pdf_split_handle DEBUG] File: Invoice-A9B370F3-0032.pdf, Page: 1, Time :  0.012s,   content-length: 547
2025-11-13 14:23:53 [basehttp INFO] "POST /api/dataset/document/split HTTP/1.1" 200 739
2025-11-13 14:23:53 [basehttp INFO] "POST /api/dataset/47ce066c-c059-11f0-8b18-dc567bb1e9dc/document/_bach HTTP/1.1" 200 480
2025-11-13 14:24:04 [basehttp INFO] "GET /api/user/list/DATASET HTTP/1.1" 200 145
2025-11-13 14:24:04 [basehttp INFO] "GET /api/dataset/1/30 HTTP/1.1" 200 853
2025-11-13 14:24:04 [basehttp INFO] "GET /api/dataset HTTP/1.1" 200 802
2025-11-13 14:24:05 [basehttp INFO] "GET /api/dataset/e06a62c6-c056-11f0-aed1-dc567bb1e9dc HTTP/1.1" 200 449
2025-11-13 14:24:05 [basehttp INFO] "GET /api/dataset/e06a62c6-c056-11f0-aed1-dc567bb1e9dc/document/1/10?order_by= HTTP/1.1" 200 617
2025-11-13 14:24:06 [basehttp INFO] "GET /api/user/list/DATASET HTTP/1.1" 200 145
2025-11-13 14:24:06 [basehttp INFO] "GET /api/dataset/1/30 HTTP/1.1" 200 853
2025-11-13 14:24:06 [basehttp INFO] "GET /api/dataset HTTP/1.1" 200 802
2025-11-13 14:24:06 [basehttp INFO] "GET /api/dataset/47ce066c-c059-11f0-8b18-dc567bb1e9dc HTTP/1.1" 200 448
2025-11-13 14:24:06 [basehttp INFO] "GET /api/dataset/47ce066c-c059-11f0-8b18-dc567bb1e9dc/document/1/10?order_by= HTTP/1.1" 200 614
2025-11-13 14:24:12 [basehttp INFO] "GET /api/dataset/47ce066c-c059-11f0-8b18-dc567bb1e9dc/document/1/10?order_by= HTTP/1.1" 200 614
2025-11-13 14:24:18 [basehttp INFO] "GET /api/dataset/47ce066c-c059-11f0-8b18-dc567bb1e9dc/document/1/10?order_by= HTTP/1.1" 200 614
2025-11-13 14:24:24 [basehttp INFO] "GET /api/dataset/47ce066c-c059-11f0-8b18-dc567bb1e9dc/document/1/10?order_by= HTTP/1.1" 200 614
2025-11-13 14:24:30 [basehttp INFO] "GET /api/dataset/47ce066c-c059-11f0-8b18-dc567bb1e9dc/document/1/10?order_by= HTTP/1.1" 200 614
2025-11-13 14:24:36 [basehttp INFO] "GET /api/dataset/47ce066c-c059-11f0-8b18-dc567bb1e9dc/document/1/10?order_by= HTTP/1.1" 200 614
2025-11-13 14:24:42 [basehttp INFO] "GET /api/dataset/47ce066c-c059-11f0-8b18-dc567bb1e9dc/document/1/10?order_by= HTTP/1.1" 200 614
2025-11-13 14:24:48 [basehttp INFO] "GET /api/dataset/47ce066c-c059-11f0-8b18-dc567bb1e9dc/document/1/10?order_by= HTTP/1.1" 200 614
2025-11-13 14:24:54 [basehttp INFO] "GET /api/dataset/47ce066c-c059-11f0-8b18-dc567bb1e9dc/document/1/10?order_by= HTTP/1.1" 200 614
2025-11-13 14:25:00 [basehttp INFO] "GET /api/dataset/47ce066c-c059-11f0-8b18-dc567bb1e9dc/document/1/10?order_by= HTTP/1.1" 200 614
2025-11-13 14:25:06 [basehttp INFO] "GET /api/dataset/47ce066c-c059-11f0-8b18-dc567bb1e9dc/document/1/10?order_by= HTTP/1.1" 200 614
2025-11-13 14:25:18 [basehttp INFO] "GET /api/dataset/47ce066c-c059-11f0-8b18-dc567bb1e9dc/document/1/10?order_by= HTTP/1.1" 200 614
2025-11-13 14:26:19 [basehttp INFO] "GET /api/dataset/47ce066c-c059-11f0-8b18-dc567bb1e9dc/document/1/10?order_by= HTTP/1.1" 200 614
2025-11-13 14:27:18 [basehttp INFO] "GET /api/dataset/47ce066c-c059-11f0-8b18-dc567bb1e9dc/document/1/10?order_by= HTTP/1.1" 200 614
2025-11-13 14:28:19 [basehttp INFO] "GET /api/dataset/47ce066c-c059-11f0-8b18-dc567bb1e9dc/document/1/10?order_by= HTTP/1.1" 200 614
2025-11-13 14:29:18 [basehttp INFO] "GET /api/dataset/47ce066c-c059-11f0-8b18-dc567bb1e9dc/document/1/10?order_by= HTTP/1.1" 200 614
2025-11-13 14:29:48 [basehttp INFO] "POST /api/OpenAIchat HTTP/1.1" 200 44
2025-11-13 14:29:51 [basehttp INFO] "POST /api/application/import HTTP/1.1" 200 49
2025-11-13 14:29:51 [basehttp INFO] "GET /api/model?model_type=EMBEDDING HTTP/1.1" 200 367
2025-11-13 14:29:51 [basehttp INFO] "GET /api/application/1/30 HTTP/1.1" 200 614214
2025-11-13 14:29:55 [basehttp INFO] "POST /api/dataset HTTP/1.1" 200 72
2025-11-13 14:30:14 [basehttp INFO] "GET /api/dataset/47ce066c-c059-11f0-8b18-dc567bb1e9dc/document/1/10?order_by= HTTP/1.1" 200 614
2025-11-13 14:30:15 [basehttp INFO] "GET /api/user/list/DATASET HTTP/1.1" 200 145
2025-11-13 14:30:15 [basehttp INFO] "GET /api/dataset/1/30 HTTP/1.1" 200 853
2025-11-13 14:30:18 [basehttp INFO] "DELETE /api/dataset/47ce066c-c059-11f0-8b18-dc567bb1e9dc HTTP/1.1" 200 49
2025-11-13 14:30:20 [basehttp INFO] "DELETE /api/dataset/e06a62c6-c056-11f0-aed1-dc567bb1e9dc HTTP/1.1" 200 49
2025-11-13 14:30:23 [basehttp INFO] "GET /api/user HTTP/1.1" 200 844
2025-11-13 14:30:23 [basehttp INFO] "GET /api/profile HTTP/1.1" 200 114
2025-11-13 14:30:23 [basehttp INFO] "GET /api/user/list/APPLICATION HTTP/1.1" 200 145
2025-11-13 14:30:24 [basehttp INFO] "GET /api/application/1/30 HTTP/1.1" 200 614214
2025-11-13 14:30:25 [basehttp INFO] "GET /api/user/list/APPLICATION HTTP/1.1" 200 145
2025-11-13 14:30:26 [basehttp INFO] "GET /api/application/1/30 HTTP/1.1" 200 614214
2025-11-13 14:30:28 [basehttp INFO] "DELETE /api/application/28ab49d3-c05a-11f0-8081-dc567bb1e9dc HTTP/1.1" 200 49
2025-11-13 14:30:30 [basehttp INFO] "DELETE /api/application/774162b7-c058-11f0-aa0b-dc567bb1e9dc HTTP/1.1" 200 49
2025-11-13 14:30:34 [basehttp INFO] "GET /api/user HTTP/1.1" 200 496
2025-11-13 14:30:34 [basehttp INFO] "GET /api/profile HTTP/1.1" 200 114
2025-11-13 14:30:34 [basehttp INFO] "GET /api/user/list/APPLICATION HTTP/1.1" 200 145
2025-11-13 14:30:34 [basehttp INFO] "GET /api/application/1/30 HTTP/1.1" 200 98
2025-11-13 14:30:40 [basehttp INFO] "POST /api/OpenAIchat HTTP/1.1" 200 44
2025-11-13 14:30:43 [basehttp INFO] "POST /api/application/import HTTP/1.1" 200 49
2025-11-13 14:30:44 [basehttp INFO] "GET /api/model?model_type=EMBEDDING HTTP/1.1" 200 367
2025-11-13 14:30:44 [basehttp INFO] "GET /api/application/1/30 HTTP/1.1" 200 307155
2025-11-13 14:30:48 [basehttp INFO] "POST /api/dataset HTTP/1.1" 200 260
2025-11-13 14:30:59 [pdf_split_handle DEBUG] File: Invoice-A9B370F3-0032.pdf, Page: 1, Time :  0.002s,   content-length: 547
2025-11-13 14:30:59 [basehttp INFO] "POST /api/dataset/document/split HTTP/1.1" 200 739
2025-11-13 14:30:59 [basehttp INFO] "POST /api/dataset/4ac7e791-c05a-11f0-8918-dc567bb1e9dc/document/_bach HTTP/1.1" 200 480
2025-11-13 14:32:22 [basehttp INFO] "GET /api/user HTTP/1.1" 200 832
2025-11-13 14:32:22 [basehttp INFO] "GET /api/profile HTTP/1.1" 200 114
2025-11-13 14:32:22 [basehttp INFO] "GET /api/user/list/APPLICATION HTTP/1.1" 200 145
2025-11-13 14:32:22 [basehttp INFO] "GET /api/application/1/30 HTTP/1.1" 200 307155
2025-11-13 14:33:04 [basehttp INFO] "GET /api/application/4836ad3a-c05a-11f0-a7b6-dc567bb1e9dc/function_lib HTTP/1.1" 200 23635
2025-11-13 14:33:04 [basehttp INFO] "GET /api/application/4836ad3a-c05a-11f0-a7b6-dc567bb1e9dc/application HTTP/1.1" 200 47
2025-11-13 14:33:04 [basehttp INFO] "GET /api/application/4836ad3a-c05a-11f0-a7b6-dc567bb1e9dc HTTP/1.1" 200 307107
2025-11-13 14:33:13 [basehttp INFO] "GET /api/provider HTTP/1.1" 200 286468
2025-11-13 14:33:13 [basehttp INFO] "GET /api/provider HTTP/1.1" 200 286468
2025-11-13 14:33:13 [basehttp INFO] "GET /api/application/4836ad3a-c05a-11f0-a7b6-dc567bb1e9dc/model?model_type=TTS HTTP/1.1" 200 47
2025-11-13 14:33:13 [basehttp INFO] "GET /api/provider HTTP/1.1" 200 286468
2025-11-13 14:33:13 [basehttp INFO] "GET /api/application/4836ad3a-c05a-11f0-a7b6-dc567bb1e9dc/model HTTP/1.1" 200 47
2025-11-13 14:33:13 [basehttp INFO] "GET /api/application/4836ad3a-c05a-11f0-a7b6-dc567bb1e9dc/model?model_type=STT HTTP/1.1" 200 47
2025-11-13 14:33:13 [basehttp INFO] "GET /api/provider HTTP/1.1" 200 286468
2025-11-13 14:33:13 [basehttp INFO] "GET /api/provider HTTP/1.1" 200 286468
2025-11-13 14:33:13 [basehttp INFO] "GET /api/application/4836ad3a-c05a-11f0-a7b6-dc567bb1e9dc/model HTTP/1.1" 200 47
2025-11-13 14:33:13 [basehttp INFO] "GET /api/application/4836ad3a-c05a-11f0-a7b6-dc567bb1e9dc/model HTTP/1.1" 200 47
2025-11-13 14:33:13 [basehttp INFO] "GET /api/provider HTTP/1.1" 200 286468
2025-11-13 14:33:13 [basehttp INFO] "GET /api/application/4836ad3a-c05a-11f0-a7b6-dc567bb1e9dc/model HTTP/1.1" 200 47
2025-11-13 14:33:13 [basehttp INFO] "GET /api/application/4836ad3a-c05a-11f0-a7b6-dc567bb1e9dc/model HTTP/1.1" 200 47
2025-11-13 14:33:13 [basehttp INFO] "GET /api/provider HTTP/1.1" 200 286468
2025-11-13 14:33:13 [basehttp INFO] "GET /api/provider HTTP/1.1" 200 286468
2025-11-13 14:33:13 [basehttp INFO] "GET /api/application/4836ad3a-c05a-11f0-a7b6-dc567bb1e9dc/model HTTP/1.1" 200 47
2025-11-13 14:33:13 [basehttp INFO] "GET /api/provider HTTP/1.1" 200 286468
2025-11-13 14:33:13 [basehttp INFO] "GET /api/application/4836ad3a-c05a-11f0-a7b6-dc567bb1e9dc/model HTTP/1.1" 200 47
2025-11-13 14:33:13 [basehttp INFO] "GET /api/provider HTTP/1.1" 200 286468
2025-11-13 14:33:13 [basehttp INFO] "GET /api/provider HTTP/1.1" 200 286468
2025-11-13 14:33:13 [basehttp INFO] "GET /api/provider HTTP/1.1" 200 286468
2025-11-13 14:33:13 [basehttp INFO] "GET /api/application/4836ad3a-c05a-11f0-a7b6-dc567bb1e9dc/model HTTP/1.1" 200 47
2025-11-13 14:33:13 [basehttp INFO] "GET /api/application/4836ad3a-c05a-11f0-a7b6-dc567bb1e9dc/model HTTP/1.1" 200 47
2025-11-13 14:33:13 [basehttp INFO] "GET /api/provider HTTP/1.1" 200 286468
2025-11-13 14:33:13 [basehttp INFO] "GET /api/application/4836ad3a-c05a-11f0-a7b6-dc567bb1e9dc/model HTTP/1.1" 200 47
2025-11-13 14:33:13 [basehttp INFO] "GET /api/application/4836ad3a-c05a-11f0-a7b6-dc567bb1e9dc/model HTTP/1.1" 200 47
2025-11-13 14:33:13 [basehttp INFO] "GET /api/application/4836ad3a-c05a-11f0-a7b6-dc567bb1e9dc/model HTTP/1.1" 200 47
2025-11-13 14:33:13 [basehttp INFO] "GET /api/provider HTTP/1.1" 200 286468
2025-11-13 14:33:13 [basehttp INFO] "GET /api/provider HTTP/1.1" 200 286468
2025-11-13 14:33:13 [basehttp INFO] "GET /api/application/4836ad3a-c05a-11f0-a7b6-dc567bb1e9dc/model HTTP/1.1" 200 47
2025-11-13 14:33:13 [basehttp INFO] "GET /api/provider HTTP/1.1" 200 286468
2025-11-13 14:33:13 [basehttp INFO] "GET /api/application/4836ad3a-c05a-11f0-a7b6-dc567bb1e9dc/model HTTP/1.1" 200 47
2025-11-13 14:33:13 [basehttp INFO] "GET /api/application/4836ad3a-c05a-11f0-a7b6-dc567bb1e9dc/list_dataset HTTP/1.1" 200 352
2025-11-13 14:33:13 [basehttp INFO] "GET /api/provider HTTP/1.1" 200 286468
2025-11-13 14:33:13 [basehttp INFO] "GET /api/application/4836ad3a-c05a-11f0-a7b6-dc567bb1e9dc/model HTTP/1.1" 200 47
2025-11-13 14:33:13 [basehttp INFO] "GET /api/application/4836ad3a-c05a-11f0-a7b6-dc567bb1e9dc/list_dataset HTTP/1.1" 200 352
2025-11-13 14:33:13 [basehttp INFO] "GET /api/provider HTTP/1.1" 200 286468
2025-11-13 14:33:13 [basehttp INFO] "GET /api/application/4836ad3a-c05a-11f0-a7b6-dc567bb1e9dc/list_dataset HTTP/1.1" 200 352
2025-11-13 14:33:13 [basehttp INFO] "GET /api/application/4836ad3a-c05a-11f0-a7b6-dc567bb1e9dc/model HTTP/1.1" 200 47
2025-11-13 14:33:13 [basehttp INFO] "GET /api/provider HTTP/1.1" 200 286468
2025-11-13 14:33:13 [basehttp INFO] "GET /api/application/4836ad3a-c05a-11f0-a7b6-dc567bb1e9dc/list_dataset HTTP/1.1" 200 352
2025-11-13 14:33:13 [basehttp INFO] "GET /api/provider HTTP/1.1" 200 286468
2025-11-13 14:33:13 [basehttp INFO] "GET /api/application/4836ad3a-c05a-11f0-a7b6-dc567bb1e9dc/model HTTP/1.1" 200 47
2025-11-13 14:33:13 [basehttp INFO] "GET /api/application/4836ad3a-c05a-11f0-a7b6-dc567bb1e9dc/model HTTP/1.1" 200 47
2025-11-13 14:33:13 [basehttp INFO] "GET /api/application/4836ad3a-c05a-11f0-a7b6-dc567bb1e9dc/list_dataset HTTP/1.1" 200 352
2025-11-13 14:33:13 [basehttp INFO] "GET /api/application/4836ad3a-c05a-11f0-a7b6-dc567bb1e9dc/list_dataset HTTP/1.1" 200 352
2025-11-13 14:33:14 [basehttp INFO] "GET /api/application/4836ad3a-c05a-11f0-a7b6-dc567bb1e9dc/model HTTP/1.1" 200 47
2025-11-13 14:33:14 [basehttp INFO] "GET /api/provider HTTP/1.1" 200 286468
2025-11-13 14:33:14 [basehttp INFO] "GET /api/provider HTTP/1.1" 200 286468
2025-11-13 14:33:14 [basehttp INFO] "GET /api/application/4836ad3a-c05a-11f0-a7b6-dc567bb1e9dc/list_dataset HTTP/1.1" 200 352
2025-11-13 14:33:14 [basehttp INFO] "GET /api/application/4836ad3a-c05a-11f0-a7b6-dc567bb1e9dc/model HTTP/1.1" 200 47
2025-11-13 14:33:14 [basehttp INFO] "GET /api/provider HTTP/1.1" 200 286468
2025-11-13 14:33:14 [basehttp INFO] "GET /api/application/4836ad3a-c05a-11f0-a7b6-dc567bb1e9dc/list_dataset HTTP/1.1" 200 352
2025-11-13 14:33:14 [basehttp INFO] "GET /api/application/4836ad3a-c05a-11f0-a7b6-dc567bb1e9dc/model HTTP/1.1" 200 47
2025-11-13 14:33:14 [basehttp INFO] "GET /api/provider HTTP/1.1" 200 286468
2025-11-13 14:33:14 [basehttp INFO] "GET /api/provider HTTP/1.1" 200 286468
2025-11-13 14:33:14 [basehttp INFO] "GET /api/application/4836ad3a-c05a-11f0-a7b6-dc567bb1e9dc/model HTTP/1.1" 200 47
2025-11-13 14:33:14 [basehttp INFO] "GET /api/provider HTTP/1.1" 200 286468
2025-11-13 14:33:14 [basehttp INFO] "GET /api/application/4836ad3a-c05a-11f0-a7b6-dc567bb1e9dc/model HTTP/1.1" 200 47
2025-11-13 14:33:14 [basehttp INFO] "GET /api/application/4836ad3a-c05a-11f0-a7b6-dc567bb1e9dc/list_dataset HTTP/1.1" 200 352
2025-11-13 14:33:14 [basehttp INFO] "GET /api/application/4836ad3a-c05a-11f0-a7b6-dc567bb1e9dc/model HTTP/1.1" 200 47
2025-11-13 14:33:14 [basehttp INFO] "GET /api/provider HTTP/1.1" 200 286468
2025-11-13 14:33:14 [basehttp INFO] "GET /api/provider HTTP/1.1" 200 286468
2025-11-13 14:33:14 [basehttp INFO] "GET /api/application/4836ad3a-c05a-11f0-a7b6-dc567bb1e9dc/model HTTP/1.1" 200 47
2025-11-13 14:33:14 [basehttp INFO] "GET /api/application/4836ad3a-c05a-11f0-a7b6-dc567bb1e9dc/list_dataset HTTP/1.1" 200 352
2025-11-13 14:33:14 [basehttp INFO] "GET /api/application/4836ad3a-c05a-11f0-a7b6-dc567bb1e9dc/list_dataset HTTP/1.1" 200 352
2025-11-13 14:33:14 [basehttp INFO] "GET /api/provider HTTP/1.1" 200 286468
2025-11-13 14:33:14 [basehttp INFO] "GET /api/application/4836ad3a-c05a-11f0-a7b6-dc567bb1e9dc/model HTTP/1.1" 200 47
2025-11-13 14:33:14 [basehttp INFO] "GET /api/application/4836ad3a-c05a-11f0-a7b6-dc567bb1e9dc/list_dataset HTTP/1.1" 200 352
2025-11-13 14:33:14 [basehttp INFO] "GET /api/application/4836ad3a-c05a-11f0-a7b6-dc567bb1e9dc/model HTTP/1.1" 200 47
2025-11-13 14:33:14 [basehttp INFO] "GET /api/provider HTTP/1.1" 200 286468
2025-11-13 14:33:14 [basehttp INFO] "GET /api/application/4836ad3a-c05a-11f0-a7b6-dc567bb1e9dc/list_dataset HTTP/1.1" 200 352
2025-11-13 14:33:14 [basehttp INFO] "GET /api/provider HTTP/1.1" 200 286468
2025-11-13 14:33:14 [basehttp INFO] "GET /api/provider HTTP/1.1" 200 286468
2025-11-13 14:33:14 [basehttp INFO] "GET /api/provider HTTP/1.1" 200 286468
2025-11-13 14:33:14 [basehttp INFO] "GET /api/application/4836ad3a-c05a-11f0-a7b6-dc567bb1e9dc/model HTTP/1.1" 200 47
2025-11-13 14:33:14 [basehttp INFO] "GET /api/application/4836ad3a-c05a-11f0-a7b6-dc567bb1e9dc/model HTTP/1.1" 200 47
2025-11-13 14:33:14 [basehttp INFO] "GET /api/application/4836ad3a-c05a-11f0-a7b6-dc567bb1e9dc/list_dataset HTTP/1.1" 200 352
2025-11-13 14:33:14 [basehttp INFO] "GET /api/application/4836ad3a-c05a-11f0-a7b6-dc567bb1e9dc/model HTTP/1.1" 200 47
2025-11-13 14:33:14 [basehttp INFO] "GET /api/application/4836ad3a-c05a-11f0-a7b6-dc567bb1e9dc/model HTTP/1.1" 200 47
2025-11-13 14:33:14 [basehttp INFO] "GET /api/provider HTTP/1.1" 200 286468
2025-11-13 14:33:14 [basehttp INFO] "GET /api/application/4836ad3a-c05a-11f0-a7b6-dc567bb1e9dc/model HTTP/1.1" 200 47
2025-11-13 14:33:14 [basehttp INFO] "GET /api/provider HTTP/1.1" 200 286468
2025-11-13 14:33:14 [basehttp INFO] "GET /api/application/4836ad3a-c05a-11f0-a7b6-dc567bb1e9dc/model HTTP/1.1" 200 47
2025-11-13 14:33:14 [basehttp INFO] "GET /api/application/4836ad3a-c05a-11f0-a7b6-dc567bb1e9dc/model HTTP/1.1" 200 47
2025-11-13 14:33:14 [basehttp INFO] "GET /api/provider HTTP/1.1" 200 286468
2025-11-13 14:33:14 [basehttp INFO] "GET /api/application/4836ad3a-c05a-11f0-a7b6-dc567bb1e9dc/list_dataset HTTP/1.1" 200 352
2025-11-13 14:33:14 [basehttp INFO] "GET /api/application/4836ad3a-c05a-11f0-a7b6-dc567bb1e9dc/model HTTP/1.1" 200 47
2025-11-13 14:33:14 [basehttp INFO] "GET /api/provider HTTP/1.1" 200 286468
2025-11-13 14:33:14 [basehttp INFO] "GET /api/application/4836ad3a-c05a-11f0-a7b6-dc567bb1e9dc/list_dataset HTTP/1.1" 200 352
2025-11-13 14:33:14 [basehttp INFO] "GET /api/application/4836ad3a-c05a-11f0-a7b6-dc567bb1e9dc/function_lib/0bf06a52-6b53-11f0-9627-beb85ef1615f HTTP/1.1" 200 4777
2025-11-13 14:33:14 [basehttp INFO] "GET /api/application/4836ad3a-c05a-11f0-a7b6-dc567bb1e9dc/model?model_type=IMAGE HTTP/1.1" 200 47
2025-11-13 14:33:14 [basehttp INFO] "GET /api/provider HTTP/1.1" 200 286468
2025-11-13 14:33:14 [basehttp INFO] "GET /api/application/4836ad3a-c05a-11f0-a7b6-dc567bb1e9dc/model HTTP/1.1" 200 47
2025-11-13 14:33:14 [basehttp INFO] "GET /api/application/4836ad3a-c05a-11f0-a7b6-dc567bb1e9dc/list_dataset HTTP/1.1" 200 352
2025-11-13 14:33:14 [basehttp INFO] "GET /api/application/4836ad3a-c05a-11f0-a7b6-dc567bb1e9dc/function_lib/cf5c8c82-8890-11f0-907b-4a61bd723f2e HTTP/1.1" 200 4753
2025-11-13 14:33:14 [basehttp INFO] "GET /api/application/4836ad3a-c05a-11f0-a7b6-dc567bb1e9dc/function_lib/ad3071a0-7d73-11f0-a8b2-1a8538159feb HTTP/1.1" 200 1144
2025-11-13 14:33:15 [basehttp INFO] "GET /api/provider HTTP/1.1" 200 286468
2025-11-13 14:33:15 [basehttp INFO] "GET /api/application/4836ad3a-c05a-11f0-a7b6-dc567bb1e9dc/function_lib/aae6b7a8-8a32-11f0-a013-3efe430cb7c4 HTTP/1.1" 200 2685
2025-11-13 14:33:15 [basehttp INFO] "GET /api/application/4836ad3a-c05a-11f0-a7b6-dc567bb1e9dc/model?model_type=IMAGE HTTP/1.1" 200 47
2025-11-13 14:33:15 [basehttp INFO] "GET /api/application/4836ad3a-c05a-11f0-a7b6-dc567bb1e9dc/model HTTP/1.1" 200 47
2025-11-13 14:33:15 [basehttp INFO] "GET /api/application/4836ad3a-c05a-11f0-a7b6-dc567bb1e9dc/function_lib/83d696ae-7369-11f0-a3e2-beb85ef1615f HTTP/1.1" 200 10446
2025-11-13 14:33:15 [basehttp INFO] "GET /api/application/4836ad3a-c05a-11f0-a7b6-dc567bb1e9dc/model HTTP/1.1" 200 47
2025-11-13 14:33:15 [basehttp INFO] "GET /api/application/4836ad3a-c05a-11f0-a7b6-dc567bb1e9dc/model HTTP/1.1" 200 47
2025-11-13 14:33:15 [basehttp INFO] "GET /api/provider HTTP/1.1" 200 286468
2025-11-13 14:33:15 [basehttp INFO] "GET /api/provider HTTP/1.1" 200 286468
2025-11-13 14:33:15 [basehttp INFO] "GET /api/provider HTTP/1.1" 200 286468
2025-11-13 14:33:15 [basehttp INFO] "GET /api/application/4836ad3a-c05a-11f0-a7b6-dc567bb1e9dc/model HTTP/1.1" 200 47
2025-11-13 14:33:15 [basehttp INFO] "GET /api/application/4836ad3a-c05a-11f0-a7b6-dc567bb1e9dc/model HTTP/1.1" 200 47
2025-11-13 14:33:15 [basehttp INFO] "GET /api/provider HTTP/1.1" 200 286468
2025-11-13 14:33:15 [basehttp INFO] "GET /api/provider HTTP/1.1" 200 286468
2025-11-13 14:33:15 [basehttp INFO] "GET /api/application/4836ad3a-c05a-11f0-a7b6-dc567bb1e9dc/model HTTP/1.1" 200 47
2025-11-13 14:33:15 [basehttp INFO] "GET /api/provider HTTP/1.1" 200 286468
2025-11-13 14:33:15 [basehttp INFO] "GET /api/provider HTTP/1.1" 200 286468
2025-11-13 14:33:15 [basehttp INFO] "GET /api/provider HTTP/1.1" 200 286468
2025-11-13 14:33:15 [basehttp INFO] "GET /api/application/4836ad3a-c05a-11f0-a7b6-dc567bb1e9dc/model HTTP/1.1" 200 47
2025-11-13 14:33:15 [basehttp INFO] "GET /api/application/4836ad3a-c05a-11f0-a7b6-dc567bb1e9dc/model HTTP/1.1" 200 47
2025-11-13 14:33:15 [basehttp INFO] "GET /api/provider HTTP/1.1" 200 286468
2025-11-13 14:33:15 [basehttp INFO] "GET /api/application/4836ad3a-c05a-11f0-a7b6-dc567bb1e9dc/model HTTP/1.1" 200 47
2025-11-13 14:33:15 [basehttp INFO] "GET /api/provider HTTP/1.1" 200 286468
2025-11-13 14:33:15 [basehttp INFO] "GET /api/application/4836ad3a-c05a-11f0-a7b6-dc567bb1e9dc/model HTTP/1.1" 200 47
2025-11-13 14:33:15 [basehttp INFO] "GET /api/application/4836ad3a-c05a-11f0-a7b6-dc567bb1e9dc/model HTTP/1.1" 200 47
2025-11-13 14:33:15 [basehttp INFO] "GET /api/application/4836ad3a-c05a-11f0-a7b6-dc567bb1e9dc/model HTTP/1.1" 200 47
2025-11-13 14:33:15 [basehttp INFO] "GET /api/provider HTTP/1.1" 200 286468
2025-11-13 14:33:15 [basehttp INFO] "GET /api/provider HTTP/1.1" 200 286468
2025-11-13 14:33:15 [basehttp INFO] "GET /api/application/4836ad3a-c05a-11f0-a7b6-dc567bb1e9dc/model HTTP/1.1" 200 47
2025-11-13 14:33:15 [basehttp INFO] "GET /api/provider HTTP/1.1" 200 286468
2025-11-13 14:33:15 [basehttp INFO] "GET /api/provider HTTP/1.1" 200 286468
2025-11-13 14:33:15 [basehttp INFO] "GET /api/application/4836ad3a-c05a-11f0-a7b6-dc567bb1e9dc/model HTTP/1.1" 200 47
2025-11-13 14:33:15 [basehttp INFO] "GET /api/provider HTTP/1.1" 200 286468
2025-11-13 14:33:15 [basehttp INFO] "GET /api/application/4836ad3a-c05a-11f0-a7b6-dc567bb1e9dc/model HTTP/1.1" 200 47
2025-11-13 14:33:15 [basehttp INFO] "GET /api/application/4836ad3a-c05a-11f0-a7b6-dc567bb1e9dc/model HTTP/1.1" 200 47
2025-11-13 14:33:15 [basehttp INFO] "GET /api/application/4836ad3a-c05a-11f0-a7b6-dc567bb1e9dc/model HTTP/1.1" 200 47
2025-11-13 14:33:15 [basehttp INFO] "GET /api/provider HTTP/1.1" 200 286468
2025-11-13 14:33:15 [basehttp INFO] "GET /api/provider HTTP/1.1" 200 286468
2025-11-13 14:33:15 [basehttp INFO] "GET /api/application/4836ad3a-c05a-11f0-a7b6-dc567bb1e9dc/model HTTP/1.1" 200 47
2025-11-13 14:33:15 [basehttp INFO] "GET /api/provider HTTP/1.1" 200 286468
2025-11-13 14:33:15 [basehttp INFO] "GET /api/application/4836ad3a-c05a-11f0-a7b6-dc567bb1e9dc/model HTTP/1.1" 200 47
2025-11-13 14:33:15 [basehttp INFO] "GET /api/application/4836ad3a-c05a-11f0-a7b6-dc567bb1e9dc/model HTTP/1.1" 200 47
2025-11-13 14:33:15 [basehttp INFO] "GET /api/provider HTTP/1.1" 200 286468
2025-11-13 14:33:15 [basehttp INFO] "GET /api/provider HTTP/1.1" 200 286468
2025-11-13 14:33:15 [basehttp INFO] "GET /api/provider HTTP/1.1" 200 286468
2025-11-13 14:33:18 [basehttp INFO] "POST /api/function_lib/pylint HTTP/1.1" 200 298
2025-11-13 14:42:04 [basehttp INFO] "PUT /api/application/4836ad3a-c05a-11f0-a7b6-dc567bb1e9dc HTTP/1.1" 200 304317
2025-11-13 14:43:13 [basehttp INFO] "PUT /api/application/4836ad3a-c05a-11f0-a7b6-dc567bb1e9dc HTTP/1.1" 200 304317
2025-11-13 14:43:13 [basehttp INFO] "PUT /api/application/4836ad3a-c05a-11f0-a7b6-dc567bb1e9dc/publish HTTP/1.1" 200 114
2025-11-13 14:48:47 [basehttp INFO] "GET /api/user HTTP/1.1" 200 832
2025-11-13 14:48:47 [basehttp INFO] "GET /api/profile HTTP/1.1" 200 114
2025-11-13 14:48:47 [basehttp INFO] "GET /api/profile HTTP/1.1" 200 114
2025-11-13 14:48:47 [log WARNING] Not Found: /api/application/authentication
2025-11-13 14:48:47 [basehttp WARNING] "POST /api/application/authentication HTTP/1.1" 404 62
2025-11-13 14:48:47 [basehttp INFO] "GET /api/user/list/APPLICATION HTTP/1.1" 200 145
2025-11-13 14:48:47 [basehttp INFO] "GET /api/application/1/30 HTTP/1.1" 200 304365
2025-11-13 14:48:49 [basehttp INFO] "GET /api/user HTTP/1.1" 200 832
2025-11-13 14:48:49 [basehttp INFO] "GET /api/profile HTTP/1.1" 200 114
2025-11-13 14:48:50 [basehttp INFO] "GET /api/application/4836ad3a-c05a-11f0-a7b6-dc567bb1e9dc/application HTTP/1.1" 200 47
2025-11-13 14:48:50 [basehttp INFO] "GET /api/application/4836ad3a-c05a-11f0-a7b6-dc567bb1e9dc HTTP/1.1" 200 304317
2025-11-13 14:48:50 [basehttp INFO] "GET /api/application/4836ad3a-c05a-11f0-a7b6-dc567bb1e9dc/function_lib HTTP/1.1" 200 23635
2025-11-13 14:49:18 [basehttp INFO] "GET /api/provider HTTP/1.1" 200 286468
2025-11-13 14:49:18 [basehttp INFO] "GET /api/application/4836ad3a-c05a-11f0-a7b6-dc567bb1e9dc/model?model_type=STT HTTP/1.1" 200 47
2025-11-13 14:49:18 [basehttp INFO] "GET /api/provider HTTP/1.1" 200 286468
2025-11-13 14:49:18 [basehttp INFO] "GET /api/provider HTTP/1.1" 200 286468
2025-11-13 14:49:18 [basehttp INFO] "GET /api/application/4836ad3a-c05a-11f0-a7b6-dc567bb1e9dc/model?model_type=TTS HTTP/1.1" 200 47
2025-11-13 14:49:18 [basehttp INFO] "GET /api/application/4836ad3a-c05a-11f0-a7b6-dc567bb1e9dc/model HTTP/1.1" 200 47
2025-11-13 14:49:18 [basehttp INFO] "GET /api/application/4836ad3a-c05a-11f0-a7b6-dc567bb1e9dc/model HTTP/1.1" 200 47
2025-11-13 14:49:19 [basehttp INFO] "GET /api/application/4836ad3a-c05a-11f0-a7b6-dc567bb1e9dc/model HTTP/1.1" 200 47
2025-11-13 14:49:19 [basehttp INFO] "GET /api/provider HTTP/1.1" 200 286468
2025-11-13 14:49:19 [basehttp INFO] "GET /api/provider HTTP/1.1" 200 286468
2025-11-13 14:49:19 [basehttp INFO] "GET /api/provider HTTP/1.1" 200 286468
2025-11-13 14:49:19 [basehttp INFO] "GET /api/application/4836ad3a-c05a-11f0-a7b6-dc567bb1e9dc/model HTTP/1.1" 200 47
2025-11-13 14:49:19 [basehttp INFO] "GET /api/provider HTTP/1.1" 200 286468
2025-11-13 14:49:19 [basehttp INFO] "GET /api/application/4836ad3a-c05a-11f0-a7b6-dc567bb1e9dc/model HTTP/1.1" 200 47
2025-11-13 14:49:19 [basehttp INFO] "GET /api/provider HTTP/1.1" 200 286468
2025-11-13 14:49:19 [basehttp INFO] "GET /api/provider HTTP/1.1" 200 286468
2025-11-13 14:49:19 [basehttp INFO] "GET /api/application/4836ad3a-c05a-11f0-a7b6-dc567bb1e9dc/model HTTP/1.1" 200 47
2025-11-13 14:49:19 [basehttp INFO] "GET /api/application/4836ad3a-c05a-11f0-a7b6-dc567bb1e9dc/model HTTP/1.1" 200 47
2025-11-13 14:49:19 [basehttp INFO] "GET /api/provider HTTP/1.1" 200 286468
2025-11-13 14:49:19 [basehttp INFO] "GET /api/application/4836ad3a-c05a-11f0-a7b6-dc567bb1e9dc/model HTTP/1.1" 200 47
2025-11-13 14:49:19 [basehttp INFO] "GET /api/provider HTTP/1.1" 200 286468
2025-11-13 14:49:19 [basehttp INFO] "GET /api/application/4836ad3a-c05a-11f0-a7b6-dc567bb1e9dc/model HTTP/1.1" 200 47
2025-11-13 14:49:19 [basehttp INFO] "GET /api/provider HTTP/1.1" 200 286468
2025-11-13 14:49:19 [basehttp INFO] "GET /api/application/4836ad3a-c05a-11f0-a7b6-dc567bb1e9dc/model HTTP/1.1" 200 47
2025-11-13 14:49:19 [basehttp INFO] "GET /api/provider HTTP/1.1" 200 286468
2025-11-13 14:49:19 [basehttp INFO] "GET /api/application/4836ad3a-c05a-11f0-a7b6-dc567bb1e9dc/model HTTP/1.1" 200 47
2025-11-13 14:49:19 [basehttp INFO] "GET /api/provider HTTP/1.1" 200 286468
2025-11-13 14:49:19 [basehttp INFO] "GET /api/application/4836ad3a-c05a-11f0-a7b6-dc567bb1e9dc/model HTTP/1.1" 200 47
2025-11-13 14:49:19 [basehttp INFO] "GET /api/provider HTTP/1.1" 200 286468
2025-11-13 14:49:19 [basehttp INFO] "GET /api/application/4836ad3a-c05a-11f0-a7b6-dc567bb1e9dc/list_dataset HTTP/1.1" 200 352
2025-11-13 14:49:19 [basehttp INFO] "GET /api/application/4836ad3a-c05a-11f0-a7b6-dc567bb1e9dc/list_dataset HTTP/1.1" 200 352
2025-11-13 14:49:19 [basehttp INFO] "GET /api/application/4836ad3a-c05a-11f0-a7b6-dc567bb1e9dc/model HTTP/1.1" 200 47
2025-11-13 14:49:19 [basehttp INFO] "GET /api/provider HTTP/1.1" 200 286468
2025-11-13 14:49:19 [basehttp INFO] "GET /api/application/4836ad3a-c05a-11f0-a7b6-dc567bb1e9dc/list_dataset HTTP/1.1" 200 352
2025-11-13 14:49:19 [basehttp INFO] "GET /api/provider HTTP/1.1" 200 286468
2025-11-13 14:49:19 [basehttp INFO] "GET /api/application/4836ad3a-c05a-11f0-a7b6-dc567bb1e9dc/model HTTP/1.1" 200 47
2025-11-13 14:49:19 [basehttp INFO] "GET /api/application/4836ad3a-c05a-11f0-a7b6-dc567bb1e9dc/model HTTP/1.1" 200 47
2025-11-13 14:49:19 [basehttp INFO] "GET /api/application/4836ad3a-c05a-11f0-a7b6-dc567bb1e9dc/list_dataset HTTP/1.1" 200 352
2025-11-13 14:49:19 [basehttp INFO] "GET /api/application/4836ad3a-c05a-11f0-a7b6-dc567bb1e9dc/model HTTP/1.1" 200 47
2025-11-13 14:49:19 [basehttp INFO] "GET /api/application/4836ad3a-c05a-11f0-a7b6-dc567bb1e9dc/list_dataset HTTP/1.1" 200 352
2025-11-13 14:49:19 [basehttp INFO] "GET /api/provider HTTP/1.1" 200 286468
2025-11-13 14:49:19 [basehttp INFO] "GET /api/provider HTTP/1.1" 200 286468
2025-11-13 14:49:19 [basehttp INFO] "GET /api/application/4836ad3a-c05a-11f0-a7b6-dc567bb1e9dc/model HTTP/1.1" 200 47
2025-11-13 14:49:19 [basehttp INFO] "GET /api/application/4836ad3a-c05a-11f0-a7b6-dc567bb1e9dc/list_dataset HTTP/1.1" 200 352
2025-11-13 14:49:19 [basehttp INFO] "GET /api/application/4836ad3a-c05a-11f0-a7b6-dc567bb1e9dc/model HTTP/1.1" 200 47
2025-11-13 14:49:19 [basehttp INFO] "GET /api/provider HTTP/1.1" 200 286468
2025-11-13 14:49:19 [basehttp INFO] "GET /api/application/4836ad3a-c05a-11f0-a7b6-dc567bb1e9dc/list_dataset HTTP/1.1" 200 352
2025-11-13 14:49:19 [basehttp INFO] "GET /api/provider HTTP/1.1" 200 286468
2025-11-13 14:49:19 [basehttp INFO] "GET /api/application/4836ad3a-c05a-11f0-a7b6-dc567bb1e9dc/model HTTP/1.1" 200 47
2025-11-13 14:49:19 [basehttp INFO] "GET /api/application/4836ad3a-c05a-11f0-a7b6-dc567bb1e9dc/list_dataset HTTP/1.1" 200 352
2025-11-13 14:49:19 [basehttp INFO] "GET /api/provider HTTP/1.1" 200 286468
2025-11-13 14:49:19 [basehttp INFO] "GET /api/application/4836ad3a-c05a-11f0-a7b6-dc567bb1e9dc/model HTTP/1.1" 200 47
2025-11-13 14:49:19 [basehttp INFO] "GET /api/application/4836ad3a-c05a-11f0-a7b6-dc567bb1e9dc/model HTTP/1.1" 200 47
2025-11-13 14:49:19 [basehttp INFO] "GET /api/provider HTTP/1.1" 200 286468
2025-11-13 14:49:19 [basehttp INFO] "GET /api/application/4836ad3a-c05a-11f0-a7b6-dc567bb1e9dc/model HTTP/1.1" 200 47
2025-11-13 14:49:19 [basehttp INFO] "GET /api/application/4836ad3a-c05a-11f0-a7b6-dc567bb1e9dc/list_dataset HTTP/1.1" 200 352
2025-11-13 14:49:19 [basehttp INFO] "GET /api/provider HTTP/1.1" 200 286468
2025-11-13 14:49:19 [basehttp INFO] "GET /api/application/4836ad3a-c05a-11f0-a7b6-dc567bb1e9dc/model HTTP/1.1" 200 47
2025-11-13 14:49:19 [basehttp INFO] "GET /api/provider HTTP/1.1" 200 286468
2025-11-13 14:49:19 [basehttp INFO] "GET /api/provider HTTP/1.1" 200 286468
2025-11-13 14:49:19 [basehttp INFO] "GET /api/application/4836ad3a-c05a-11f0-a7b6-dc567bb1e9dc/model HTTP/1.1" 200 47
2025-11-13 14:49:19 [basehttp INFO] "GET /api/provider HTTP/1.1" 200 286468
2025-11-13 14:49:19 [basehttp INFO] "GET /api/application/4836ad3a-c05a-11f0-a7b6-dc567bb1e9dc/list_dataset HTTP/1.1" 200 352
2025-11-13 14:49:20 [basehttp INFO] "GET /api/application/4836ad3a-c05a-11f0-a7b6-dc567bb1e9dc/model HTTP/1.1" 200 47
2025-11-13 14:49:20 [basehttp INFO] "GET /api/application/4836ad3a-c05a-11f0-a7b6-dc567bb1e9dc/list_dataset HTTP/1.1" 200 352
2025-11-13 14:49:20 [basehttp INFO] "GET /api/provider HTTP/1.1" 200 286468
2025-11-13 14:49:20 [basehttp INFO] "GET /api/application/4836ad3a-c05a-11f0-a7b6-dc567bb1e9dc/model HTTP/1.1" 200 47
2025-11-13 14:49:20 [basehttp INFO] "GET /api/application/4836ad3a-c05a-11f0-a7b6-dc567bb1e9dc/model HTTP/1.1" 200 47
2025-11-13 14:49:20 [basehttp INFO] "GET /api/provider HTTP/1.1" 200 286468
2025-11-13 14:49:20 [basehttp INFO] "GET /api/provider HTTP/1.1" 200 286468
2025-11-13 14:49:20 [basehttp INFO] "GET /api/application/4836ad3a-c05a-11f0-a7b6-dc567bb1e9dc/model HTTP/1.1" 200 47
2025-11-13 14:49:20 [basehttp INFO] "GET /api/application/4836ad3a-c05a-11f0-a7b6-dc567bb1e9dc/list_dataset HTTP/1.1" 200 352
2025-11-13 14:49:20 [basehttp INFO] "GET /api/provider HTTP/1.1" 200 286468
2025-11-13 14:49:20 [basehttp INFO] "GET /api/application/4836ad3a-c05a-11f0-a7b6-dc567bb1e9dc/model HTTP/1.1" 200 47
2025-11-13 14:49:20 [basehttp INFO] "GET /api/provider HTTP/1.1" 200 286468
2025-11-13 14:49:20 [basehttp INFO] "GET /api/application/4836ad3a-c05a-11f0-a7b6-dc567bb1e9dc/list_dataset HTTP/1.1" 200 352
2025-11-13 14:49:20 [basehttp INFO] "GET /api/application/4836ad3a-c05a-11f0-a7b6-dc567bb1e9dc/model HTTP/1.1" 200 47
2025-11-13 14:49:20 [basehttp INFO] "GET /api/application/4836ad3a-c05a-11f0-a7b6-dc567bb1e9dc/model HTTP/1.1" 200 47
2025-11-13 14:49:20 [basehttp INFO] "GET /api/application/4836ad3a-c05a-11f0-a7b6-dc567bb1e9dc/model HTTP/1.1" 200 47
2025-11-13 14:49:20 [basehttp INFO] "GET /api/provider HTTP/1.1" 200 286468
2025-11-13 14:49:20 [basehttp INFO] "GET /api/provider HTTP/1.1" 200 286468
2025-11-13 14:49:20 [basehttp INFO] "GET /api/application/4836ad3a-c05a-11f0-a7b6-dc567bb1e9dc/list_dataset HTTP/1.1" 200 352
2025-11-13 14:49:20 [basehttp INFO] "GET /api/provider HTTP/1.1" 200 286468
2025-11-13 14:49:20 [basehttp INFO] "GET /api/provider HTTP/1.1" 200 286468
2025-11-13 14:49:20 [basehttp INFO] "GET /api/application/4836ad3a-c05a-11f0-a7b6-dc567bb1e9dc/model HTTP/1.1" 200 47
2025-11-13 14:49:20 [basehttp INFO] "GET /api/application/4836ad3a-c05a-11f0-a7b6-dc567bb1e9dc/model HTTP/1.1" 200 47
2025-11-13 14:49:20 [basehttp INFO] "GET /api/provider HTTP/1.1" 200 286468
2025-11-13 14:49:20 [basehttp INFO] "GET /api/application/4836ad3a-c05a-11f0-a7b6-dc567bb1e9dc/list_dataset HTTP/1.1" 200 352
2025-11-13 14:49:20 [basehttp INFO] "GET /api/application/4836ad3a-c05a-11f0-a7b6-dc567bb1e9dc/model HTTP/1.1" 200 47
2025-11-13 14:49:20 [basehttp INFO] "GET /api/provider HTTP/1.1" 200 286468
2025-11-13 14:49:20 [basehttp INFO] "GET /api/application/4836ad3a-c05a-11f0-a7b6-dc567bb1e9dc/model HTTP/1.1" 200 47
2025-11-13 14:49:20 [basehttp INFO] "GET /api/provider HTTP/1.1" 200 286468
2025-11-13 14:49:20 [basehttp INFO] "GET /api/provider HTTP/1.1" 200 286468
2025-11-13 14:49:20 [basehttp INFO] "GET /api/application/4836ad3a-c05a-11f0-a7b6-dc567bb1e9dc/model?model_type=IMAGE HTTP/1.1" 200 47
2025-11-13 14:49:20 [basehttp INFO] "GET /api/application/4836ad3a-c05a-11f0-a7b6-dc567bb1e9dc/model HTTP/1.1" 200 47
2025-11-13 14:49:20 [basehttp INFO] "GET /api/provider HTTP/1.1" 200 286468
2025-11-13 14:49:20 [basehttp INFO] "GET /api/application/4836ad3a-c05a-11f0-a7b6-dc567bb1e9dc/model HTTP/1.1" 200 47
2025-11-13 14:49:20 [basehttp INFO] "GET /api/provider HTTP/1.1" 200 286468
2025-11-13 14:49:20 [basehttp INFO] "GET /api/application/4836ad3a-c05a-11f0-a7b6-dc567bb1e9dc/model HTTP/1.1" 200 47
2025-11-13 14:49:20 [basehttp INFO] "GET /api/application/4836ad3a-c05a-11f0-a7b6-dc567bb1e9dc/model?model_type=IMAGE HTTP/1.1" 200 47
2025-11-13 14:49:20 [basehttp INFO] "GET /api/provider HTTP/1.1" 200 286468
2025-11-13 14:49:20 [basehttp INFO] "GET /api/provider HTTP/1.1" 200 286468
2025-11-13 14:49:20 [basehttp INFO] "GET /api/application/4836ad3a-c05a-11f0-a7b6-dc567bb1e9dc/list_dataset HTTP/1.1" 200 352
2025-11-13 14:49:20 [basehttp INFO] "GET /api/application/4836ad3a-c05a-11f0-a7b6-dc567bb1e9dc/model HTTP/1.1" 200 47
2025-11-13 14:49:20 [basehttp INFO] "GET /api/application/4836ad3a-c05a-11f0-a7b6-dc567bb1e9dc/function_lib/0bf06a52-6b53-11f0-9627-beb85ef1615f HTTP/1.1" 200 4777
2025-11-13 14:49:20 [basehttp INFO] "GET /api/provider HTTP/1.1" 200 286468
2025-11-13 14:49:20 [basehttp INFO] "GET /api/provider HTTP/1.1" 200 286468
2025-11-13 14:49:20 [basehttp INFO] "GET /api/application/4836ad3a-c05a-11f0-a7b6-dc567bb1e9dc/model HTTP/1.1" 200 47
2025-11-13 14:49:20 [basehttp INFO] "GET /api/application/4836ad3a-c05a-11f0-a7b6-dc567bb1e9dc/model HTTP/1.1" 200 47
2025-11-13 14:49:20 [basehttp INFO] "GET /api/application/4836ad3a-c05a-11f0-a7b6-dc567bb1e9dc/function_lib/83d696ae-7369-11f0-a3e2-beb85ef1615f HTTP/1.1" 200 10446
2025-11-13 14:49:20 [basehttp INFO] "GET /api/application/4836ad3a-c05a-11f0-a7b6-dc567bb1e9dc/model HTTP/1.1" 200 47
2025-11-13 14:49:20 [basehttp INFO] "GET /api/provider HTTP/1.1" 200 286468
2025-11-13 14:49:20 [basehttp INFO] "GET /api/application/4836ad3a-c05a-11f0-a7b6-dc567bb1e9dc/model HTTP/1.1" 200 47
2025-11-13 14:49:20 [basehttp INFO] "GET /api/application/4836ad3a-c05a-11f0-a7b6-dc567bb1e9dc/list_dataset HTTP/1.1" 200 352
2025-11-13 14:49:20 [basehttp INFO] "GET /api/provider HTTP/1.1" 200 286468
2025-11-13 14:49:20 [basehttp INFO] "GET /api/provider HTTP/1.1" 200 286468
2025-11-13 14:49:20 [basehttp INFO] "GET /api/application/4836ad3a-c05a-11f0-a7b6-dc567bb1e9dc/model HTTP/1.1" 200 47
2025-11-13 14:49:20 [basehttp INFO] "GET /api/provider HTTP/1.1" 200 286468
2025-11-13 14:49:20 [basehttp INFO] "GET /api/application/4836ad3a-c05a-11f0-a7b6-dc567bb1e9dc/model HTTP/1.1" 200 47
2025-11-13 14:49:20 [basehttp INFO] "GET /api/application/4836ad3a-c05a-11f0-a7b6-dc567bb1e9dc/model HTTP/1.1" 200 47
2025-11-13 14:49:20 [basehttp INFO] "GET /api/provider HTTP/1.1" 200 286468
2025-11-13 14:49:21 [basehttp INFO] "GET /api/application/4836ad3a-c05a-11f0-a7b6-dc567bb1e9dc/model HTTP/1.1" 200 47
2025-11-13 14:49:21 [basehttp INFO] "GET /api/provider HTTP/1.1" 200 286468
2025-11-13 14:49:21 [basehttp INFO] "GET /api/provider HTTP/1.1" 200 286468
2025-11-13 14:49:21 [basehttp INFO] "GET /api/application/4836ad3a-c05a-11f0-a7b6-dc567bb1e9dc/model HTTP/1.1" 200 47
2025-11-13 14:49:21 [basehttp INFO] "GET /api/application/4836ad3a-c05a-11f0-a7b6-dc567bb1e9dc/function_lib/ad3071a0-7d73-11f0-a8b2-1a8538159feb HTTP/1.1" 200 1144
2025-11-13 14:49:21 [basehttp INFO] "GET /api/application/4836ad3a-c05a-11f0-a7b6-dc567bb1e9dc/function_lib/cf5c8c82-8890-11f0-907b-4a61bd723f2e HTTP/1.1" 200 4753
2025-11-13 14:49:21 [basehttp INFO] "GET /api/application/4836ad3a-c05a-11f0-a7b6-dc567bb1e9dc/function_lib/aae6b7a8-8a32-11f0-a013-3efe430cb7c4 HTTP/1.1" 200 2685
2025-11-13 14:49:21 [basehttp INFO] "GET /api/application/4836ad3a-c05a-11f0-a7b6-dc567bb1e9dc/model HTTP/1.1" 200 47
2025-11-13 14:49:21 [basehttp INFO] "GET /api/provider HTTP/1.1" 200 286468
2025-11-13 14:49:21 [basehttp INFO] "GET /api/application/4836ad3a-c05a-11f0-a7b6-dc567bb1e9dc/model HTTP/1.1" 200 47
2025-11-13 14:49:21 [basehttp INFO] "GET /api/provider HTTP/1.1" 200 286468
2025-11-13 14:49:21 [basehttp INFO] "GET /api/provider HTTP/1.1" 200 286468
2025-11-13 14:49:21 [basehttp INFO] "GET /api/provider HTTP/1.1" 200 286468
2025-11-13 14:49:21 [basehttp INFO] "GET /api/application/4836ad3a-c05a-11f0-a7b6-dc567bb1e9dc/model HTTP/1.1" 200 47
2025-11-13 14:49:21 [basehttp INFO] "GET /api/application/4836ad3a-c05a-11f0-a7b6-dc567bb1e9dc/model HTTP/1.1" 200 47
2025-11-13 14:49:21 [basehttp INFO] "GET /api/provider HTTP/1.1" 200 286468
2025-11-13 14:49:21 [basehttp INFO] "GET /api/provider HTTP/1.1" 200 286468
2025-11-13 14:49:21 [basehttp INFO] "GET /api/application/4836ad3a-c05a-11f0-a7b6-dc567bb1e9dc/model HTTP/1.1" 200 47
2025-11-13 14:49:21 [basehttp INFO] "GET /api/provider HTTP/1.1" 200 286468
2025-11-13 14:49:21 [basehttp INFO] "GET /api/application/4836ad3a-c05a-11f0-a7b6-dc567bb1e9dc/model HTTP/1.1" 200 47
2025-11-13 14:49:21 [basehttp INFO] "GET /api/application/4836ad3a-c05a-11f0-a7b6-dc567bb1e9dc/model HTTP/1.1" 200 47
2025-11-13 14:50:43 [basehttp INFO] "POST /api/function_lib/pylint HTTP/1.1" 200 298
2025-11-13 14:50:46 [basehttp INFO] "POST /api/OpenAIchat HTTP/1.1" 200 44
2025-11-13 14:51:23 [basehttp INFO] "POST /api/OpenAIchat HTTP/1.1" 200 44
2025-11-13 14:51:27 [basehttp INFO] "POST /api/application/import HTTP/1.1" 200 49
2025-11-13 14:51:28 [basehttp INFO] "GET /api/model?model_type=EMBEDDING HTTP/1.1" 200 367
2025-11-13 14:51:28 [basehttp INFO] "GET /api/application/1/30 HTTP/1.1" 200 611424
2025-11-13 14:51:32 [basehttp INFO] "POST /api/dataset HTTP/1.1" 200 261
2025-11-13 14:51:37 [pdf_split_handle DEBUG] File: Invoice-A9B370F3-0031.pdf, Page: 1, Time :  0.006s,   content-length: 539
2025-11-13 14:51:37 [basehttp INFO] "POST /api/dataset/document/split HTTP/1.1" 200 731
2025-11-13 14:51:37 [basehttp INFO] "POST /api/dataset/3092be28-c05d-11f0-8e72-dc567bb1e9dc/document/_bach HTTP/1.1" 200 480
2025-11-13 14:51:37 [basehttp INFO] "GET /api/application/1/30 HTTP/1.1" 200 611424
2025-11-13 14:51:42 [basehttp INFO] "GET /api/application/2db404d6-c05d-11f0-8b6b-dc567bb1e9dc HTTP/1.1" 200 307107
2025-11-13 14:52:05 [basehttp INFO] "PUT /api/application/2db404d6-c05d-11f0-8b6b-dc567bb1e9dc HTTP/1.1" 200 90
2025-11-13 14:52:08 [basehttp INFO] "POST /api/application/2db404d6-c05d-11f0-8b6b-dc567bb1e9dc/publish HTTP/1.1" 200 102
2025-11-13 14:52:30 [basehttp INFO] "GET /api/user HTTP/1.1" 200 1168
2025-11-13 14:52:30 [basehttp INFO] "GET /api/profile HTTP/1.1" 200 114
2025-11-13 14:52:31 [basehttp INFO] "GET /api/user/list/APPLICATION HTTP/1.1" 200 145
2025-11-13 14:52:31 [basehttp INFO] "GET /api/application/1/30 HTTP/1.1" 200 611424
2025-11-13 14:54:16 [basehttp INFO] "PUT /api/application/4836ad3a-c05a-11f0-a7b6-dc567bb1e9dc HTTP/1.1" 200 304317
2025-11-13 14:55:43 [basehttp INFO] "POST /api/OpenAIchat HTTP/1.1" 200 44
2025-11-13 14:55:48 [basehttp INFO] "POST /api/application/import HTTP/1.1" 200 49
2025-11-13 14:55:48 [basehttp INFO] "GET /api/model?model_type=EMBEDDING HTTP/1.1" 200 367
2025-11-13 14:55:48 [basehttp INFO] "GET /api/application/1/30 HTTP/1.1" 200 918483
2025-11-13 14:55:51 [basehttp INFO] "POST /api/dataset HTTP/1.1" 200 263
2025-11-13 14:55:56 [pdf_split_handle DEBUG] File: Invoice-A9B370F3-0031.pdf, Page: 1, Time :  0.002s,   content-length: 539
2025-11-13 14:55:56 [basehttp INFO] "POST /api/dataset/document/split HTTP/1.1" 200 731
2025-11-13 14:55:56 [basehttp INFO] "POST /api/dataset/cb048a03-c05d-11f0-b074-dc567bb1e9dc/document/_bach HTTP/1.1" 200 480
2025-11-13 14:55:56 [basehttp INFO] "GET /api/application/1/30 HTTP/1.1" 200 918483
2025-11-13 14:55:58 [basehttp INFO] "GET /api/application/c8ce2029-c05d-11f0-9376-dc567bb1e9dc HTTP/1.1" 200 307107
2025-11-13 14:56:12 [basehttp INFO] "PUT /api/application/c8ce2029-c05d-11f0-9376-dc567bb1e9dc HTTP/1.1" 200 227473
2025-11-13 14:56:13 [basehttp INFO] "POST /api/application/c8ce2029-c05d-11f0-9376-dc567bb1e9dc/publish HTTP/1.1" 200 102
2025-11-13 14:56:18 [basehttp INFO] "GET /api/user HTTP/1.1" 200 1504
2025-11-13 14:56:18 [basehttp INFO] "GET /api/profile HTTP/1.1" 200 114
2025-11-13 14:56:18 [basehttp INFO] "GET /api/user/list/APPLICATION HTTP/1.1" 200 145
2025-11-13 14:56:19 [basehttp INFO] "GET /api/application/1/30 HTTP/1.1" 200 838849
2025-11-13 14:56:47 [basehttp INFO] "PUT /api/application/4836ad3a-c05a-11f0-a7b6-dc567bb1e9dc HTTP/1.1" 200 304317
2025-11-13 14:56:47 [basehttp INFO] "PUT /api/application/4836ad3a-c05a-11f0-a7b6-dc567bb1e9dc/publish HTTP/1.1" 200 114
2025-11-13 14:57:54 [basehttp INFO] "POST /api/OpenAIchat HTTP/1.1" 200 44
2025-11-13 14:57:58 [basehttp INFO] "POST /api/application/import HTTP/1.1" 200 49
2025-11-13 14:57:58 [basehttp INFO] "GET /api/model?model_type=EMBEDDING HTTP/1.1" 200 367
2025-11-13 14:57:58 [basehttp INFO] "GET /api/application/1/30 HTTP/1.1" 200 1145908
2025-11-13 14:58:01 [basehttp INFO] "POST /api/dataset HTTP/1.1" 200 262
2025-11-13 14:58:06 [pdf_split_handle DEBUG] File: Invoice-A9B370F3-0032.pdf, Page: 1, Time :  0.007s,   content-length: 547
2025-11-13 14:58:06 [basehttp INFO] "POST /api/dataset/document/split HTTP/1.1" 200 739
2025-11-13 14:58:06 [basehttp INFO] "POST /api/dataset/18678086-c05e-11f0-908f-dc567bb1e9dc/document/_bach HTTP/1.1" 200 480
2025-11-13 14:58:06 [basehttp INFO] "GET /api/application/1/30 HTTP/1.1" 200 1145908
2025-11-13 14:58:07 [basehttp INFO] "GET /api/application/16743737-c05e-11f0-830a-dc567bb1e9dc HTTP/1.1" 200 307107
2025-11-13 14:58:19 [basehttp INFO] "PUT /api/application/16743737-c05e-11f0-830a-dc567bb1e9dc HTTP/1.1" 200 227401
2025-11-13 14:58:21 [basehttp INFO] "PUT /api/application/16743737-c05e-11f0-830a-dc567bb1e9dc/publish HTTP/1.1" 200 75
2025-11-13 14:58:26 [basehttp INFO] "GET /api/user HTTP/1.1" 200 1840
2025-11-13 14:58:26 [basehttp INFO] "GET /api/profile HTTP/1.1" 200 114
2025-11-13 14:58:27 [basehttp INFO] "GET /api/user/list/APPLICATION HTTP/1.1" 200 145
2025-11-13 14:58:27 [basehttp INFO] "GET /api/application/1/30 HTTP/1.1" 200 1066202
2025-11-13 15:00:51 [basehttp INFO] "POST /api/OpenAIchat HTTP/1.1" 200 44
2025-11-13 15:00:54 [basehttp INFO] "POST /api/application/import HTTP/1.1" 200 49
2025-11-13 15:00:54 [basehttp INFO] "GET /api/model?model_type=EMBEDDING HTTP/1.1" 200 367
2025-11-13 15:00:54 [basehttp INFO] "GET /api/application/1/30 HTTP/1.1" 200 1373261
2025-11-13 15:01:00 [basehttp INFO] "POST /api/dataset HTTP/1.1" 200 262
2025-11-13 15:01:04 [pdf_split_handle DEBUG] File: Invoice-A9B370F3-0032.pdf, Page: 1, Time :  0.004s,   content-length: 547
2025-11-13 15:01:04 [basehttp INFO] "POST /api/dataset/document/split HTTP/1.1" 200 739
2025-11-13 15:01:04 [basehttp INFO] "POST /api/dataset/83113833-c05e-11f0-941e-dc567bb1e9dc/document/_bach HTTP/1.1" 200 480
2025-11-13 15:01:04 [basehttp INFO] "GET /api/application/1/30 HTTP/1.1" 200 1373261
2025-11-13 15:01:05 [basehttp INFO] "GET /api/application/7f80f03e-c05e-11f0-974f-dc567bb1e9dc HTTP/1.1" 200 307107
2025-11-13 15:01:13 [basehttp INFO] "PUT /api/application/7f80f03e-c05e-11f0-974f-dc567bb1e9dc HTTP/1.1" 200 90
2025-11-13 15:01:15 [basehttp INFO] "PUT /api/application/7f80f03e-c05e-11f0-974f-dc567bb1e9dc/publish HTTP/1.1" 200 114
2025-11-13 15:01:39 [basehttp INFO] "PUT /api/application/4836ad3a-c05a-11f0-a7b6-dc567bb1e9dc HTTP/1.1" 200 304317
2025-11-13 15:01:42 [basehttp INFO] "PUT /api/application/4836ad3a-c05a-11f0-a7b6-dc567bb1e9dc HTTP/1.1" 200 304317
2025-11-13 15:01:43 [basehttp INFO] "PUT /api/application/4836ad3a-c05a-11f0-a7b6-dc567bb1e9dc/publish HTTP/1.1" 200 114
2025-11-13 15:04:37 [basehttp INFO] "PUT /api/application/7f80f03e-c05e-11f0-974f-dc567bb1e9dc HTTP/1.1" 200 90
2025-11-13 15:05:28 [basehttp INFO] "PUT /api/application/4836ad3a-c05a-11f0-a7b6-dc567bb1e9dc HTTP/1.1" 200 304317
2025-11-13 15:18:00 [basehttp INFO] "POST /api/OpenAIchat HTTP/1.1" 200 44
2025-11-13 15:18:03 [basehttp INFO] "POST /api/application/import HTTP/1.1" 200 49
2025-11-13 15:18:03 [basehttp INFO] "GET /api/model?model_type=EMBEDDING HTTP/1.1" 200 367
2025-11-13 15:18:03 [basehttp INFO] "GET /api/application/1/30 HTTP/1.1" 200 1680320
2025-11-13 15:18:07 [basehttp INFO] "POST /api/dataset HTTP/1.1" 200 72
2025-11-13 15:18:33 [basehttp INFO] "GET /api/user HTTP/1.1" 200 2350
2025-11-13 15:18:33 [basehttp INFO] "GET /api/profile HTTP/1.1" 200 114
2025-11-13 15:18:33 [basehttp INFO] "GET /api/user/list/APPLICATION HTTP/1.1" 200 145
2025-11-13 15:18:33 [basehttp INFO] "GET /api/application/1/30 HTTP/1.1" 200 1680320
2025-11-13 15:18:37 [basehttp INFO] "DELETE /api/application/e4c1bd00-c060-11f0-8fe2-dc567bb1e9dc HTTP/1.1" 200 49
2025-11-13 15:18:39 [basehttp INFO] "DELETE /api/application/7f80f03e-c05e-11f0-974f-dc567bb1e9dc HTTP/1.1" 200 49
2025-11-13 15:18:41 [basehttp INFO] "DELETE /api/application/16743737-c05e-11f0-830a-dc567bb1e9dc HTTP/1.1" 200 49
2025-11-13 15:18:44 [basehttp INFO] "DELETE /api/application/c8ce2029-c05d-11f0-9376-dc567bb1e9dc HTTP/1.1" 200 49
2025-11-13 15:18:47 [basehttp INFO] "DELETE /api/application/2db404d6-c05d-11f0-8b6b-dc567bb1e9dc HTTP/1.1" 200 49
2025-11-13 15:18:49 [basehttp INFO] "DELETE /api/application/4836ad3a-c05a-11f0-a7b6-dc567bb1e9dc HTTP/1.1" 200 49
2025-11-13 15:18:52 [basehttp INFO] "GET /api/user/list/DATASET HTTP/1.1" 200 145
2025-11-13 15:18:53 [basehttp INFO] "GET /api/dataset/1/30 HTTP/1.1" 200 1984
2025-11-13 15:18:55 [basehttp INFO] "DELETE /api/dataset/83113833-c05e-11f0-941e-dc567bb1e9dc HTTP/1.1" 200 49
2025-11-13 15:18:57 [basehttp INFO] "DELETE /api/dataset/18678086-c05e-11f0-908f-dc567bb1e9dc HTTP/1.1" 200 49
2025-11-13 15:18:59 [basehttp INFO] "DELETE /api/dataset/cb048a03-c05d-11f0-b074-dc567bb1e9dc HTTP/1.1" 200 49
2025-11-13 15:19:00 [basehttp INFO] "DELETE /api/dataset/3092be28-c05d-11f0-8e72-dc567bb1e9dc HTTP/1.1" 200 49
2025-11-13 15:19:02 [basehttp INFO] "DELETE /api/dataset/4ac7e791-c05a-11f0-8918-dc567bb1e9dc HTTP/1.1" 200 49
2025-11-13 15:19:09 [basehttp INFO] "POST /api/OpenAIchat HTTP/1.1" 200 44
2025-11-13 15:19:13 [basehttp INFO] "POST /api/application/import HTTP/1.1" 200 49
2025-11-13 15:19:13 [basehttp INFO] "GET /api/model?model_type=EMBEDDING HTTP/1.1" 200 367
2025-11-13 15:19:13 [basehttp INFO] "GET /api/application/1/30 HTTP/1.1" 200 307155
2025-11-13 15:19:18 [basehttp INFO] "POST /api/dataset HTTP/1.1" 200 261
2025-11-13 15:19:22 [pdf_split_handle DEBUG] File: Invoice-A9B370F3-0031.pdf, Page: 1, Time :  0.005s,   content-length: 539
2025-11-13 15:19:22 [basehttp INFO] "POST /api/dataset/document/split HTTP/1.1" 200 731
2025-11-13 15:19:22 [basehttp INFO] "POST /api/dataset/111f95de-c061-11f0-ba2e-dc567bb1e9dc/document/_bach HTTP/1.1" 200 480
2025-11-13 15:19:22 [basehttp INFO] "GET /api/application/1/30 HTTP/1.1" 200 307155
2025-11-13 15:19:23 [basehttp INFO] "GET /api/application/0e4bf274-c061-11f0-8a59-dc567bb1e9dc HTTP/1.1" 200 307107
2025-11-13 15:19:35 [basehttp INFO] "PUT /api/application/0e4bf274-c061-11f0-8a59-dc567bb1e9dc HTTP/1.1" 200 307370
2025-11-13 15:19:46 [basehttp INFO] "PUT /api/application/0e4bf274-c061-11f0-8a59-dc567bb1e9dc/publish HTTP/1.1" 200 114
2025-11-13 15:20:45 [basehttp INFO] "POST /api/OpenAIchat HTTP/1.1" 200 34079
2025-11-13 15:21:02 [basehttp INFO] "POST /api/OpenAIchat HTTP/1.1" 200 28635
2025-11-13 15:21:17 [basehttp INFO] "POST /api/OpenAIchat HTTP/1.1" 200 25587
2025-11-13 15:22:00 [basehttp INFO] "POST /api/OpenAIchat HTTP/1.1" 200 40975
2025-11-13 15:24:19 [basehttp INFO] "POST /api/OpenAIchat HTTP/1.1" 200 16547
2025-11-13 15:24:26 [basehttp INFO] "POST /api/OpenAIchat HTTP/1.1" 200 88
2025-11-13 15:28:24 [basehttp INFO] "GET /api/user HTTP/1.1" 200 832
2025-11-13 15:28:24 [basehttp INFO] "GET /api/profile HTTP/1.1" 200 114
2025-11-13 15:28:24 [basehttp INFO] "GET /api/user/list/DATASET HTTP/1.1" 200 145
2025-11-13 15:28:24 [basehttp INFO] "GET /api/user HTTP/1.1" 200 832
2025-11-13 15:28:24 [basehttp INFO] "GET /api/profile HTTP/1.1" 200 114
2025-11-13 15:28:24 [basehttp INFO] "GET /api/dataset/1/30 HTTP/1.1" 200 473
2025-11-13 15:28:25 [log WARNING] Forbidden: /api/application/4836ad3a-c05a-11f0-a7b6-dc567bb1e9dc
2025-11-13 15:28:25 [log WARNING] Forbidden: /api/application/4836ad3a-c05a-11f0-a7b6-dc567bb1e9dc/application
2025-11-13 15:28:25 [log WARNING] Forbidden: /api/application/4836ad3a-c05a-11f0-a7b6-dc567bb1e9dc/function_lib
2025-11-13 15:28:25 [basehttp WARNING] "GET /api/application/4836ad3a-c05a-11f0-a7b6-dc567bb1e9dc HTTP/1.1" 403 65
2025-11-13 15:28:25 [basehttp WARNING] "GET /api/application/4836ad3a-c05a-11f0-a7b6-dc567bb1e9dc/application HTTP/1.1" 403 65
2025-11-13 15:28:25 [basehttp WARNING] "GET /api/application/4836ad3a-c05a-11f0-a7b6-dc567bb1e9dc/function_lib HTTP/1.1" 403 65
2025-11-13 15:28:26 [basehttp INFO] "GET /api/user HTTP/1.1" 200 832
2025-11-13 15:28:26 [basehttp INFO] "GET /api/profile HTTP/1.1" 200 114
2025-11-13 15:28:26 [basehttp INFO] "GET /api/user/list/APPLICATION HTTP/1.1" 200 145
2025-11-13 15:28:26 [basehttp INFO] "GET /api/application/1/30 HTTP/1.1" 200 307418
2025-11-13 15:29:43 [basehttp INFO] "POST /api/OpenAIchat HTTP/1.1" 200 7083
2025-11-13 15:36:22 [basehttp INFO] "GET /api/user HTTP/1.1" 200 832
2025-11-13 15:36:22 [basehttp INFO] "GET /api/profile HTTP/1.1" 200 114
2025-11-13 15:36:22 [basehttp INFO] "GET /api/user HTTP/1.1" 200 832
2025-11-13 15:36:22 [basehttp INFO] "GET /api/profile HTTP/1.1" 200 114
2025-11-13 15:36:23 [log WARNING] Forbidden: /api/application/4836ad3a-c05a-11f0-a7b6-dc567bb1e9dc/function_lib
2025-11-13 15:36:23 [basehttp WARNING] "GET /api/application/4836ad3a-c05a-11f0-a7b6-dc567bb1e9dc/function_lib HTTP/1.1" 403 65
2025-11-13 15:36:23 [log WARNING] Forbidden: /api/application/4836ad3a-c05a-11f0-a7b6-dc567bb1e9dc
2025-11-13 15:36:23 [basehttp WARNING] "GET /api/application/4836ad3a-c05a-11f0-a7b6-dc567bb1e9dc HTTP/1.1" 403 65
2025-11-13 15:36:23 [basehttp INFO] "GET /api/user/list/DATASET HTTP/1.1" 200 145
2025-11-13 15:36:23 [log WARNING] Forbidden: /api/application/4836ad3a-c05a-11f0-a7b6-dc567bb1e9dc/application
2025-11-13 15:36:23 [basehttp WARNING] "GET /api/application/4836ad3a-c05a-11f0-a7b6-dc567bb1e9dc/application HTTP/1.1" 403 65
2025-11-13 15:36:23 [basehttp INFO] "GET /api/dataset/1/30 HTTP/1.1" 200 473
2025-11-13 15:36:24 [basehttp INFO] "GET /api/user HTTP/1.1" 200 832
2025-11-13 15:36:24 [basehttp INFO] "GET /api/profile HTTP/1.1" 200 114
2025-11-13 15:36:25 [basehttp INFO] "GET /api/user/list/APPLICATION HTTP/1.1" 200 145
2025-11-13 15:36:25 [basehttp INFO] "GET /api/application/1/30 HTTP/1.1" 200 307418
2025-11-13 15:46:08 [log WARNING] Forbidden: /api/application/4836ad3a-c05a-11f0-a7b6-dc567bb1e9dc/access_token
2025-11-13 15:46:08 [log WARNING] Forbidden: /api/application/4836ad3a-c05a-11f0-a7b6-dc567bb1e9dc
2025-11-13 15:46:08 [basehttp WARNING] "GET /api/application/4836ad3a-c05a-11f0-a7b6-dc567bb1e9dc/access_token HTTP/1.1" 403 65
2025-11-13 15:46:08 [basehttp WARNING] "GET /api/application/4836ad3a-c05a-11f0-a7b6-dc567bb1e9dc HTTP/1.1" 403 65
2025-11-13 15:46:08 [basehttp INFO] "GET /api/application HTTP/1.1" 200 307367
2025-11-13 15:46:08 [log WARNING] Forbidden: /api/application/4836ad3a-c05a-11f0-a7b6-dc567bb1e9dc/statistics/chat_record_aggregate_trend
2025-11-13 15:46:08 [basehttp WARNING] "GET /api/application/4836ad3a-c05a-11f0-a7b6-dc567bb1e9dc/statistics/chat_record_aggregate_trend?start_time=2025-11-06&end_time=2025-11-13 HTTP/1.1" 403 65
2025-11-13 15:46:09 [basehttp INFO] "GET /api/user/list/APPLICATION HTTP/1.1" 200 145
2025-11-13 15:46:10 [basehttp INFO] "GET /api/application/1/30 HTTP/1.1" 200 307418
2025-11-13 15:46:11 [basehttp INFO] "GET /api/application/0e4bf274-c061-11f0-8a59-dc567bb1e9dc/access_token HTTP/1.1" 200 258
2025-11-13 15:46:11 [basehttp INFO] "GET /api/application/0e4bf274-c061-11f0-8a59-dc567bb1e9dc/statistics/chat_record_aggregate_trend?start_time=2025-11-06&end_time=2025-11-13 HTTP/1.1" 200 1189
2025-11-13 15:46:11 [basehttp INFO] "GET /api/application/0e4bf274-c061-11f0-8a59-dc567bb1e9dc HTTP/1.1" 200 307370
2025-11-13 15:46:11 [basehttp INFO] "GET /api/application HTTP/1.1" 200 307367
2025-11-13 15:46:12 [basehttp INFO] "GET /api/profile HTTP/1.1" 200 114
2025-11-13 15:46:12 [basehttp INFO] "POST /api/application/authentication HTTP/1.1" 200 425
2025-11-13 15:46:12 [basehttp INFO] "GET /api/application/profile HTTP/1.1" 200 306652
2025-11-13 15:46:12 [basehttp INFO] "GET /api/application/0e4bf274-c061-11f0-8a59-dc567bb1e9dc/chat/client/1/20 HTTP/1.1" 200 98
2025-11-13 15:55:11 [basehttp INFO] "GET /api/profile HTTP/1.1" 200 114
2025-11-13 15:55:11 [basehttp INFO] "POST /api/application/authentication HTTP/1.1" 200 425
2025-11-13 15:55:11 [basehttp INFO] "GET /api/application/profile HTTP/1.1" 200 306652
2025-11-13 15:55:12 [basehttp INFO] "GET /api/application/0e4bf274-c061-11f0-8a59-dc567bb1e9dc/chat/client/1/20 HTTP/1.1" 200 98
2025-11-13 15:59:36 [basehttp INFO] "GET /api/profile HTTP/1.1" 200 114
2025-11-13 15:59:36 [basehttp INFO] "POST /api/application/authentication HTTP/1.1" 200 425
2025-11-13 15:59:36 [basehttp INFO] "GET /api/application/profile HTTP/1.1" 200 306652
2025-11-13 15:59:36 [basehttp INFO] "GET /api/application/0e4bf274-c061-11f0-8a59-dc567bb1e9dc/chat/client/1/20 HTTP/1.1" 200 98
2025-11-13 16:04:06 [basehttp INFO] "GET /api/application/0e4bf274-c061-11f0-8a59-dc567bb1e9dc/chat/client/1/20 HTTP/1.1" 200 98
2025-11-13 16:04:31 [basehttp INFO] "GET /api/application/0e4bf274-c061-11f0-8a59-dc567bb1e9dc/chat/client/1/20 HTTP/1.1" 200 98
2025-11-13 16:04:43 [basehttp INFO] "GET /api/application/0e4bf274-c061-11f0-8a59-dc567bb1e9dc/chat/client/1/20 HTTP/1.1" 200 98
2025-11-13 16:05:23 [basehttp INFO] "GET /api/application/0e4bf274-c061-11f0-8a59-dc567bb1e9dc/chat/client/1/20 HTTP/1.1" 200 98
2025-11-13 16:05:49 [basehttp INFO] "GET /api/application/0e4bf274-c061-11f0-8a59-dc567bb1e9dc/chat/client/1/20 HTTP/1.1" 200 98
2025-11-13 16:07:00 [basehttp INFO] "GET /api/application/0e4bf274-c061-11f0-8a59-dc567bb1e9dc/chat/client/1/20 HTTP/1.1" 200 98
2025-11-13 16:07:13 [basehttp INFO] "GET /api/application/0e4bf274-c061-11f0-8a59-dc567bb1e9dc/chat/client/1/20 HTTP/1.1" 200 98
2025-11-13 16:08:59 [basehttp INFO] "GET /api/profile HTTP/1.1" 200 114
2025-11-13 16:08:59 [basehttp INFO] "POST /api/application/authentication HTTP/1.1" 200 425
2025-11-13 16:08:59 [basehttp INFO] "GET /api/application/profile HTTP/1.1" 200 306652
2025-11-13 16:09:00 [basehttp INFO] "GET /api/application/0e4bf274-c061-11f0-8a59-dc567bb1e9dc/chat/client/1/20 HTTP/1.1" 200 98
2025-11-13 16:09:24 [basehttp INFO] "GET /api/application/1/30?select_user_id=f0dd8f71-e4ee-11ee-8c84-a8a1595801ab HTTP/1.1" 200 307418
2025-11-13 16:09:25 [basehttp INFO] "GET /api/application/1/30 HTTP/1.1" 200 307418
2025-11-13 16:09:27 [basehttp INFO] "POST /api/user/language HTTP/1.1" 200 49
2025-11-13 16:09:28 [basehttp INFO] "GET /api/user HTTP/1.1" 200 838
2025-11-13 16:09:28 [basehttp INFO] "GET /api/profile HTTP/1.1" 200 114
2025-11-13 16:09:28 [basehttp INFO] "GET /api/user/list/APPLICATION HTTP/1.1" 200 154
2025-11-13 16:09:28 [basehttp INFO] "GET /api/application/1/30 HTTP/1.1" 200 307418
2025-11-13 16:09:30 [basehttp INFO] "GET /api/application/1/30?select_user_id=f0dd8f71-e4ee-11ee-8c84-a8a1595801ab HTTP/1.1" 200 307418
2025-11-13 16:09:31 [basehttp INFO] "GET /api/application/1/30 HTTP/1.1" 200 307418
2025-11-13 16:09:39 [basehttp INFO] "POST /api/user/language HTTP/1.1" 200 49
2025-11-13 16:09:40 [basehttp INFO] "GET /api/user HTTP/1.1" 200 835
2025-11-13 16:09:40 [basehttp INFO] "GET /api/profile HTTP/1.1" 200 114
2025-11-13 16:09:40 [basehttp INFO] "GET /api/user/list/APPLICATION HTTP/1.1" 200 145
2025-11-13 16:09:40 [basehttp INFO] "GET /api/application/1/30 HTTP/1.1" 200 307418
2025-11-13 16:13:03 [basehttp INFO] "GET /api/user HTTP/1.1" 200 835
2025-11-13 16:13:03 [basehttp INFO] "GET /api/profile HTTP/1.1" 200 114
2025-11-13 16:13:03 [basehttp INFO] "GET /api/profile HTTP/1.1" 200 114
2025-11-13 16:13:03 [basehttp INFO] "POST /api/application/authentication HTTP/1.1" 200 425
2025-11-13 16:13:03 [basehttp INFO] "GET /api/user HTTP/1.1" 200 835
2025-11-13 16:13:03 [basehttp INFO] "GET /api/profile HTTP/1.1" 200 114
2025-11-13 16:13:03 [basehttp INFO] "GET /api/application/profile HTTP/1.1" 200 306652
2025-11-13 16:13:03 [basehttp INFO] "GET /api/application/0e4bf274-c061-11f0-8a59-dc567bb1e9dc/chat/client/1/20 HTTP/1.1" 200 98
2025-11-13 16:13:03 [basehttp INFO] "GET /api/application/0e4bf274-c061-11f0-8a59-dc567bb1e9dc/access_token HTTP/1.1" 200 258
2025-11-13 16:13:03 [basehttp INFO] "GET /api/application HTTP/1.1" 200 307367
2025-11-13 16:13:03 [basehttp INFO] "GET /api/application/0e4bf274-c061-11f0-8a59-dc567bb1e9dc/statistics/chat_record_aggregate_trend?start_time=2025-11-06&end_time=2025-11-13 HTTP/1.1" 200 1189
2025-11-13 16:13:03 [basehttp INFO] "GET /api/application/0e4bf274-c061-11f0-8a59-dc567bb1e9dc HTTP/1.1" 200 307370
2025-11-13 16:13:03 [basehttp INFO] "GET /api/user/list/APPLICATION HTTP/1.1" 200 145
2025-11-13 16:13:04 [basehttp INFO] "GET /api/application/1/30 HTTP/1.1" 200 307418
2025-11-13 16:13:05 [basehttp INFO] "GET /api/user HTTP/1.1" 200 835
2025-11-13 16:13:05 [basehttp INFO] "GET /api/profile HTTP/1.1" 200 114
2025-11-13 16:13:05 [basehttp INFO] "GET /api/user/list/DATASET HTTP/1.1" 200 145
2025-11-13 16:13:06 [basehttp INFO] "GET /api/dataset/1/30 HTTP/1.1" 200 473
2025-11-13 16:13:11 [basehttp INFO] "GET /api/user HTTP/1.1" 200 835
2025-11-13 16:13:11 [basehttp INFO] "GET /api/profile HTTP/1.1" 200 114
2025-11-13 16:13:11 [basehttp INFO] "GET /api/user HTTP/1.1" 200 835
2025-11-13 16:13:11 [basehttp INFO] "GET /api/profile HTTP/1.1" 200 114
2025-11-13 16:13:11 [basehttp INFO] "GET /api/profile HTTP/1.1" 200 114
2025-11-13 16:13:11 [basehttp INFO] "POST /api/application/authentication HTTP/1.1" 200 425
2025-11-13 16:13:12 [basehttp INFO] "GET /api/application HTTP/1.1" 200 307367
2025-11-13 16:13:12 [basehttp INFO] "GET /api/application/0e4bf274-c061-11f0-8a59-dc567bb1e9dc HTTP/1.1" 200 307370
2025-11-13 16:13:12 [basehttp INFO] "GET /api/application/0e4bf274-c061-11f0-8a59-dc567bb1e9dc/statistics/chat_record_aggregate_trend?start_time=2025-11-06&end_time=2025-11-13 HTTP/1.1" 200 1189
2025-11-13 16:13:12 [basehttp INFO] "GET /api/application/0e4bf274-c061-11f0-8a59-dc567bb1e9dc/access_token HTTP/1.1" 200 258
2025-11-13 16:13:12 [basehttp INFO] "GET /api/application/profile HTTP/1.1" 200 306652
2025-11-13 16:13:12 [basehttp INFO] "GET /api/user/list/APPLICATION HTTP/1.1" 200 145
2025-11-13 16:13:12 [basehttp INFO] "GET /api/application/1/30 HTTP/1.1" 200 307418
2025-11-13 16:13:12 [basehttp INFO] "GET /api/application/0e4bf274-c061-11f0-8a59-dc567bb1e9dc/chat/client/1/20 HTTP/1.1" 200 98
2025-11-13 16:13:14 [basehttp INFO] "GET /api/user HTTP/1.1" 200 835
2025-11-13 16:13:14 [basehttp INFO] "GET /api/profile HTTP/1.1" 200 114
2025-11-13 16:13:14 [basehttp INFO] "GET /api/user/list/DATASET HTTP/1.1" 200 145
2025-11-13 16:13:14 [basehttp INFO] "GET /api/dataset/1/30 HTTP/1.1" 200 473
2025-11-13 16:20:35 [basehttp INFO] "POST /api/user/language HTTP/1.1" 200 49
2025-11-13 16:20:36 [basehttp INFO] "GET /api/user HTTP/1.1" 200 838
2025-11-13 16:20:36 [basehttp INFO] "GET /api/profile HTTP/1.1" 200 114
2025-11-13 16:20:37 [basehttp INFO] "GET /api/user/list/APPLICATION HTTP/1.1" 200 154
2025-11-13 16:20:37 [basehttp INFO] "GET /api/application/1/30 HTTP/1.1" 200 307418
2025-11-13 16:20:45 [basehttp INFO] "POST /api/user/language HTTP/1.1" 200 49
2025-11-13 16:20:46 [basehttp INFO] "GET /api/user HTTP/1.1" 200 835
2025-11-13 16:20:46 [basehttp INFO] "GET /api/profile HTTP/1.1" 200 114
2025-11-13 16:20:46 [basehttp INFO] "GET /api/user/list/APPLICATION HTTP/1.1" 200 145
2025-11-13 16:20:46 [basehttp INFO] "GET /api/application/1/30 HTTP/1.1" 200 307418
2025-11-13 16:20:56 [basehttp INFO] "GET /api/user HTTP/1.1" 200 835
2025-11-13 16:20:56 [basehttp INFO] "GET /api/profile HTTP/1.1" 200 114
2025-11-13 16:20:56 [basehttp INFO] "GET /api/user HTTP/1.1" 200 835
2025-11-13 16:20:56 [basehttp INFO] "GET /api/profile HTTP/1.1" 200 114
2025-11-13 16:20:56 [basehttp INFO] "GET /api/profile HTTP/1.1" 200 114
2025-11-13 16:20:57 [basehttp INFO] "POST /api/application/authentication HTTP/1.1" 200 425
2025-11-13 16:20:57 [basehttp INFO] "GET /api/application/profile HTTP/1.1" 200 306652
2025-11-13 16:20:57 [basehttp INFO] "GET /api/application HTTP/1.1" 200 307367
2025-11-13 16:20:57 [basehttp INFO] "GET /api/application/0e4bf274-c061-11f0-8a59-dc567bb1e9dc/statistics/chat_record_aggregate_trend?start_time=2025-11-06&end_time=2025-11-13 HTTP/1.1" 200 1189
2025-11-13 16:20:57 [basehttp INFO] "GET /api/application/0e4bf274-c061-11f0-8a59-dc567bb1e9dc/access_token HTTP/1.1" 200 258
2025-11-13 16:20:57 [basehttp INFO] "GET /api/application/0e4bf274-c061-11f0-8a59-dc567bb1e9dc HTTP/1.1" 200 307370
2025-11-13 16:20:57 [basehttp INFO] "GET /api/user/list/APPLICATION HTTP/1.1" 200 145
2025-11-13 16:20:57 [basehttp INFO] "GET /api/application/1/30 HTTP/1.1" 200 307418
2025-11-13 16:20:57 [basehttp INFO] "GET /api/application/0e4bf274-c061-11f0-8a59-dc567bb1e9dc/chat/client/1/20 HTTP/1.1" 200 98
2025-11-13 16:20:59 [basehttp INFO] "GET /api/user HTTP/1.1" 200 835
2025-11-13 16:20:59 [basehttp INFO] "GET /api/profile HTTP/1.1" 200 114
2025-11-13 16:20:59 [basehttp INFO] "GET /api/user/list/DATASET HTTP/1.1" 200 145
2025-11-13 16:20:59 [basehttp INFO] "GET /api/dataset/1/30 HTTP/1.1" 200 473
2025-11-13 16:21:01 [basehttp INFO] "POST /api/user/language HTTP/1.1" 200 49
2025-11-13 16:21:02 [basehttp INFO] "GET /api/user HTTP/1.1" 200 838
2025-11-13 16:21:02 [basehttp INFO] "GET /api/profile HTTP/1.1" 200 114
2025-11-13 16:21:02 [basehttp INFO] "GET /api/user/list/APPLICATION HTTP/1.1" 200 154
2025-11-13 16:21:03 [basehttp INFO] "GET /api/application/1/30 HTTP/1.1" 200 307418
2025-11-13 16:21:05 [basehttp INFO] "GET /api/application/1/30?select_user_id=f0dd8f71-e4ee-11ee-8c84-a8a1595801ab HTTP/1.1" 200 307418
2025-11-13 16:21:07 [basehttp INFO] "GET /api/application/1/30 HTTP/1.1" 200 307418
2025-11-13 16:22:47 [basehttp INFO] "GET /api/user HTTP/1.1" 200 838
2025-11-13 16:22:48 [basehttp INFO] "GET /api/profile HTTP/1.1" 200 114
2025-11-13 16:22:48 [basehttp INFO] "GET /api/user/list/APPLICATION HTTP/1.1" 200 154
2025-11-13 16:22:48 [basehttp INFO] "GET /api/application/1/30 HTTP/1.1" 200 307418
2025-11-13 16:22:50 [basehttp INFO] "GET /api/application/1/30?select_user_id=f0dd8f71-e4ee-11ee-8c84-a8a1595801ab HTTP/1.1" 200 307418
2025-11-13 16:22:51 [basehttp INFO] "GET /api/application/1/30 HTTP/1.1" 200 307418
2025-11-13 16:26:39 [basehttp INFO] "GET /api/profile HTTP/1.1" 200 114
2025-11-13 16:26:39 [basehttp INFO] "POST /api/application/authentication HTTP/1.1" 200 425
2025-11-13 16:26:39 [basehttp INFO] "GET /api/application/profile HTTP/1.1" 200 306652
2025-11-13 16:26:39 [basehttp INFO] "GET /api/application/0e4bf274-c061-11f0-8a59-dc567bb1e9dc/chat/client/1/20 HTTP/1.1" 200 98
2025-11-13 16:28:38 [basehttp INFO] "GET /api/application/0e4bf274-c061-11f0-8a59-dc567bb1e9dc/chat/client/1/20 HTTP/1.1" 200 98
2025-11-13 16:28:41 [basehttp INFO] "GET /api/profile HTTP/1.1" 200 114
2025-11-13 16:28:42 [basehttp INFO] "POST /api/application/authentication HTTP/1.1" 200 425
2025-11-13 16:28:42 [basehttp INFO] "GET /api/application/profile HTTP/1.1" 200 306652
2025-11-13 16:28:42 [basehttp INFO] "GET /api/application/0e4bf274-c061-11f0-8a59-dc567bb1e9dc/chat/client/1/20 HTTP/1.1" 200 98
2025-11-13 16:29:33 [basehttp INFO] "GET /api/profile HTTP/1.1" 200 114
2025-11-13 16:29:33 [basehttp INFO] "POST /api/application/authentication HTTP/1.1" 200 425
2025-11-13 16:29:33 [basehttp INFO] "GET /api/application/profile HTTP/1.1" 200 306652
2025-11-13 16:29:33 [basehttp INFO] "GET /api/application/0e4bf274-c061-11f0-8a59-dc567bb1e9dc/chat/client/1/20 HTTP/1.1" 200 98
2025-11-13 16:30:16 [basehttp INFO] "GET /api/profile HTTP/1.1" 200 114
2025-11-13 16:30:17 [basehttp INFO] "POST /api/application/authentication HTTP/1.1" 200 425
2025-11-13 16:30:17 [basehttp INFO] "GET /api/application/profile HTTP/1.1" 200 306652
2025-11-13 16:30:17 [basehttp INFO] "GET /api/application/0e4bf274-c061-11f0-8a59-dc567bb1e9dc/chat/client/1/20 HTTP/1.1" 200 98
2025-11-13 16:40:18 [basehttp INFO] "GET /api/profile HTTP/1.1" 200 114
2025-11-13 16:40:18 [basehttp INFO] "POST /api/application/authentication HTTP/1.1" 200 425
2025-11-13 16:40:18 [basehttp INFO] "GET /api/application/profile HTTP/1.1" 200 306652
2025-11-13 16:40:18 [basehttp INFO] "GET /api/application/0e4bf274-c061-11f0-8a59-dc567bb1e9dc/chat/client/1/20 HTTP/1.1" 200 98
2025-11-13 16:44:26 [basehttp INFO] "GET /api/application/0e4bf274-c061-11f0-8a59-dc567bb1e9dc/chat/client/1/20 HTTP/1.1" 200 98
2025-11-13 16:51:17 [basehttp INFO] "GET /api/application/0e4bf274-c061-11f0-8a59-dc567bb1e9dc/chat/client/1/20 HTTP/1.1" 200 98
2025-11-13 16:54:27 [basehttp INFO] "GET /api/application/0e4bf274-c061-11f0-8a59-dc567bb1e9dc/chat/open HTTP/1.1" 200 113
2025-11-13 16:54:34 [basehttp INFO] "GET /api/profile HTTP/1.1" 200 114
2025-11-13 16:54:34 [basehttp INFO] "POST /api/application/authentication HTTP/1.1" 200 425
2025-11-13 16:54:34 [basehttp INFO] "GET /api/application/profile HTTP/1.1" 200 306652
2025-11-13 16:54:34 [basehttp INFO] "GET /api/application/0e4bf274-c061-11f0-8a59-dc567bb1e9dc/chat/client/1/20 HTTP/1.1" 200 98
2025-11-13 16:54:42 [basehttp INFO] "GET /api/application/0e4bf274-c061-11f0-8a59-dc567bb1e9dc/chat/open HTTP/1.1" 200 113
2025-11-13 16:54:47 [basehttp INFO] "GET /api/profile HTTP/1.1" 200 114
2025-11-13 16:54:47 [basehttp INFO] "POST /api/application/authentication HTTP/1.1" 200 425
2025-11-13 16:54:47 [basehttp INFO] "GET /api/application/profile HTTP/1.1" 200 306652
2025-11-13 16:54:47 [basehttp INFO] "GET /api/application/0e4bf274-c061-11f0-8a59-dc567bb1e9dc/chat/client/1/20 HTTP/1.1" 200 98
2025-11-13 16:56:56 [basehttp INFO] "GET /api/profile HTTP/1.1" 200 114
2025-11-13 16:56:56 [basehttp INFO] "POST /api/application/authentication HTTP/1.1" 200 425
2025-11-13 16:56:56 [basehttp INFO] "GET /api/application/profile HTTP/1.1" 200 306652
2025-11-13 16:56:56 [basehttp INFO] "GET /api/application/0e4bf274-c061-11f0-8a59-dc567bb1e9dc/chat/client/1/20 HTTP/1.1" 200 98
2025-11-13 17:00:08 [basehttp INFO] "GET /api/profile HTTP/1.1" 200 114
2025-11-13 17:00:08 [basehttp INFO] "POST /api/application/authentication HTTP/1.1" 200 425
2025-11-13 17:00:08 [basehttp INFO] "GET /api/application/profile HTTP/1.1" 200 306652
2025-11-13 17:00:08 [basehttp INFO] "GET /api/application/0e4bf274-c061-11f0-8a59-dc567bb1e9dc/chat/client/1/20 HTTP/1.1" 200 98
2025-11-13 17:00:20 [basehttp INFO] "GET /api/profile HTTP/1.1" 200 114
2025-11-13 17:00:20 [basehttp INFO] "POST /api/application/authentication HTTP/1.1" 200 425
2025-11-13 17:00:21 [basehttp INFO] "GET /api/application/profile HTTP/1.1" 200 306652
2025-11-13 17:00:21 [basehttp INFO] "GET /api/application/0e4bf274-c061-11f0-8a59-dc567bb1e9dc/chat/client/1/20 HTTP/1.1" 200 98
2025-11-13 17:01:20 [basehttp INFO] "GET /api/user HTTP/1.1" 200 838
2025-11-13 17:01:20 [basehttp INFO] "GET /api/profile HTTP/1.1" 200 114
2025-11-13 17:01:20 [basehttp INFO] "GET /api/application/0e4bf274-c061-11f0-8a59-dc567bb1e9dc/access_token HTTP/1.1" 200 258
2025-11-13 17:01:20 [basehttp INFO] "GET /api/application HTTP/1.1" 200 307367
2025-11-13 17:01:20 [basehttp INFO] "GET /api/application/0e4bf274-c061-11f0-8a59-dc567bb1e9dc/statistics/chat_record_aggregate_trend?start_time=2025-11-06&end_time=2025-11-13 HTTP/1.1" 200 1189
2025-11-13 17:01:20 [basehttp INFO] "GET /api/application/0e4bf274-c061-11f0-8a59-dc567bb1e9dc HTTP/1.1" 200 307370
2025-11-13 17:01:23 [basehttp INFO] "GET /api/user/list/APPLICATION HTTP/1.1" 200 154
2025-11-13 17:01:23 [basehttp INFO] "GET /api/application/1/30 HTTP/1.1" 200 307418
2025-11-14 09:05:51 [log WARNING] Unauthorized: /api/user
2025-11-14 09:05:51 [basehttp WARNING] "GET /api/user HTTP/1.1" 401 56
2025-11-14 09:05:52 [basehttp INFO] "GET /api/profile HTTP/1.1" 200 114
2025-11-14 09:06:02 [basehttp INFO] "POST /api/user/login HTTP/1.1" 200 217
2025-11-14 09:06:03 [basehttp INFO] "GET /api/user HTTP/1.1" 200 838
2025-11-14 09:06:03 [basehttp INFO] "GET /api/profile HTTP/1.1" 200 114
2025-11-14 09:06:03 [basehttp INFO] "GET /api/user/list/APPLICATION HTTP/1.1" 200 154
2025-11-14 09:06:03 [basehttp INFO] "GET /api/application/1/30 HTTP/1.1" 200 307418
2025-11-14 09:14:21 [basehttp INFO] "POST /api/user/language HTTP/1.1" 200 49
2025-11-14 09:14:22 [basehttp INFO] "GET /api/user HTTP/1.1" 200 835
2025-11-14 09:14:22 [basehttp INFO] "GET /api/profile HTTP/1.1" 200 114
2025-11-14 09:14:22 [basehttp INFO] "GET /api/user/list/APPLICATION HTTP/1.1" 200 154
2025-11-14 09:14:22 [basehttp INFO] "GET /api/application/1/30 HTTP/1.1" 200 307418
2025-11-14 09:14:27 [basehttp INFO] "POST /api/user/language HTTP/1.1" 200 49
2025-11-14 09:14:28 [basehttp INFO] "GET /api/user HTTP/1.1" 200 835
2025-11-14 09:14:28 [basehttp INFO] "GET /api/profile HTTP/1.1" 200 114
2025-11-14 09:14:28 [basehttp INFO] "GET /api/user/list/APPLICATION HTTP/1.1" 200 145
2025-11-14 09:14:28 [basehttp INFO] "GET /api/application/1/30 HTTP/1.1" 200 307418
2025-11-14 09:27:31 [basehttp INFO] "GET /api/user HTTP/1.1" 200 835
2025-11-14 09:27:31 [basehttp INFO] "GET /api/profile HTTP/1.1" 200 114
2025-11-14 09:27:31 [basehttp INFO] "GET /api/user/list/APPLICATION HTTP/1.1" 200 145
2025-11-14 09:27:31 [basehttp INFO] "GET /api/application/1/30 HTTP/1.1" 200 307418
2025-11-14 09:30:33 [basehttp INFO] "GET /api/user HTTP/1.1" 200 835
2025-11-14 09:30:33 [basehttp INFO] "GET /api/profile HTTP/1.1" 200 114
2025-11-14 09:30:33 [basehttp INFO] "GET /api/user/list/APPLICATION HTTP/1.1" 200 145
2025-11-14 09:30:33 [basehttp INFO] "GET /api/application/1/30 HTTP/1.1" 200 307418
2025-11-14 09:32:47 [basehttp INFO] "GET /api/user HTTP/1.1" 200 835
2025-11-14 09:32:47 [basehttp INFO] "GET /api/profile HTTP/1.1" 200 114
2025-11-14 09:32:47 [basehttp INFO] "GET /api/user/list/APPLICATION HTTP/1.1" 200 145
2025-11-14 09:32:47 [basehttp INFO] "GET /api/application/1/30 HTTP/1.1" 200 307418
2025-11-14 09:36:04 [basehttp INFO] "GET /api/user HTTP/1.1" 200 835
2025-11-14 09:36:04 [basehttp INFO] "GET /api/profile HTTP/1.1" 200 114
2025-11-14 09:36:05 [basehttp INFO] "GET /api/user/list/APPLICATION HTTP/1.1" 200 145
2025-11-14 09:36:05 [basehttp INFO] "GET /api/application/1/30 HTTP/1.1" 200 307418
2025-11-14 09:38:36 [basehttp INFO] "GET /api/user HTTP/1.1" 200 835
2025-11-14 09:38:36 [basehttp INFO] "GET /api/profile HTTP/1.1" 200 114
2025-11-14 09:38:36 [basehttp INFO] "GET /api/user/list/APPLICATION HTTP/1.1" 200 145
2025-11-14 09:38:36 [basehttp INFO] "GET /api/application/1/30 HTTP/1.1" 200 307418
2025-11-14 09:41:47 [basehttp INFO] "GET /api/user HTTP/1.1" 200 835
2025-11-14 09:41:47 [basehttp INFO] "GET /api/profile HTTP/1.1" 200 114
2025-11-14 09:41:47 [basehttp INFO] "GET /api/user/list/APPLICATION HTTP/1.1" 200 145
2025-11-14 09:41:47 [basehttp INFO] "GET /api/application/1/30 HTTP/1.1" 200 307418
2025-11-14 09:45:18 [basehttp INFO] "GET /api/user HTTP/1.1" 200 835
2025-11-14 09:45:18 [basehttp INFO] "GET /api/profile HTTP/1.1" 200 114
2025-11-14 09:45:19 [basehttp INFO] "GET /api/user/list/APPLICATION HTTP/1.1" 200 145
2025-11-14 09:45:19 [basehttp INFO] "GET /api/application/1/30 HTTP/1.1" 200 307418
2025-11-14 09:47:44 [basehttp INFO] "GET /api/user HTTP/1.1" 200 835
2025-11-14 09:47:44 [basehttp INFO] "GET /api/profile HTTP/1.1" 200 114
2025-11-14 09:47:44 [basehttp INFO] "GET /api/user/list/APPLICATION HTTP/1.1" 200 145
2025-11-14 09:47:44 [basehttp INFO] "GET /api/application/1/30 HTTP/1.1" 200 307418
2025-11-14 09:50:10 [basehttp INFO] "GET /api/user HTTP/1.1" 200 835
2025-11-14 09:50:10 [basehttp INFO] "GET /api/profile HTTP/1.1" 200 114
2025-11-14 09:50:11 [basehttp INFO] "GET /api/user/list/APPLICATION HTTP/1.1" 200 145
2025-11-14 09:50:11 [basehttp INFO] "GET /api/application/1/30 HTTP/1.1" 200 307418
2025-11-14 09:52:03 [basehttp INFO] "GET /api/user HTTP/1.1" 200 835
2025-11-14 09:52:03 [basehttp INFO] "GET /api/profile HTTP/1.1" 200 114
2025-11-14 09:52:04 [basehttp INFO] "GET /api/user/list/APPLICATION HTTP/1.1" 200 145
2025-11-14 09:52:04 [basehttp INFO] "GET /api/application/1/30 HTTP/1.1" 200 307418
2025-11-14 09:54:29 [basehttp INFO] "GET /api/user HTTP/1.1" 200 835
2025-11-14 09:54:29 [basehttp INFO] "GET /api/profile HTTP/1.1" 200 114
2025-11-14 09:54:30 [basehttp INFO] "GET /api/user/list/APPLICATION HTTP/1.1" 200 145
2025-11-14 09:54:30 [basehttp INFO] "GET /api/application/1/30 HTTP/1.1" 200 307418
2025-11-14 09:54:33 [basehttp INFO] "GET /api/user HTTP/1.1" 200 835
2025-11-14 09:54:33 [basehttp INFO] "GET /api/profile HTTP/1.1" 200 114
2025-11-14 09:54:33 [basehttp INFO] "GET /api/user/list/APPLICATION HTTP/1.1" 200 145
2025-11-14 09:54:33 [basehttp INFO] "GET /api/application/1/30 HTTP/1.1" 200 307418
2025-11-14 09:54:38 [basehttp INFO] "GET /api/user HTTP/1.1" 200 835
2025-11-14 09:54:38 [basehttp INFO] "GET /api/profile HTTP/1.1" 200 114
2025-11-14 09:54:38 [basehttp INFO] "GET /api/user/list/APPLICATION HTTP/1.1" 200 145
2025-11-14 09:54:38 [basehttp INFO] "GET /api/application/1/30 HTTP/1.1" 200 307418
2025-11-14 09:55:42 [basehttp INFO] "POST /api/user/language HTTP/1.1" 200 49
2025-11-14 09:55:43 [basehttp INFO] "GET /api/user HTTP/1.1" 200 838
2025-11-14 09:55:43 [basehttp INFO] "GET /api/profile HTTP/1.1" 200 114
2025-11-14 09:55:43 [basehttp INFO] "GET /api/user/list/APPLICATION HTTP/1.1" 200 154
2025-11-14 09:55:44 [basehttp INFO] "GET /api/application/1/30 HTTP/1.1" 200 307418
2025-11-14 09:55:47 [basehttp INFO] "POST /api/user/language HTTP/1.1" 200 49
2025-11-14 09:55:48 [basehttp INFO] "GET /api/user HTTP/1.1" 200 835
2025-11-14 09:55:48 [basehttp INFO] "GET /api/profile HTTP/1.1" 200 114
2025-11-14 09:55:49 [basehttp INFO] "GET /api/user/list/APPLICATION HTTP/1.1" 200 145
2025-11-14 09:55:49 [basehttp INFO] "GET /api/application/1/30 HTTP/1.1" 200 307418
2025-11-14 09:55:50 [basehttp INFO] "POST /api/user/language HTTP/1.1" 200 49
2025-11-14 09:55:51 [basehttp INFO] "GET /api/user HTTP/1.1" 200 838
2025-11-14 09:55:51 [basehttp INFO] "GET /api/profile HTTP/1.1" 200 114
2025-11-14 09:55:51 [basehttp INFO] "GET /api/user/list/APPLICATION HTTP/1.1" 200 154
2025-11-14 09:55:52 [basehttp INFO] "GET /api/application/1/30 HTTP/1.1" 200 307418
2025-11-14 09:57:25 [basehttp INFO] "POST /api/OpenAIchat HTTP/1.1" 200 429564
2025-11-14 09:58:47 [basehttp INFO] "POST /api/OpenAIchat HTTP/1.1" 200 44
2025-11-14 09:58:54 [basehttp INFO] "POST /api/application/import HTTP/1.1" 200 49
2025-11-14 09:58:54 [basehttp INFO] "GET /api/model?model_type=EMBEDDING HTTP/1.1" 200 367
2025-11-14 09:58:54 [basehttp INFO] "GET /api/application/1/30 HTTP/1.1" 200 614477
2025-11-14 09:59:03 [basehttp INFO] "POST /api/dataset HTTP/1.1" 200 261
2025-11-14 09:59:07 [pdf_split_handle DEBUG] File: Invoice-A9B370F3-0032.pdf, Page: 1, Time :  0.019s,   content-length: 547
2025-11-14 09:59:07 [basehttp INFO] "POST /api/dataset/document/split HTTP/1.1" 200 739
2025-11-14 09:59:07 [basehttp INFO] "POST /api/dataset/7e5d3283-c0fd-11f0-8fe5-dc567bb1e9dc/document/_bach HTTP/1.1" 200 480
2025-11-14 09:59:07 [basehttp INFO] "GET /api/application/1/30 HTTP/1.1" 200 614477
2025-11-14 09:59:10 [basehttp INFO] "GET /api/application/79304dde-c0fd-11f0-87fe-dc567bb1e9dc HTTP/1.1" 200 307107
2025-11-14 10:04:10 [basehttp INFO] "POST /api/OpenAIchat HTTP/1.1" 200 44
2025-11-14 10:04:16 [basehttp INFO] "POST /api/application/import HTTP/1.1" 200 49
2025-11-14 10:04:16 [basehttp INFO] "GET /api/model?model_type=EMBEDDING HTTP/1.1" 200 367
2025-11-14 10:04:16 [basehttp INFO] "GET /api/application/1/30 HTTP/1.1" 200 921536
2025-11-14 10:04:23 [basehttp INFO] "POST /api/dataset HTTP/1.1" 200 261
2025-11-14 10:04:28 [pdf_split_handle DEBUG] File: Invoice-A9B370F3-0032.pdf, Page: 1, Time :  0.003s,   content-length: 547
2025-11-14 10:04:28 [basehttp INFO] "POST /api/dataset/document/split HTTP/1.1" 200 739
2025-11-14 10:04:28 [basehttp INFO] "POST /api/dataset/3d58d4dc-c0fe-11f0-845b-dc567bb1e9dc/document/_bach HTTP/1.1" 200 480
2025-11-14 10:04:28 [basehttp INFO] "GET /api/application/1/30 HTTP/1.1" 200 921536
2025-11-14 10:04:29 [basehttp INFO] "GET /api/application/393187d9-c0fe-11f0-9204-dc567bb1e9dc HTTP/1.1" 200 307107
2025-11-14 10:06:33 [basehttp INFO] "POST /api/OpenAIchat HTTP/1.1" 200 44
2025-11-14 10:06:36 [basehttp INFO] "POST /api/application/import HTTP/1.1" 200 49
2025-11-14 10:06:36 [basehttp INFO] "GET /api/model?model_type=EMBEDDING HTTP/1.1" 200 367
2025-11-14 10:06:36 [basehttp INFO] "GET /api/application/1/30 HTTP/1.1" 200 1228595
2025-11-14 10:06:41 [basehttp INFO] "POST /api/dataset HTTP/1.1" 200 260
2025-11-14 10:06:45 [pdf_split_handle DEBUG] File: Invoice-A9B370F3-0032.pdf, Page: 1, Time :  0.002s,   content-length: 547
2025-11-14 10:06:45 [basehttp INFO] "POST /api/dataset/document/split HTTP/1.1" 200 739
2025-11-14 10:06:45 [basehttp INFO] "POST /api/dataset/8ff40a81-c0fe-11f0-be6e-dc567bb1e9dc/document/_bach HTTP/1.1" 200 480
2025-11-14 10:06:45 [basehttp INFO] "GET /api/application/1/30 HTTP/1.1" 200 1228595
2025-11-14 10:06:46 [basehttp INFO] "GET /api/application/8ccbe256-c0fe-11f0-bf14-dc567bb1e9dc HTTP/1.1" 200 307107
2025-11-14 10:07:12 [basehttp INFO] "GET /api/user HTTP/1.1" 200 1846
2025-11-14 10:07:12 [basehttp INFO] "GET /api/profile HTTP/1.1" 200 114
2025-11-14 10:07:12 [basehttp INFO] "GET /api/user/list/APPLICATION HTTP/1.1" 200 154
2025-11-14 10:07:12 [basehttp INFO] "GET /api/application/1/30 HTTP/1.1" 200 1228595
2025-11-14 10:07:52 [basehttp INFO] "GET /api/application/8ccbe256-c0fe-11f0-bf14-dc567bb1e9dc/access_token HTTP/1.1" 200 258
2025-11-14 10:07:52 [basehttp INFO] "GET /api/application/8ccbe256-c0fe-11f0-bf14-dc567bb1e9dc HTTP/1.1" 200 307107
2025-11-14 10:07:52 [basehttp INFO] "GET /api/application HTTP/1.1" 200 1228544
2025-11-14 10:07:52 [basehttp INFO] "GET /api/application/8ccbe256-c0fe-11f0-bf14-dc567bb1e9dc/statistics/chat_record_aggregate_trend?start_time=2025-11-07&end_time=2025-11-14 HTTP/1.1" 200 1189
2025-11-14 10:07:54 [basehttp INFO] "GET /api/user/list/APPLICATION HTTP/1.1" 200 154
2025-11-14 10:07:54 [basehttp INFO] "GET /api/application/1/30 HTTP/1.1" 200 1228595
2025-11-14 10:07:56 [basehttp INFO] "DELETE /api/application/8ccbe256-c0fe-11f0-bf14-dc567bb1e9dc HTTP/1.1" 200 49
2025-11-14 10:07:58 [basehttp INFO] "DELETE /api/application/393187d9-c0fe-11f0-9204-dc567bb1e9dc HTTP/1.1" 200 49
2025-11-14 10:08:01 [basehttp INFO] "DELETE /api/application/79304dde-c0fd-11f0-87fe-dc567bb1e9dc HTTP/1.1" 200 49
2025-11-14 10:08:02 [basehttp INFO] "DELETE /api/application/0e4bf274-c061-11f0-8a59-dc567bb1e9dc HTTP/1.1" 200 49
2025-11-14 10:08:05 [basehttp INFO] "GET /api/user/list/DATASET HTTP/1.1" 200 154
2025-11-14 10:08:05 [basehttp INFO] "GET /api/dataset/1/30 HTTP/1.1" 200 1603
2025-11-14 10:08:08 [basehttp INFO] "DELETE /api/dataset/8ff40a81-c0fe-11f0-be6e-dc567bb1e9dc HTTP/1.1" 200 49
2025-11-14 10:08:10 [basehttp INFO] "DELETE /api/dataset/3d58d4dc-c0fe-11f0-845b-dc567bb1e9dc HTTP/1.1" 200 49
2025-11-14 10:08:13 [basehttp INFO] "DELETE /api/dataset/7e5d3283-c0fd-11f0-8fe5-dc567bb1e9dc HTTP/1.1" 200 49
2025-11-14 10:08:15 [basehttp INFO] "DELETE /api/dataset/111f95de-c061-11f0-ba2e-dc567bb1e9dc HTTP/1.1" 200 49
2025-11-14 10:11:34 [basehttp INFO] "GET /api/user/list/APPLICATION HTTP/1.1" 200 154
2025-11-14 10:11:34 [basehttp INFO] "GET /api/application/1/30 HTTP/1.1" 200 98
2025-11-14 10:11:44 [basehttp INFO] "POST /api/OpenAIchat HTTP/1.1" 200 44
2025-11-14 10:11:48 [basehttp INFO] "POST /api/application/import HTTP/1.1" 200 49
2025-11-14 10:11:48 [basehttp INFO] "GET /api/model?model_type=EMBEDDING HTTP/1.1" 200 367
2025-11-14 10:11:48 [basehttp INFO] "GET /api/application/1/30 HTTP/1.1" 200 307155
2025-11-14 10:11:52 [basehttp INFO] "POST /api/dataset HTTP/1.1" 200 260
2025-11-14 10:11:57 [pdf_split_handle DEBUG] File: Invoice-A9B370F3-0031.pdf, Page: 1, Time :  0.003s,   content-length: 539
2025-11-14 10:11:57 [basehttp INFO] "POST /api/dataset/document/split HTTP/1.1" 200 731
2025-11-14 10:11:57 [basehttp INFO] "POST /api/dataset/49062f54-c0ff-11f0-8c9d-dc567bb1e9dc/document/_bach HTTP/1.1" 200 480
2025-11-14 10:11:57 [basehttp INFO] "GET /api/application/1/30 HTTP/1.1" 200 307155
2025-11-14 10:12:00 [basehttp INFO] "GET /api/application/46d8d8ae-c0ff-11f0-85ce-dc567bb1e9dc HTTP/1.1" 200 307107
2025-11-14 10:15:59 [basehttp INFO] "GET /api/user HTTP/1.1" 200 838
2025-11-14 10:15:59 [basehttp INFO] "GET /api/profile HTTP/1.1" 200 114
2025-11-14 10:15:59 [basehttp INFO] "GET /api/user/list/APPLICATION HTTP/1.1" 200 154
2025-11-14 10:16:00 [basehttp INFO] "GET /api/application/1/30 HTTP/1.1" 200 307155
2025-11-14 10:16:03 [basehttp INFO] "DELETE /api/application/46d8d8ae-c0ff-11f0-85ce-dc567bb1e9dc HTTP/1.1" 200 49
2025-11-14 10:16:03 [basehttp INFO] "GET /api/user/list/DATASET HTTP/1.1" 200 154
2025-11-14 10:16:03 [basehttp INFO] "GET /api/dataset/1/30 HTTP/1.1" 200 472
2025-11-14 10:16:06 [basehttp INFO] "DELETE /api/dataset/49062f54-c0ff-11f0-8c9d-dc567bb1e9dc HTTP/1.1" 200 49
2025-11-14 10:16:11 [basehttp INFO] "POST /api/OpenAIchat HTTP/1.1" 200 44
2025-11-14 10:16:14 [basehttp INFO] "POST /api/application/import HTTP/1.1" 200 49
2025-11-14 10:16:14 [basehttp INFO] "GET /api/model?model_type=EMBEDDING HTTP/1.1" 200 367
2025-11-14 10:16:15 [basehttp INFO] "GET /api/application/1/30 HTTP/1.1" 200 307155
2025-11-14 10:16:19 [basehttp INFO] "POST /api/dataset HTTP/1.1" 200 262
2025-11-14 10:16:26 [pdf_split_handle DEBUG] File: Invoice-A9B370F3-0032.pdf, Page: 1, Time :  0.004s,   content-length: 547
2025-11-14 10:16:26 [basehttp INFO] "POST /api/dataset/document/split HTTP/1.1" 200 739
2025-11-14 10:16:26 [basehttp INFO] "POST /api/dataset/e831f5e1-c0ff-11f0-b031-dc567bb1e9dc/document/_bach HTTP/1.1" 200 480
2025-11-14 10:16:26 [basehttp INFO] "GET /api/application/1/30 HTTP/1.1" 200 307155
2025-11-14 10:16:27 [basehttp INFO] "GET /api/application/e58d7035-c0ff-11f0-84a2-dc567bb1e9dc HTTP/1.1" 200 307107
2025-11-14 10:16:44 [basehttp INFO] "PUT /api/application/e58d7035-c0ff-11f0-84a2-dc567bb1e9dc HTTP/1.1" 200 307380
2025-11-14 10:16:44 [basehttp INFO] "PUT /api/application/e58d7035-c0ff-11f0-84a2-dc567bb1e9dc/publish HTTP/1.1" 200 114
2025-11-14 10:16:49 [basehttp INFO] "GET /api/user/list/APPLICATION HTTP/1.1" 200 154
2025-11-14 10:16:50 [basehttp INFO] "GET /api/application/1/30 HTTP/1.1" 200 307428
2025-11-14 10:16:52 [basehttp INFO] "GET /api/user HTTP/1.1" 200 838
2025-11-14 10:16:52 [basehttp INFO] "GET /api/profile HTTP/1.1" 200 114
2025-11-14 10:16:52 [basehttp INFO] "GET /api/user/list/APPLICATION HTTP/1.1" 200 154
2025-11-14 10:16:52 [basehttp INFO] "GET /api/application/1/30 HTTP/1.1" 200 307428
2025-11-14 10:16:59 [basehttp INFO] "GET /api/application/e58d7035-c0ff-11f0-84a2-dc567bb1e9dc HTTP/1.1" 200 307380
2025-11-14 10:16:59 [basehttp INFO] "GET /api/application/e58d7035-c0ff-11f0-84a2-dc567bb1e9dc/access_token HTTP/1.1" 200 258
2025-11-14 10:16:59 [basehttp INFO] "GET /api/application/e58d7035-c0ff-11f0-84a2-dc567bb1e9dc/statistics/chat_record_aggregate_trend?start_time=2025-11-07&end_time=2025-11-14 HTTP/1.1" 200 1189
2025-11-14 10:16:59 [basehttp INFO] "GET /api/application HTTP/1.1" 200 307377
2025-11-14 10:17:02 [basehttp INFO] "GET /api/application/e58d7035-c0ff-11f0-84a2-dc567bb1e9dc/function_lib HTTP/1.1" 200 23635
2025-11-14 10:17:02 [basehttp INFO] "GET /api/application/e58d7035-c0ff-11f0-84a2-dc567bb1e9dc/application HTTP/1.1" 200 47
2025-11-14 10:17:02 [basehttp INFO] "GET /api/application/e58d7035-c0ff-11f0-84a2-dc567bb1e9dc HTTP/1.1" 200 307380
2025-11-14 10:17:09 [basehttp INFO] "GET /api/application/e58d7035-c0ff-11f0-84a2-dc567bb1e9dc/model?model_type=TTS HTTP/1.1" 200 47
2025-11-14 10:17:09 [basehttp INFO] "GET /api/application/e58d7035-c0ff-11f0-84a2-dc567bb1e9dc/model?model_type=STT HTTP/1.1" 200 47
2025-11-14 10:17:09 [basehttp INFO] "GET /api/application/e58d7035-c0ff-11f0-84a2-dc567bb1e9dc/model HTTP/1.1" 200 47
2025-11-14 10:17:09 [basehttp INFO] "GET /api/application/e58d7035-c0ff-11f0-84a2-dc567bb1e9dc/model?model_type=IMAGE HTTP/1.1" 200 47
2025-11-14 10:17:09 [basehttp INFO] "GET /api/application/e58d7035-c0ff-11f0-84a2-dc567bb1e9dc/function_lib/83d696ae-7369-11f0-a3e2-beb85ef1615f HTTP/1.1" 200 10446
2025-11-14 10:17:09 [basehttp INFO] "GET /api/application/e58d7035-c0ff-11f0-84a2-dc567bb1e9dc/function_lib/0bf06a52-6b53-11f0-9627-beb85ef1615f HTTP/1.1" 200 4777
2025-11-14 10:17:09 [basehttp INFO] "GET /api/application/e58d7035-c0ff-11f0-84a2-dc567bb1e9dc/function_lib/ad3071a0-7d73-11f0-a8b2-1a8538159feb HTTP/1.1" 200 1144
2025-11-14 10:17:09 [basehttp INFO] "GET /api/application/e58d7035-c0ff-11f0-84a2-dc567bb1e9dc/list_dataset HTTP/1.1" 200 354
2025-11-14 10:17:09 [basehttp INFO] "GET /api/provider HTTP/1.1" 200 286468
2025-11-14 10:17:09 [basehttp INFO] "GET /api/application/e58d7035-c0ff-11f0-84a2-dc567bb1e9dc/function_lib/aae6b7a8-8a32-11f0-a013-3efe430cb7c4 HTTP/1.1" 200 2685
2025-11-14 10:17:09 [basehttp INFO] "GET /api/application/e58d7035-c0ff-11f0-84a2-dc567bb1e9dc/function_lib/cf5c8c82-8890-11f0-907b-4a61bd723f2e HTTP/1.1" 200 4753
2025-11-14 10:17:09 [basehttp INFO] "GET /api/application/e58d7035-c0ff-11f0-84a2-dc567bb1e9dc/model?model_type=IMAGE HTTP/1.1" 200 47
2025-11-14 10:17:09 [basehttp INFO] "GET /api/application/e58d7035-c0ff-11f0-84a2-dc567bb1e9dc/model HTTP/1.1" 200 47
2025-11-14 10:17:10 [basehttp INFO] "GET /api/application/e58d7035-c0ff-11f0-84a2-dc567bb1e9dc/list_dataset HTTP/1.1" 200 354
2025-11-14 10:17:10 [basehttp INFO] "GET /api/provider HTTP/1.1" 200 286468
2025-11-14 10:17:10 [basehttp INFO] "GET /api/provider HTTP/1.1" 200 286468
2025-11-14 10:17:10 [basehttp INFO] "GET /api/application/e58d7035-c0ff-11f0-84a2-dc567bb1e9dc/list_dataset HTTP/1.1" 200 354
2025-11-14 10:17:10 [basehttp INFO] "GET /api/application/e58d7035-c0ff-11f0-84a2-dc567bb1e9dc/model HTTP/1.1" 200 47
2025-11-14 10:17:10 [basehttp INFO] "GET /api/application/e58d7035-c0ff-11f0-84a2-dc567bb1e9dc/list_dataset HTTP/1.1" 200 354
2025-11-14 10:17:10 [basehttp INFO] "GET /api/provider HTTP/1.1" 200 286468
2025-11-14 10:17:10 [basehttp INFO] "GET /api/application/e58d7035-c0ff-11f0-84a2-dc567bb1e9dc/model HTTP/1.1" 200 47
2025-11-14 10:17:10 [basehttp INFO] "GET /api/application/e58d7035-c0ff-11f0-84a2-dc567bb1e9dc/list_dataset HTTP/1.1" 200 354
2025-11-14 10:17:10 [basehttp INFO] "GET /api/provider HTTP/1.1" 200 286468
2025-11-14 10:17:10 [basehttp INFO] "GET /api/application/e58d7035-c0ff-11f0-84a2-dc567bb1e9dc/model HTTP/1.1" 200 47
2025-11-14 10:17:10 [basehttp INFO] "GET /api/application/e58d7035-c0ff-11f0-84a2-dc567bb1e9dc/list_dataset HTTP/1.1" 200 354
2025-11-14 10:17:10 [basehttp INFO] "GET /api/provider HTTP/1.1" 200 286468
2025-11-14 10:17:10 [basehttp INFO] "GET /api/application/e58d7035-c0ff-11f0-84a2-dc567bb1e9dc/model HTTP/1.1" 200 47
2025-11-14 10:17:10 [basehttp INFO] "GET /api/application/e58d7035-c0ff-11f0-84a2-dc567bb1e9dc/list_dataset HTTP/1.1" 200 354
2025-11-14 10:17:10 [basehttp INFO] "GET /api/application/e58d7035-c0ff-11f0-84a2-dc567bb1e9dc/model HTTP/1.1" 200 47
2025-11-14 10:17:10 [basehttp INFO] "GET /api/provider HTTP/1.1" 200 286468
2025-11-14 10:17:10 [basehttp INFO] "GET /api/application/e58d7035-c0ff-11f0-84a2-dc567bb1e9dc/model HTTP/1.1" 200 47
2025-11-14 10:17:10 [basehttp INFO] "GET /api/application/e58d7035-c0ff-11f0-84a2-dc567bb1e9dc/list_dataset HTTP/1.1" 200 354
2025-11-14 10:17:10 [basehttp INFO] "GET /api/provider HTTP/1.1" 200 286468
2025-11-14 10:17:10 [basehttp INFO] "GET /api/application/e58d7035-c0ff-11f0-84a2-dc567bb1e9dc/model HTTP/1.1" 200 47
2025-11-14 10:17:10 [basehttp INFO] "GET /api/application/e58d7035-c0ff-11f0-84a2-dc567bb1e9dc/list_dataset HTTP/1.1" 200 354
2025-11-14 10:17:10 [basehttp INFO] "GET /api/provider HTTP/1.1" 200 286468
2025-11-14 10:17:10 [basehttp INFO] "GET /api/application/e58d7035-c0ff-11f0-84a2-dc567bb1e9dc/list_dataset HTTP/1.1" 200 354
2025-11-14 10:17:10 [basehttp INFO] "GET /api/application/e58d7035-c0ff-11f0-84a2-dc567bb1e9dc/model HTTP/1.1" 200 47
2025-11-14 10:17:10 [basehttp INFO] "GET /api/provider HTTP/1.1" 200 286468
2025-11-14 10:17:10 [basehttp INFO] "GET /api/application/e58d7035-c0ff-11f0-84a2-dc567bb1e9dc/model HTTP/1.1" 200 47
2025-11-14 10:17:10 [basehttp INFO] "GET /api/provider HTTP/1.1" 200 286468
2025-11-14 10:17:10 [basehttp INFO] "GET /api/application/e58d7035-c0ff-11f0-84a2-dc567bb1e9dc/model HTTP/1.1" 200 47
2025-11-14 10:17:10 [basehttp INFO] "GET /api/provider HTTP/1.1" 200 286468
2025-11-14 10:17:10 [basehttp INFO] "GET /api/application/e58d7035-c0ff-11f0-84a2-dc567bb1e9dc/list_dataset HTTP/1.1" 200 354
2025-11-14 10:17:10 [basehttp INFO] "GET /api/provider HTTP/1.1" 200 286468
2025-11-14 10:17:10 [basehttp INFO] "GET /api/application/e58d7035-c0ff-11f0-84a2-dc567bb1e9dc/list_dataset HTTP/1.1" 200 354
2025-11-14 10:17:11 [basehttp INFO] "GET /api/application/e58d7035-c0ff-11f0-84a2-dc567bb1e9dc/list_dataset HTTP/1.1" 200 354
2025-11-14 10:17:11 [basehttp INFO] "GET /api/provider HTTP/1.1" 200 286468
2025-11-14 10:17:11 [basehttp INFO] "GET /api/application/e58d7035-c0ff-11f0-84a2-dc567bb1e9dc/model HTTP/1.1" 200 47
2025-11-14 10:17:11 [basehttp INFO] "GET /api/application/e58d7035-c0ff-11f0-84a2-dc567bb1e9dc/list_dataset HTTP/1.1" 200 354
2025-11-14 10:17:11 [basehttp INFO] "GET /api/provider HTTP/1.1" 200 286468
2025-11-14 10:17:11 [basehttp INFO] "GET /api/application/e58d7035-c0ff-11f0-84a2-dc567bb1e9dc/model HTTP/1.1" 200 47
2025-11-14 10:17:11 [basehttp INFO] "GET /api/application/e58d7035-c0ff-11f0-84a2-dc567bb1e9dc/list_dataset HTTP/1.1" 200 354
2025-11-14 10:17:11 [basehttp INFO] "GET /api/provider HTTP/1.1" 200 286468
2025-11-14 10:17:11 [basehttp INFO] "GET /api/application/e58d7035-c0ff-11f0-84a2-dc567bb1e9dc/model HTTP/1.1" 200 47
2025-11-14 10:17:11 [basehttp INFO] "GET /api/application/e58d7035-c0ff-11f0-84a2-dc567bb1e9dc/list_dataset HTTP/1.1" 200 354
2025-11-14 10:17:11 [basehttp INFO] "GET /api/provider HTTP/1.1" 200 286468
2025-11-14 10:17:11 [basehttp INFO] "GET /api/application/e58d7035-c0ff-11f0-84a2-dc567bb1e9dc/model HTTP/1.1" 200 47
2025-11-14 10:17:11 [basehttp INFO] "GET /api/application/e58d7035-c0ff-11f0-84a2-dc567bb1e9dc/list_dataset HTTP/1.1" 200 354
2025-11-14 10:17:11 [basehttp INFO] "GET /api/provider HTTP/1.1" 200 286468
2025-11-14 10:17:11 [basehttp INFO] "GET /api/application/e58d7035-c0ff-11f0-84a2-dc567bb1e9dc/model HTTP/1.1" 200 47
2025-11-14 10:17:11 [basehttp INFO] "GET /api/provider HTTP/1.1" 200 286468
2025-11-14 10:17:11 [basehttp INFO] "GET /api/application/e58d7035-c0ff-11f0-84a2-dc567bb1e9dc/model HTTP/1.1" 200 47
2025-11-14 10:17:11 [basehttp INFO] "GET /api/application/e58d7035-c0ff-11f0-84a2-dc567bb1e9dc/model HTTP/1.1" 200 47
2025-11-14 10:17:11 [basehttp INFO] "GET /api/provider HTTP/1.1" 200 286468
2025-11-14 10:17:11 [basehttp INFO] "GET /api/provider HTTP/1.1" 200 286468
2025-11-14 10:17:11 [basehttp INFO] "GET /api/application/e58d7035-c0ff-11f0-84a2-dc567bb1e9dc/model HTTP/1.1" 200 47
2025-11-14 10:17:11 [basehttp INFO] "GET /api/provider HTTP/1.1" 200 286468
2025-11-14 10:17:11 [basehttp INFO] "GET /api/application/e58d7035-c0ff-11f0-84a2-dc567bb1e9dc/model HTTP/1.1" 200 47
2025-11-14 10:17:11 [basehttp INFO] "GET /api/application/e58d7035-c0ff-11f0-84a2-dc567bb1e9dc/model HTTP/1.1" 200 47
2025-11-14 10:17:11 [basehttp INFO] "GET /api/application/e58d7035-c0ff-11f0-84a2-dc567bb1e9dc/model HTTP/1.1" 200 47
2025-11-14 10:17:11 [basehttp INFO] "GET /api/provider HTTP/1.1" 200 286468
2025-11-14 10:17:11 [basehttp INFO] "GET /api/application/e58d7035-c0ff-11f0-84a2-dc567bb1e9dc/model HTTP/1.1" 200 47
2025-11-14 10:17:11 [basehttp INFO] "GET /api/provider HTTP/1.1" 200 286468
2025-11-14 10:17:11 [basehttp INFO] "GET /api/application/e58d7035-c0ff-11f0-84a2-dc567bb1e9dc/model HTTP/1.1" 200 47
2025-11-14 10:17:12 [basehttp INFO] "GET /api/provider HTTP/1.1" 200 286468
2025-11-14 10:17:12 [basehttp INFO] "GET /api/application/e58d7035-c0ff-11f0-84a2-dc567bb1e9dc/model HTTP/1.1" 200 47
2025-11-14 10:17:12 [basehttp INFO] "GET /api/application/e58d7035-c0ff-11f0-84a2-dc567bb1e9dc/model HTTP/1.1" 200 47
2025-11-14 10:17:12 [basehttp INFO] "GET /api/provider HTTP/1.1" 200 286468
2025-11-14 10:17:12 [basehttp INFO] "GET /api/application/e58d7035-c0ff-11f0-84a2-dc567bb1e9dc/model HTTP/1.1" 200 47
2025-11-14 10:17:12 [basehttp INFO] "GET /api/provider HTTP/1.1" 200 286468
2025-11-14 10:17:12 [basehttp INFO] "GET /api/provider HTTP/1.1" 200 286468
2025-11-14 10:17:12 [basehttp INFO] "GET /api/provider HTTP/1.1" 200 286468
2025-11-14 10:17:12 [basehttp INFO] "GET /api/application/e58d7035-c0ff-11f0-84a2-dc567bb1e9dc/model HTTP/1.1" 200 47
2025-11-14 10:17:12 [basehttp INFO] "GET /api/provider HTTP/1.1" 200 286468
2025-11-14 10:17:12 [basehttp INFO] "GET /api/application/e58d7035-c0ff-11f0-84a2-dc567bb1e9dc/model HTTP/1.1" 200 47
2025-11-14 10:17:12 [basehttp INFO] "GET /api/provider HTTP/1.1" 200 286468
2025-11-14 10:17:12 [basehttp INFO] "GET /api/application/e58d7035-c0ff-11f0-84a2-dc567bb1e9dc/model HTTP/1.1" 200 47
2025-11-14 10:17:12 [basehttp INFO] "GET /api/provider HTTP/1.1" 200 286468
2025-11-14 10:17:12 [basehttp INFO] "GET /api/provider HTTP/1.1" 200 286468
2025-11-14 10:17:12 [basehttp INFO] "GET /api/provider HTTP/1.1" 200 286468
2025-11-14 10:17:12 [basehttp INFO] "GET /api/application/e58d7035-c0ff-11f0-84a2-dc567bb1e9dc/model HTTP/1.1" 200 47
2025-11-14 10:17:12 [basehttp INFO] "GET /api/application/e58d7035-c0ff-11f0-84a2-dc567bb1e9dc/model HTTP/1.1" 200 47
2025-11-14 10:17:12 [basehttp INFO] "GET /api/provider HTTP/1.1" 200 286468
2025-11-14 10:17:12 [basehttp INFO] "GET /api/application/e58d7035-c0ff-11f0-84a2-dc567bb1e9dc/model HTTP/1.1" 200 47
2025-11-14 10:17:12 [basehttp INFO] "GET /api/provider HTTP/1.1" 200 286468
2025-11-14 10:17:12 [basehttp INFO] "GET /api/application/e58d7035-c0ff-11f0-84a2-dc567bb1e9dc/model HTTP/1.1" 200 47
2025-11-14 10:17:13 [basehttp INFO] "GET /api/provider HTTP/1.1" 200 286468
2025-11-14 10:17:13 [basehttp INFO] "GET /api/application/e58d7035-c0ff-11f0-84a2-dc567bb1e9dc/model HTTP/1.1" 200 47
2025-11-14 10:17:13 [basehttp INFO] "GET /api/provider HTTP/1.1" 200 286468
2025-11-14 10:17:13 [basehttp INFO] "GET /api/application/e58d7035-c0ff-11f0-84a2-dc567bb1e9dc/model HTTP/1.1" 200 47
2025-11-14 10:17:13 [basehttp INFO] "GET /api/provider HTTP/1.1" 200 286468
2025-11-14 10:17:13 [basehttp INFO] "GET /api/application/e58d7035-c0ff-11f0-84a2-dc567bb1e9dc/model HTTP/1.1" 200 47
2025-11-14 10:17:13 [basehttp INFO] "GET /api/provider HTTP/1.1" 200 286468
2025-11-14 10:17:13 [basehttp INFO] "GET /api/application/e58d7035-c0ff-11f0-84a2-dc567bb1e9dc/model HTTP/1.1" 200 47
2025-11-14 10:17:13 [basehttp INFO] "GET /api/provider HTTP/1.1" 200 286468
2025-11-14 10:17:13 [basehttp INFO] "GET /api/application/e58d7035-c0ff-11f0-84a2-dc567bb1e9dc/model HTTP/1.1" 200 47
2025-11-14 10:17:13 [basehttp INFO] "GET /api/provider HTTP/1.1" 200 286468
2025-11-14 10:17:13 [basehttp INFO] "GET /api/application/e58d7035-c0ff-11f0-84a2-dc567bb1e9dc/model HTTP/1.1" 200 47
2025-11-14 10:17:13 [basehttp INFO] "GET /api/provider HTTP/1.1" 200 286468
2025-11-14 10:17:13 [basehttp INFO] "GET /api/provider HTTP/1.1" 200 286468
2025-11-14 10:17:13 [basehttp INFO] "GET /api/application/e58d7035-c0ff-11f0-84a2-dc567bb1e9dc/model HTTP/1.1" 200 47
2025-11-14 10:17:13 [basehttp INFO] "GET /api/provider HTTP/1.1" 200 286468
2025-11-14 10:17:13 [basehttp INFO] "GET /api/application/e58d7035-c0ff-11f0-84a2-dc567bb1e9dc/model HTTP/1.1" 200 47
2025-11-14 10:17:13 [basehttp INFO] "GET /api/application/e58d7035-c0ff-11f0-84a2-dc567bb1e9dc/model HTTP/1.1" 200 47
2025-11-14 10:17:13 [basehttp INFO] "GET /api/provider HTTP/1.1" 200 286468
2025-11-14 10:17:13 [basehttp INFO] "GET /api/application/e58d7035-c0ff-11f0-84a2-dc567bb1e9dc/model HTTP/1.1" 200 47
2025-11-14 10:17:13 [basehttp INFO] "GET /api/provider HTTP/1.1" 200 286468
2025-11-14 10:17:13 [basehttp INFO] "GET /api/provider HTTP/1.1" 200 286468
2025-11-14 10:17:13 [basehttp INFO] "GET /api/application/e58d7035-c0ff-11f0-84a2-dc567bb1e9dc/model HTTP/1.1" 200 47
2025-11-14 10:17:13 [basehttp INFO] "GET /api/application/e58d7035-c0ff-11f0-84a2-dc567bb1e9dc/model HTTP/1.1" 200 47
2025-11-14 10:17:13 [basehttp INFO] "GET /api/provider HTTP/1.1" 200 286468
2025-11-14 10:17:13 [basehttp INFO] "GET /api/application/e58d7035-c0ff-11f0-84a2-dc567bb1e9dc/model HTTP/1.1" 200 47
2025-11-14 10:17:13 [basehttp INFO] "GET /api/provider HTTP/1.1" 200 286468
2025-11-14 10:17:14 [basehttp INFO] "GET /api/provider HTTP/1.1" 200 286468
2025-11-14 10:17:14 [basehttp INFO] "GET /api/application/e58d7035-c0ff-11f0-84a2-dc567bb1e9dc/model HTTP/1.1" 200 47
2025-11-14 10:17:14 [basehttp INFO] "GET /api/application/e58d7035-c0ff-11f0-84a2-dc567bb1e9dc/model HTTP/1.1" 200 47
2025-11-14 10:17:14 [basehttp INFO] "GET /api/provider HTTP/1.1" 200 286468
2025-11-14 10:17:14 [basehttp INFO] "GET /api/provider HTTP/1.1" 200 286468
2025-11-14 10:17:14 [basehttp INFO] "GET /api/application/e58d7035-c0ff-11f0-84a2-dc567bb1e9dc/model HTTP/1.1" 200 47
2025-11-14 10:17:14 [basehttp INFO] "GET /api/provider HTTP/1.1" 200 286468
2025-11-14 10:17:14 [basehttp INFO] "GET /api/application/e58d7035-c0ff-11f0-84a2-dc567bb1e9dc/model HTTP/1.1" 200 47
2025-11-14 10:17:14 [basehttp INFO] "GET /api/provider HTTP/1.1" 200 286468
2025-11-14 10:17:14 [basehttp INFO] "GET /api/application/e58d7035-c0ff-11f0-84a2-dc567bb1e9dc/model HTTP/1.1" 200 47
2025-11-14 10:17:14 [basehttp INFO] "GET /api/provider HTTP/1.1" 200 286468
2025-11-14 10:17:14 [basehttp INFO] "GET /api/application/e58d7035-c0ff-11f0-84a2-dc567bb1e9dc/model HTTP/1.1" 200 47
2025-11-14 10:17:14 [basehttp INFO] "GET /api/provider HTTP/1.1" 200 286468
2025-11-14 10:17:14 [basehttp INFO] "GET /api/application/e58d7035-c0ff-11f0-84a2-dc567bb1e9dc/model HTTP/1.1" 200 47
2025-11-14 10:17:14 [basehttp INFO] "GET /api/provider HTTP/1.1" 200 286468
2025-11-14 10:17:14 [basehttp INFO] "GET /api/application/e58d7035-c0ff-11f0-84a2-dc567bb1e9dc/model HTTP/1.1" 200 47
2025-11-14 10:17:14 [basehttp INFO] "GET /api/provider HTTP/1.1" 200 286468
2025-11-14 10:17:14 [basehttp INFO] "GET /api/provider HTTP/1.1" 200 286468
2025-11-14 10:17:15 [basehttp INFO] "POST /api/function_lib/pylint HTTP/1.1" 200 298
2025-11-14 10:17:42 [basehttp INFO] "PUT /api/application/e58d7035-c0ff-11f0-84a2-dc567bb1e9dc HTTP/1.1" 200 306145
2025-11-14 10:17:42 [basehttp INFO] "PUT /api/application/e58d7035-c0ff-11f0-84a2-dc567bb1e9dc/publish HTTP/1.1" 200 114
2025-11-14 10:18:09 [basehttp INFO] "GET /api/application HTTP/1.1" 200 306142
2025-11-14 10:18:09 [basehttp INFO] "GET /api/application/e58d7035-c0ff-11f0-84a2-dc567bb1e9dc/access_token HTTP/1.1" 200 258
2025-11-14 10:18:09 [basehttp INFO] "GET /api/application/e58d7035-c0ff-11f0-84a2-dc567bb1e9dc HTTP/1.1" 200 306145
2025-11-14 10:18:09 [basehttp INFO] "GET /api/application/e58d7035-c0ff-11f0-84a2-dc567bb1e9dc/statistics/chat_record_aggregate_trend?start_time=2025-11-07&end_time=2025-11-14 HTTP/1.1" 200 1189
2025-11-14 10:18:09 [basehttp INFO] "GET /api/user_manage/1/20 HTTP/1.1" 200 395
2025-11-14 10:18:12 [basehttp INFO] "GET /api/provider HTTP/1.1" 200 286468
2025-11-14 10:18:13 [basehttp INFO] "GET /api/model?name=&create_user=&permission_type=&model_type= HTTP/1.1" 200 367
2025-11-14 10:18:24 [basehttp INFO] "GET /api/user HTTP/1.1" 200 838
2025-11-14 10:18:24 [basehttp INFO] "GET /api/profile HTTP/1.1" 200 114
2025-11-14 10:18:24 [basehttp INFO] "GET /api/user/list/APPLICATION HTTP/1.1" 200 154
2025-11-14 10:18:24 [basehttp INFO] "GET /api/application/1/30 HTTP/1.1" 200 306193
2025-11-14 10:18:25 [basehttp INFO] "GET /api/application/e58d7035-c0ff-11f0-84a2-dc567bb1e9dc/statistics/chat_record_aggregate_trend?start_time=2025-11-07&end_time=2025-11-14 HTTP/1.1" 200 1189
2025-11-14 10:18:25 [basehttp INFO] "GET /api/application/e58d7035-c0ff-11f0-84a2-dc567bb1e9dc/access_token HTTP/1.1" 200 258
2025-11-14 10:18:25 [basehttp INFO] "GET /api/application HTTP/1.1" 200 306142
2025-11-14 10:18:25 [basehttp INFO] "GET /api/application/e58d7035-c0ff-11f0-84a2-dc567bb1e9dc HTTP/1.1" 200 306145
2025-11-14 10:18:27 [basehttp INFO] "GET /api/application/e58d7035-c0ff-11f0-84a2-dc567bb1e9dc/application HTTP/1.1" 200 47
2025-11-14 10:18:27 [basehttp INFO] "GET /api/application/e58d7035-c0ff-11f0-84a2-dc567bb1e9dc/function_lib HTTP/1.1" 200 23635
2025-11-14 10:18:27 [basehttp INFO] "GET /api/application/e58d7035-c0ff-11f0-84a2-dc567bb1e9dc HTTP/1.1" 200 306145
2025-11-14 10:18:30 [basehttp INFO] "GET /api/provider?model_type= HTTP/1.1" 200 286468
2025-11-14 10:18:34 [basehttp INFO] "GET /api/provider/model_type_list?provider=model_openai_provider HTTP/1.1" 200 287
2025-11-14 10:18:37 [basehttp INFO] "GET /api/provider/model_list?provider=model_openai_provider&model_type=LLM HTTP/1.1" 200 1811
2025-11-14 10:18:37 [basehttp INFO] "GET /api/application/e58d7035-c0ff-11f0-84a2-dc567bb1e9dc/model?model_type=TTS HTTP/1.1" 200 47
2025-11-14 10:18:37 [basehttp INFO] "GET /api/provider HTTP/1.1" 200 286468
2025-11-14 10:18:37 [basehttp INFO] "GET /api/application/e58d7035-c0ff-11f0-84a2-dc567bb1e9dc/model?model_type=STT HTTP/1.1" 200 47
2025-11-14 10:18:37 [basehttp INFO] "GET /api/application/e58d7035-c0ff-11f0-84a2-dc567bb1e9dc/model HTTP/1.1" 200 47
2025-11-14 10:18:37 [basehttp INFO] "GET /api/application/e58d7035-c0ff-11f0-84a2-dc567bb1e9dc/model?model_type=IMAGE HTTP/1.1" 200 47
2025-11-14 10:18:37 [basehttp INFO] "GET /api/application/e58d7035-c0ff-11f0-84a2-dc567bb1e9dc/list_dataset HTTP/1.1" 200 354
2025-11-14 10:18:37 [basehttp INFO] "GET /api/application/e58d7035-c0ff-11f0-84a2-dc567bb1e9dc/function_lib/0bf06a52-6b53-11f0-9627-beb85ef1615f HTTP/1.1" 200 4777
2025-11-14 10:18:37 [basehttp INFO] "GET /api/application/e58d7035-c0ff-11f0-84a2-dc567bb1e9dc/function_lib/ad3071a0-7d73-11f0-a8b2-1a8538159feb HTTP/1.1" 200 1144
2025-11-14 10:18:37 [basehttp INFO] "GET /api/application/e58d7035-c0ff-11f0-84a2-dc567bb1e9dc/function_lib/83d696ae-7369-11f0-a3e2-beb85ef1615f HTTP/1.1" 200 10446
2025-11-14 10:18:37 [basehttp INFO] "GET /api/application/e58d7035-c0ff-11f0-84a2-dc567bb1e9dc/function_lib/cf5c8c82-8890-11f0-907b-4a61bd723f2e HTTP/1.1" 200 4753
2025-11-14 10:18:37 [basehttp INFO] "GET /api/application/e58d7035-c0ff-11f0-84a2-dc567bb1e9dc/function_lib/aae6b7a8-8a32-11f0-a013-3efe430cb7c4 HTTP/1.1" 200 2685
2025-11-14 10:18:37 [basehttp INFO] "GET /api/provider HTTP/1.1" 200 286468
2025-11-14 10:18:37 [basehttp INFO] "GET /api/application/e58d7035-c0ff-11f0-84a2-dc567bb1e9dc/model HTTP/1.1" 200 47
2025-11-14 10:18:37 [basehttp INFO] "GET /api/application/e58d7035-c0ff-11f0-84a2-dc567bb1e9dc/model?model_type=IMAGE HTTP/1.1" 200 47
2025-11-14 10:18:37 [basehttp INFO] "GET /api/application/e58d7035-c0ff-11f0-84a2-dc567bb1e9dc/list_dataset HTTP/1.1" 200 354
2025-11-14 10:18:37 [basehttp INFO] "GET /api/provider HTTP/1.1" 200 286468
2025-11-14 10:18:37 [basehttp INFO] "GET /api/application/e58d7035-c0ff-11f0-84a2-dc567bb1e9dc/model HTTP/1.1" 200 47
2025-11-14 10:18:37 [basehttp INFO] "GET /api/provider HTTP/1.1" 200 286468
2025-11-14 10:18:37 [basehttp INFO] "GET /api/application/e58d7035-c0ff-11f0-84a2-dc567bb1e9dc/model HTTP/1.1" 200 47
2025-11-14 10:18:37 [basehttp INFO] "GET /api/provider HTTP/1.1" 200 286468
2025-11-14 10:18:37 [basehttp INFO] "GET /api/application/e58d7035-c0ff-11f0-84a2-dc567bb1e9dc/list_dataset HTTP/1.1" 200 354
2025-11-14 10:18:38 [basehttp INFO] "GET /api/application/e58d7035-c0ff-11f0-84a2-dc567bb1e9dc/model HTTP/1.1" 200 47
2025-11-14 10:18:38 [basehttp INFO] "GET /api/provider HTTP/1.1" 200 286468
2025-11-14 10:18:38 [basehttp INFO] "GET /api/application/e58d7035-c0ff-11f0-84a2-dc567bb1e9dc/list_dataset HTTP/1.1" 200 354
2025-11-14 10:18:38 [basehttp INFO] "GET /api/application/e58d7035-c0ff-11f0-84a2-dc567bb1e9dc/model HTTP/1.1" 200 47
2025-11-14 10:18:38 [basehttp INFO] "GET /api/provider HTTP/1.1" 200 286468
2025-11-14 10:18:38 [basehttp INFO] "GET /api/application/e58d7035-c0ff-11f0-84a2-dc567bb1e9dc/list_dataset HTTP/1.1" 200 354
2025-11-14 10:18:38 [basehttp INFO] "GET /api/application/e58d7035-c0ff-11f0-84a2-dc567bb1e9dc/model HTTP/1.1" 200 47
2025-11-14 10:18:38 [basehttp INFO] "GET /api/application/e58d7035-c0ff-11f0-84a2-dc567bb1e9dc/list_dataset HTTP/1.1" 200 354
2025-11-14 10:18:38 [basehttp INFO] "GET /api/provider HTTP/1.1" 200 286468
2025-11-14 10:18:38 [basehttp INFO] "GET /api/application/e58d7035-c0ff-11f0-84a2-dc567bb1e9dc/model HTTP/1.1" 200 47
2025-11-14 10:18:38 [basehttp INFO] "GET /api/provider HTTP/1.1" 200 286468
2025-11-14 10:18:38 [basehttp INFO] "GET /api/application/e58d7035-c0ff-11f0-84a2-dc567bb1e9dc/list_dataset HTTP/1.1" 200 354
2025-11-14 10:18:38 [basehttp INFO] "GET /api/application/e58d7035-c0ff-11f0-84a2-dc567bb1e9dc/model HTTP/1.1" 200 47
2025-11-14 10:18:38 [basehttp INFO] "GET /api/provider HTTP/1.1" 200 286468
2025-11-14 10:18:38 [basehttp INFO] "GET /api/application/e58d7035-c0ff-11f0-84a2-dc567bb1e9dc/list_dataset HTTP/1.1" 200 354
2025-11-14 10:18:38 [basehttp INFO] "GET /api/application/e58d7035-c0ff-11f0-84a2-dc567bb1e9dc/model HTTP/1.1" 200 47
2025-11-14 10:18:38 [basehttp INFO] "GET /api/application/e58d7035-c0ff-11f0-84a2-dc567bb1e9dc/list_dataset HTTP/1.1" 200 354
2025-11-14 10:18:38 [basehttp INFO] "GET /api/provider HTTP/1.1" 200 286468
2025-11-14 10:18:38 [basehttp INFO] "GET /api/application/e58d7035-c0ff-11f0-84a2-dc567bb1e9dc/model HTTP/1.1" 200 47
2025-11-14 10:18:38 [basehttp INFO] "GET /api/application/e58d7035-c0ff-11f0-84a2-dc567bb1e9dc/list_dataset HTTP/1.1" 200 354
2025-11-14 10:18:38 [basehttp INFO] "GET /api/provider HTTP/1.1" 200 286468
2025-11-14 10:18:38 [basehttp INFO] "GET /api/application/e58d7035-c0ff-11f0-84a2-dc567bb1e9dc/model HTTP/1.1" 200 47
2025-11-14 10:18:38 [basehttp INFO] "GET /api/application/e58d7035-c0ff-11f0-84a2-dc567bb1e9dc/list_dataset HTTP/1.1" 200 354
2025-11-14 10:18:38 [basehttp INFO] "GET /api/provider HTTP/1.1" 200 286468
2025-11-14 10:18:38 [basehttp INFO] "GET /api/application/e58d7035-c0ff-11f0-84a2-dc567bb1e9dc/model HTTP/1.1" 200 47
2025-11-14 10:18:38 [basehttp INFO] "GET /api/application/e58d7035-c0ff-11f0-84a2-dc567bb1e9dc/list_dataset HTTP/1.1" 200 354
2025-11-14 10:18:38 [basehttp INFO] "GET /api/provider HTTP/1.1" 200 286468
2025-11-14 10:18:38 [basehttp INFO] "GET /api/application/e58d7035-c0ff-11f0-84a2-dc567bb1e9dc/model HTTP/1.1" 200 47
2025-11-14 10:18:38 [basehttp INFO] "GET /api/application/e58d7035-c0ff-11f0-84a2-dc567bb1e9dc/list_dataset HTTP/1.1" 200 354
2025-11-14 10:18:38 [basehttp INFO] "GET /api/provider HTTP/1.1" 200 286468
2025-11-14 10:18:38 [basehttp INFO] "GET /api/application/e58d7035-c0ff-11f0-84a2-dc567bb1e9dc/model HTTP/1.1" 200 47
2025-11-14 10:18:38 [basehttp INFO] "GET /api/provider HTTP/1.1" 200 286468
2025-11-14 10:18:38 [basehttp INFO] "GET /api/application/e58d7035-c0ff-11f0-84a2-dc567bb1e9dc/list_dataset HTTP/1.1" 200 354
2025-11-14 10:18:38 [basehttp INFO] "GET /api/application/e58d7035-c0ff-11f0-84a2-dc567bb1e9dc/model HTTP/1.1" 200 47
2025-11-14 10:18:38 [basehttp INFO] "GET /api/application/e58d7035-c0ff-11f0-84a2-dc567bb1e9dc/list_dataset HTTP/1.1" 200 354
2025-11-14 10:18:38 [basehttp INFO] "GET /api/application/e58d7035-c0ff-11f0-84a2-dc567bb1e9dc/model HTTP/1.1" 200 47
2025-11-14 10:18:38 [basehttp INFO] "GET /api/provider HTTP/1.1" 200 286468
2025-11-14 10:18:39 [basehttp INFO] "GET /api/provider HTTP/1.1" 200 286468
2025-11-14 10:18:39 [basehttp INFO] "GET /api/application/e58d7035-c0ff-11f0-84a2-dc567bb1e9dc/model HTTP/1.1" 200 47
2025-11-14 10:18:39 [basehttp INFO] "GET /api/provider HTTP/1.1" 200 286468
2025-11-14 10:18:39 [basehttp INFO] "GET /api/application/e58d7035-c0ff-11f0-84a2-dc567bb1e9dc/model HTTP/1.1" 200 47
2025-11-14 10:18:39 [basehttp INFO] "GET /api/application/e58d7035-c0ff-11f0-84a2-dc567bb1e9dc/list_dataset HTTP/1.1" 200 354
2025-11-14 10:18:39 [basehttp INFO] "GET /api/provider HTTP/1.1" 200 286468
2025-11-14 10:18:39 [basehttp INFO] "GET /api/application/e58d7035-c0ff-11f0-84a2-dc567bb1e9dc/model HTTP/1.1" 200 47
2025-11-14 10:18:39 [basehttp INFO] "GET /api/application/e58d7035-c0ff-11f0-84a2-dc567bb1e9dc/list_dataset HTTP/1.1" 200 354
2025-11-14 10:18:39 [basehttp INFO] "GET /api/provider HTTP/1.1" 200 286468
2025-11-14 10:18:39 [basehttp INFO] "GET /api/application/e58d7035-c0ff-11f0-84a2-dc567bb1e9dc/model HTTP/1.1" 200 47
2025-11-14 10:18:39 [basehttp INFO] "GET /api/provider HTTP/1.1" 200 286468
2025-11-14 10:18:39 [basehttp INFO] "GET /api/application/e58d7035-c0ff-11f0-84a2-dc567bb1e9dc/model HTTP/1.1" 200 47
2025-11-14 10:18:39 [basehttp INFO] "GET /api/provider HTTP/1.1" 200 286468
2025-11-14 10:18:39 [basehttp INFO] "GET /api/application/e58d7035-c0ff-11f0-84a2-dc567bb1e9dc/model HTTP/1.1" 200 47
2025-11-14 10:18:39 [basehttp INFO] "GET /api/provider HTTP/1.1" 200 286468
2025-11-14 10:18:39 [basehttp INFO] "GET /api/application/e58d7035-c0ff-11f0-84a2-dc567bb1e9dc/model HTTP/1.1" 200 47
2025-11-14 10:18:39 [basehttp INFO] "GET /api/provider HTTP/1.1" 200 286468
2025-11-14 10:18:39 [basehttp INFO] "GET /api/application/e58d7035-c0ff-11f0-84a2-dc567bb1e9dc/model HTTP/1.1" 200 47
2025-11-14 10:18:39 [basehttp INFO] "GET /api/provider HTTP/1.1" 200 286468
2025-11-14 10:18:39 [basehttp INFO] "GET /api/application/e58d7035-c0ff-11f0-84a2-dc567bb1e9dc/model HTTP/1.1" 200 47
2025-11-14 10:18:39 [basehttp INFO] "GET /api/application/e58d7035-c0ff-11f0-84a2-dc567bb1e9dc/model HTTP/1.1" 200 47
2025-11-14 10:18:39 [basehttp INFO] "GET /api/provider HTTP/1.1" 200 286468
2025-11-14 10:18:39 [basehttp INFO] "GET /api/provider/model_params_form?provider=model_openai_provider&model_type=LLM&model_name=gpt-4o HTTP/1.1" 200 1080
2025-11-14 10:18:39 [basehttp INFO] "GET /api/application/e58d7035-c0ff-11f0-84a2-dc567bb1e9dc/model HTTP/1.1" 200 47
2025-11-14 10:18:39 [basehttp INFO] "GET /api/provider/model_form?provider=model_openai_provider&model_type=LLM&model_name=gpt-4o HTTP/1.1" 200 528
2025-11-14 10:18:39 [basehttp INFO] "GET /api/provider HTTP/1.1" 200 286468
2025-11-14 10:18:39 [basehttp INFO] "GET /api/provider HTTP/1.1" 200 286468
2025-11-14 10:18:39 [basehttp INFO] "GET /api/provider HTTP/1.1" 200 286468
2025-11-14 10:18:40 [basehttp INFO] "GET /api/application/e58d7035-c0ff-11f0-84a2-dc567bb1e9dc/model HTTP/1.1" 200 47
2025-11-14 10:18:40 [basehttp INFO] "GET /api/provider HTTP/1.1" 200 286468
2025-11-14 10:18:40 [basehttp INFO] "GET /api/application/e58d7035-c0ff-11f0-84a2-dc567bb1e9dc/model HTTP/1.1" 200 47
2025-11-14 10:18:40 [basehttp INFO] "GET /api/provider HTTP/1.1" 200 286468
2025-11-14 10:18:40 [basehttp INFO] "GET /api/application/e58d7035-c0ff-11f0-84a2-dc567bb1e9dc/model HTTP/1.1" 200 47
2025-11-14 10:18:40 [basehttp INFO] "GET /api/provider HTTP/1.1" 200 286468
2025-11-14 10:18:40 [basehttp INFO] "GET /api/application/e58d7035-c0ff-11f0-84a2-dc567bb1e9dc/model HTTP/1.1" 200 47
2025-11-14 10:18:40 [basehttp INFO] "GET /api/provider HTTP/1.1" 200 286468
2025-11-14 10:18:40 [basehttp INFO] "GET /api/application/e58d7035-c0ff-11f0-84a2-dc567bb1e9dc/model HTTP/1.1" 200 47
2025-11-14 10:18:40 [basehttp INFO] "GET /api/provider HTTP/1.1" 200 286468
2025-11-14 10:18:40 [basehttp INFO] "GET /api/provider HTTP/1.1" 200 286468
2025-11-14 10:18:40 [basehttp INFO] "GET /api/application/e58d7035-c0ff-11f0-84a2-dc567bb1e9dc/model HTTP/1.1" 200 47
2025-11-14 10:18:40 [basehttp INFO] "GET /api/provider HTTP/1.1" 200 286468
2025-11-14 10:18:40 [basehttp INFO] "GET /api/application/e58d7035-c0ff-11f0-84a2-dc567bb1e9dc/model HTTP/1.1" 200 47
2025-11-14 10:18:40 [basehttp INFO] "GET /api/provider HTTP/1.1" 200 286468
2025-11-14 10:18:40 [basehttp INFO] "GET /api/application/e58d7035-c0ff-11f0-84a2-dc567bb1e9dc/model HTTP/1.1" 200 47
2025-11-14 10:18:40 [basehttp INFO] "GET /api/provider HTTP/1.1" 200 286468
2025-11-14 10:18:40 [basehttp INFO] "GET /api/application/e58d7035-c0ff-11f0-84a2-dc567bb1e9dc/model HTTP/1.1" 200 47
2025-11-14 10:18:40 [basehttp INFO] "GET /api/provider HTTP/1.1" 200 286468
2025-11-14 10:18:40 [basehttp INFO] "GET /api/application/e58d7035-c0ff-11f0-84a2-dc567bb1e9dc/model HTTP/1.1" 200 47
2025-11-14 10:18:40 [basehttp INFO] "GET /api/provider HTTP/1.1" 200 286468
2025-11-14 10:18:40 [basehttp INFO] "GET /api/application/e58d7035-c0ff-11f0-84a2-dc567bb1e9dc/model HTTP/1.1" 200 47
2025-11-14 10:18:40 [basehttp INFO] "GET /api/provider HTTP/1.1" 200 286468
2025-11-14 10:18:40 [basehttp INFO] "GET /api/application/e58d7035-c0ff-11f0-84a2-dc567bb1e9dc/model HTTP/1.1" 200 47
2025-11-14 10:18:40 [basehttp INFO] "GET /api/provider HTTP/1.1" 200 286468
2025-11-14 10:18:41 [basehttp INFO] "GET /api/application/e58d7035-c0ff-11f0-84a2-dc567bb1e9dc/model HTTP/1.1" 200 47
2025-11-14 10:18:41 [basehttp INFO] "GET /api/provider HTTP/1.1" 200 286468
2025-11-14 10:18:41 [basehttp INFO] "GET /api/provider HTTP/1.1" 200 286468
2025-11-14 10:18:41 [basehttp INFO] "GET /api/application/e58d7035-c0ff-11f0-84a2-dc567bb1e9dc/model HTTP/1.1" 200 47
2025-11-14 10:18:41 [basehttp INFO] "GET /api/provider HTTP/1.1" 200 286468
2025-11-14 10:18:41 [basehttp INFO] "GET /api/provider HTTP/1.1" 200 286468
2025-11-14 10:18:41 [basehttp INFO] "GET /api/provider HTTP/1.1" 200 286468
2025-11-14 10:18:41 [basehttp INFO] "GET /api/application/e58d7035-c0ff-11f0-84a2-dc567bb1e9dc/model HTTP/1.1" 200 47
2025-11-14 10:18:41 [basehttp INFO] "GET /api/provider HTTP/1.1" 200 286468
2025-11-14 10:18:41 [basehttp INFO] "GET /api/application/e58d7035-c0ff-11f0-84a2-dc567bb1e9dc/model HTTP/1.1" 200 47
2025-11-14 10:18:41 [basehttp INFO] "GET /api/provider HTTP/1.1" 200 286468
2025-11-14 10:18:41 [basehttp INFO] "GET /api/application/e58d7035-c0ff-11f0-84a2-dc567bb1e9dc/model HTTP/1.1" 200 47
2025-11-14 10:18:41 [basehttp INFO] "GET /api/provider HTTP/1.1" 200 286468
2025-11-14 10:18:41 [basehttp INFO] "GET /api/application/e58d7035-c0ff-11f0-84a2-dc567bb1e9dc/model HTTP/1.1" 200 47
2025-11-14 10:18:41 [basehttp INFO] "GET /api/provider HTTP/1.1" 200 286468
2025-11-14 10:18:41 [basehttp INFO] "GET /api/application/e58d7035-c0ff-11f0-84a2-dc567bb1e9dc/model HTTP/1.1" 200 47
2025-11-14 10:18:41 [basehttp INFO] "GET /api/provider HTTP/1.1" 200 286468
2025-11-14 10:18:41 [basehttp INFO] "GET /api/provider HTTP/1.1" 200 286468
2025-11-14 10:18:41 [basehttp INFO] "GET /api/application/e58d7035-c0ff-11f0-84a2-dc567bb1e9dc/model HTTP/1.1" 200 47
2025-11-14 10:18:41 [basehttp INFO] "GET /api/application/e58d7035-c0ff-11f0-84a2-dc567bb1e9dc/model HTTP/1.1" 200 47
2025-11-14 10:18:41 [basehttp INFO] "GET /api/provider HTTP/1.1" 200 286468
2025-11-14 10:18:41 [basehttp INFO] "GET /api/application/e58d7035-c0ff-11f0-84a2-dc567bb1e9dc/model HTTP/1.1" 200 47
2025-11-14 10:18:41 [basehttp INFO] "GET /api/provider HTTP/1.1" 200 286468
2025-11-14 10:18:41 [basehttp INFO] "GET /api/provider HTTP/1.1" 200 286468
2025-11-14 10:18:41 [basehttp INFO] "GET /api/application/e58d7035-c0ff-11f0-84a2-dc567bb1e9dc/model HTTP/1.1" 200 47
2025-11-14 10:18:41 [basehttp INFO] "GET /api/provider HTTP/1.1" 200 286468
2025-11-14 10:18:41 [basehttp INFO] "GET /api/application/e58d7035-c0ff-11f0-84a2-dc567bb1e9dc/model HTTP/1.1" 200 47
2025-11-14 10:18:42 [basehttp INFO] "GET /api/provider HTTP/1.1" 200 286468
2025-11-14 10:18:42 [basehttp INFO] "GET /api/application/e58d7035-c0ff-11f0-84a2-dc567bb1e9dc/model HTTP/1.1" 200 47
2025-11-14 10:18:42 [basehttp INFO] "GET /api/application/e58d7035-c0ff-11f0-84a2-dc567bb1e9dc/model HTTP/1.1" 200 47
2025-11-14 10:18:42 [basehttp INFO] "GET /api/provider HTTP/1.1" 200 286468
2025-11-14 10:18:42 [basehttp INFO] "GET /api/application/e58d7035-c0ff-11f0-84a2-dc567bb1e9dc/model HTTP/1.1" 200 47
2025-11-14 10:18:42 [basehttp INFO] "GET /api/application/e58d7035-c0ff-11f0-84a2-dc567bb1e9dc/model HTTP/1.1" 200 47
2025-11-14 10:18:45 [basehttp INFO] "POST /api/function_lib/pylint HTTP/1.1" 200 298
2025-11-14 10:20:12 [basehttp INFO] "POST /api/model HTTP/1.1" 200 351
2025-11-14 10:20:12 [basehttp INFO] "GET /api/model?name=&create_user=&permission_type=&model_type= HTTP/1.1" 200 647
2025-11-14 10:20:31 [basehttp INFO] "POST /api/OpenAIchat HTTP/1.1" 200 44
2025-11-14 10:20:34 [basehttp INFO] "POST /api/application/import HTTP/1.1" 200 49
2025-11-14 10:20:34 [basehttp INFO] "GET /api/model?model_type=EMBEDDING HTTP/1.1" 200 367
2025-11-14 10:20:34 [basehttp INFO] "GET /api/application/1/30 HTTP/1.1" 200 320145
2025-11-14 10:20:39 [basehttp INFO] "POST /api/dataset HTTP/1.1" 200 261
2025-11-14 10:20:46 [pdf_split_handle DEBUG] File: Invoice-A9B370F3-0032.pdf, Page: 1, Time :  0.004s,   content-length: 547
2025-11-14 10:20:46 [basehttp INFO] "POST /api/dataset/document/split HTTP/1.1" 200 739
2025-11-14 10:20:46 [basehttp INFO] "POST /api/dataset/83426aac-c100-11f0-bc08-dc567bb1e9dc/document/_bach HTTP/1.1" 200 480
2025-11-14 10:20:46 [basehttp INFO] "GET /api/application/1/30 HTTP/1.1" 200 320145
2025-11-14 10:20:49 [basehttp INFO] "GET /api/application/8062bd37-c100-11f0-a3bd-dc567bb1e9dc HTTP/1.1" 200 14016
2025-11-14 10:20:58 [basehttp INFO] "GET /api/user/list/APPLICATION HTTP/1.1" 200 154
2025-11-14 10:20:58 [basehttp INFO] "GET /api/application/1/30 HTTP/1.1" 200 320145
2025-11-14 10:20:59 [basehttp INFO] "GET /api/application/8062bd37-c100-11f0-a3bd-dc567bb1e9dc/access_token HTTP/1.1" 200 258
2025-11-14 10:20:59 [basehttp INFO] "GET /api/application/8062bd37-c100-11f0-a3bd-dc567bb1e9dc/statistics/chat_record_aggregate_trend?start_time=2025-11-07&end_time=2025-11-14 HTTP/1.1" 200 1189
2025-11-14 10:20:59 [basehttp INFO] "GET /api/application/8062bd37-c100-11f0-a3bd-dc567bb1e9dc HTTP/1.1" 200 14016
2025-11-14 10:20:59 [basehttp INFO] "GET /api/application HTTP/1.1" 200 320094
2025-11-14 10:21:00 [basehttp INFO] "GET /api/application/8062bd37-c100-11f0-a3bd-dc567bb1e9dc/function_lib HTTP/1.1" 200 23635
2025-11-14 10:21:00 [basehttp INFO] "GET /api/application/8062bd37-c100-11f0-a3bd-dc567bb1e9dc/application HTTP/1.1" 200 305985
2025-11-14 10:21:00 [basehttp INFO] "GET /api/application/8062bd37-c100-11f0-a3bd-dc567bb1e9dc HTTP/1.1" 200 14016
2025-11-14 10:21:01 [basehttp INFO] "GET /api/provider HTTP/1.1" 200 286468
2025-11-14 10:21:01 [basehttp INFO] "GET /api/application/8062bd37-c100-11f0-a3bd-dc567bb1e9dc/model?model_type=STT HTTP/1.1" 200 47
2025-11-14 10:21:01 [basehttp INFO] "GET /api/application/8062bd37-c100-11f0-a3bd-dc567bb1e9dc/model HTTP/1.1" 200 325
2025-11-14 10:21:01 [basehttp INFO] "GET /api/application/8062bd37-c100-11f0-a3bd-dc567bb1e9dc/model?model_type=TTS HTTP/1.1" 200 47
2025-11-14 10:21:01 [basehttp INFO] "GET /api/application/8062bd37-c100-11f0-a3bd-dc567bb1e9dc/list_dataset HTTP/1.1" 200 662
2025-11-14 10:21:01 [basehttp INFO] "GET /api/application/8062bd37-c100-11f0-a3bd-dc567bb1e9dc/model HTTP/1.1" 200 325
2025-11-14 10:21:01 [basehttp INFO] "GET /api/provider HTTP/1.1" 200 286468
2025-11-14 10:21:01 [basehttp INFO] "GET /api/application/8062bd37-c100-11f0-a3bd-dc567bb1e9dc/model HTTP/1.1" 200 325
2025-11-14 10:21:01 [basehttp INFO] "GET /api/provider HTTP/1.1" 200 286468
2025-11-14 10:21:01 [basehttp INFO] "GET /api/provider HTTP/1.1" 200 286468
2025-11-14 10:21:01 [basehttp INFO] "GET /api/provider HTTP/1.1" 200 286468
2025-11-14 10:21:09 [basehttp INFO] "PUT /api/application/8062bd37-c100-11f0-a3bd-dc567bb1e9dc HTTP/1.1" 200 14279
2025-11-14 10:21:10 [basehttp INFO] "PUT /api/application/8062bd37-c100-11f0-a3bd-dc567bb1e9dc HTTP/1.1" 200 14279
2025-11-14 10:21:10 [basehttp INFO] "PUT /api/application/8062bd37-c100-11f0-a3bd-dc567bb1e9dc/publish HTTP/1.1" 200 49
2025-11-14 10:21:30 [basehttp INFO] "PUT /api/application/8062bd37-c100-11f0-a3bd-dc567bb1e9dc HTTP/1.1" 200 14191
2025-11-14 10:21:30 [basehttp INFO] "PUT /api/application/8062bd37-c100-11f0-a3bd-dc567bb1e9dc/publish HTTP/1.1" 200 87
2025-11-14 10:21:46 [basehttp INFO] "PUT /api/application/8062bd37-c100-11f0-a3bd-dc567bb1e9dc HTTP/1.1" 200 14191
2025-11-14 10:21:46 [basehttp INFO] "PUT /api/application/8062bd37-c100-11f0-a3bd-dc567bb1e9dc/publish HTTP/1.1" 200 87
2025-11-14 10:22:13 [basehttp INFO] "GET /api/user HTTP/1.1" 200 1174
2025-11-14 10:22:13 [basehttp INFO] "GET /api/profile HTTP/1.1" 200 114
2025-11-14 10:22:14 [basehttp INFO] "GET /api/application/8062bd37-c100-11f0-a3bd-dc567bb1e9dc HTTP/1.1" 200 14191
2025-11-14 10:22:14 [basehttp INFO] "GET /api/application/8062bd37-c100-11f0-a3bd-dc567bb1e9dc/function_lib HTTP/1.1" 200 23635
2025-11-14 10:22:14 [basehttp INFO] "GET /api/application/8062bd37-c100-11f0-a3bd-dc567bb1e9dc/application HTTP/1.1" 200 305985
2025-11-14 10:22:14 [basehttp INFO] "GET /api/application/8062bd37-c100-11f0-a3bd-dc567bb1e9dc/model HTTP/1.1" 200 325
2025-11-14 10:22:14 [basehttp INFO] "GET /api/application/8062bd37-c100-11f0-a3bd-dc567bb1e9dc/model?model_type=TTS HTTP/1.1" 200 47
2025-11-14 10:22:14 [basehttp INFO] "GET /api/application/8062bd37-c100-11f0-a3bd-dc567bb1e9dc/list_dataset HTTP/1.1" 200 662
2025-11-14 10:22:14 [basehttp INFO] "GET /api/application/8062bd37-c100-11f0-a3bd-dc567bb1e9dc/model?model_type=STT HTTP/1.1" 200 47
2025-11-14 10:22:14 [basehttp INFO] "GET /api/provider HTTP/1.1" 200 286468
2025-11-14 10:22:14 [basehttp INFO] "GET /api/application/8062bd37-c100-11f0-a3bd-dc567bb1e9dc/model HTTP/1.1" 200 325
2025-11-14 10:22:14 [basehttp INFO] "GET /api/provider HTTP/1.1" 200 286468
2025-11-14 10:22:14 [basehttp INFO] "GET /api/application/8062bd37-c100-11f0-a3bd-dc567bb1e9dc/model HTTP/1.1" 200 325
2025-11-14 10:22:14 [basehttp INFO] "GET /api/provider HTTP/1.1" 200 286468
2025-11-14 10:22:14 [basehttp INFO] "GET /api/provider HTTP/1.1" 200 286468
2025-11-14 10:22:14 [basehttp INFO] "GET /api/provider HTTP/1.1" 200 286468
2025-11-14 10:22:24 [basehttp INFO] "PUT /api/application/8062bd37-c100-11f0-a3bd-dc567bb1e9dc HTTP/1.1" 200 14325
2025-11-14 10:22:24 [basehttp INFO] "PUT /api/application/8062bd37-c100-11f0-a3bd-dc567bb1e9dc HTTP/1.1" 200 14325
2025-11-14 10:22:24 [basehttp INFO] "PUT /api/application/8062bd37-c100-11f0-a3bd-dc567bb1e9dc/publish HTTP/1.1" 200 49
2025-11-14 10:22:28 [basehttp INFO] "GET /api/user HTTP/1.1" 200 1174
2025-11-14 10:22:29 [basehttp INFO] "GET /api/profile HTTP/1.1" 200 114
2025-11-14 10:22:29 [basehttp INFO] "GET /api/user/list/APPLICATION HTTP/1.1" 200 154
2025-11-14 10:22:29 [basehttp INFO] "GET /api/application/1/30 HTTP/1.1" 200 320454
2025-11-14 10:22:34 [basehttp INFO] "GET /api/application/8062bd37-c100-11f0-a3bd-dc567bb1e9dc/function_lib HTTP/1.1" 200 23635
2025-11-14 10:22:34 [basehttp INFO] "GET /api/application/8062bd37-c100-11f0-a3bd-dc567bb1e9dc/application HTTP/1.1" 200 305985
2025-11-14 10:22:34 [basehttp INFO] "GET /api/application/8062bd37-c100-11f0-a3bd-dc567bb1e9dc HTTP/1.1" 200 14325
2025-11-14 10:22:34 [basehttp INFO] "GET /api/application/8062bd37-c100-11f0-a3bd-dc567bb1e9dc/model?model_type=STT HTTP/1.1" 200 47
2025-11-14 10:22:34 [basehttp INFO] "GET /api/application/8062bd37-c100-11f0-a3bd-dc567bb1e9dc/model?model_type=TTS HTTP/1.1" 200 47
2025-11-14 10:22:34 [basehttp INFO] "GET /api/provider HTTP/1.1" 200 286468
2025-11-14 10:22:34 [basehttp INFO] "GET /api/application/8062bd37-c100-11f0-a3bd-dc567bb1e9dc/model HTTP/1.1" 200 325
2025-11-14 10:22:34 [basehttp INFO] "GET /api/provider HTTP/1.1" 200 286468
2025-11-14 10:22:34 [basehttp INFO] "GET /api/provider HTTP/1.1" 200 286468
2025-11-14 10:22:34 [basehttp INFO] "GET /api/provider HTTP/1.1" 200 286468
2025-11-14 10:22:34 [basehttp INFO] "GET /api/application/8062bd37-c100-11f0-a3bd-dc567bb1e9dc/list_dataset HTTP/1.1" 200 662
2025-11-14 10:22:34 [basehttp INFO] "GET /api/application/8062bd37-c100-11f0-a3bd-dc567bb1e9dc/model HTTP/1.1" 200 325
2025-11-14 10:22:34 [basehttp INFO] "GET /api/provider HTTP/1.1" 200 286468
2025-11-14 10:22:34 [basehttp INFO] "GET /api/application/8062bd37-c100-11f0-a3bd-dc567bb1e9dc/model HTTP/1.1" 200 325
2025-11-14 10:22:37 [basehttp INFO] "GET /api/application/8062bd37-c100-11f0-a3bd-dc567bb1e9dc HTTP/1.1" 200 14325
2025-11-14 10:22:37 [basehttp INFO] "GET /api/application HTTP/1.1" 200 320403
2025-11-14 10:22:37 [basehttp INFO] "GET /api/application/8062bd37-c100-11f0-a3bd-dc567bb1e9dc/access_token HTTP/1.1" 200 258
2025-11-14 10:22:37 [basehttp INFO] "GET /api/application/8062bd37-c100-11f0-a3bd-dc567bb1e9dc/statistics/chat_record_aggregate_trend?start_time=2025-11-07&end_time=2025-11-14 HTTP/1.1" 200 1189
2025-11-14 10:22:38 [basehttp INFO] "GET /api/user/list/APPLICATION HTTP/1.1" 200 154
2025-11-14 10:22:38 [basehttp INFO] "GET /api/application/1/30 HTTP/1.1" 200 320454
2025-11-14 10:22:45 [basehttp INFO] "POST /api/OpenAIchat HTTP/1.1" 200 44
2025-11-14 10:22:49 [basehttp INFO] "POST /api/application/import HTTP/1.1" 200 49
2025-11-14 10:22:49 [basehttp INFO] "GET /api/model?model_type=EMBEDDING HTTP/1.1" 200 367
2025-11-14 10:22:49 [basehttp INFO] "GET /api/application/1/30 HTTP/1.1" 200 334406
2025-11-14 10:23:04 [basehttp INFO] "GET /api/user HTTP/1.1" 200 1348
2025-11-14 10:23:04 [basehttp INFO] "GET /api/profile HTTP/1.1" 200 114
2025-11-14 10:23:05 [basehttp INFO] "GET /api/application/8062bd37-c100-11f0-a3bd-dc567bb1e9dc/application HTTP/1.1" 200 319796
2025-11-14 10:23:05 [basehttp INFO] "GET /api/application/8062bd37-c100-11f0-a3bd-dc567bb1e9dc HTTP/1.1" 200 14325
2025-11-14 10:23:05 [basehttp INFO] "GET /api/application/8062bd37-c100-11f0-a3bd-dc567bb1e9dc/function_lib HTTP/1.1" 200 23635
2025-11-14 10:23:05 [basehttp INFO] "GET /api/application/8062bd37-c100-11f0-a3bd-dc567bb1e9dc/list_dataset HTTP/1.1" 200 662
2025-11-14 10:23:05 [basehttp INFO] "GET /api/application/8062bd37-c100-11f0-a3bd-dc567bb1e9dc/model?model_type=TTS HTTP/1.1" 200 47
2025-11-14 10:23:05 [basehttp INFO] "GET /api/application/8062bd37-c100-11f0-a3bd-dc567bb1e9dc/model?model_type=STT HTTP/1.1" 200 47
2025-11-14 10:23:05 [basehttp INFO] "GET /api/application/8062bd37-c100-11f0-a3bd-dc567bb1e9dc/model HTTP/1.1" 200 325
2025-11-14 10:23:05 [basehttp INFO] "GET /api/provider HTTP/1.1" 200 286468
2025-11-14 10:23:05 [basehttp INFO] "GET /api/provider HTTP/1.1" 200 286468
2025-11-14 10:23:05 [basehttp INFO] "GET /api/application/8062bd37-c100-11f0-a3bd-dc567bb1e9dc/model HTTP/1.1" 200 325
2025-11-14 10:23:05 [basehttp INFO] "GET /api/provider HTTP/1.1" 200 286468
2025-11-14 10:23:05 [basehttp INFO] "GET /api/application/8062bd37-c100-11f0-a3bd-dc567bb1e9dc/model HTTP/1.1" 200 325
2025-11-14 10:23:05 [basehttp INFO] "GET /api/provider HTTP/1.1" 200 286468
2025-11-14 10:23:05 [basehttp INFO] "GET /api/provider HTTP/1.1" 200 286468
2025-11-14 10:23:07 [basehttp INFO] "GET /api/application/8062bd37-c100-11f0-a3bd-dc567bb1e9dc/access_token HTTP/1.1" 200 258
2025-11-14 10:23:07 [basehttp INFO] "GET /api/application/8062bd37-c100-11f0-a3bd-dc567bb1e9dc HTTP/1.1" 200 14325
2025-11-14 10:23:07 [basehttp INFO] "GET /api/application/8062bd37-c100-11f0-a3bd-dc567bb1e9dc/statistics/chat_record_aggregate_trend?start_time=2025-11-07&end_time=2025-11-14 HTTP/1.1" 200 1189
2025-11-14 10:23:07 [basehttp INFO] "GET /api/application HTTP/1.1" 200 334355
2025-11-14 10:23:08 [basehttp INFO] "GET /api/user/list/APPLICATION HTTP/1.1" 200 154
2025-11-14 10:23:08 [basehttp INFO] "GET /api/application/1/30 HTTP/1.1" 200 334406
2025-11-14 10:23:09 [basehttp INFO] "GET /api/application/d07a16d0-c100-11f0-8d35-dc567bb1e9dc/access_token HTTP/1.1" 200 258
2025-11-14 10:23:09 [basehttp INFO] "GET /api/application/d07a16d0-c100-11f0-8d35-dc567bb1e9dc/statistics/chat_record_aggregate_trend?start_time=2025-11-07&end_time=2025-11-14 HTTP/1.1" 200 1189
2025-11-14 10:23:09 [basehttp INFO] "GET /api/application/d07a16d0-c100-11f0-8d35-dc567bb1e9dc HTTP/1.1" 200 14016
2025-11-14 10:23:09 [basehttp INFO] "GET /api/application HTTP/1.1" 200 334355
2025-11-14 10:23:11 [basehttp INFO] "GET /api/application/d07a16d0-c100-11f0-8d35-dc567bb1e9dc HTTP/1.1" 200 14016
2025-11-14 10:23:11 [basehttp INFO] "GET /api/application/d07a16d0-c100-11f0-8d35-dc567bb1e9dc/chat/1/20?start_time=2025-11-07&end_time=2025-11-14&min_star=0&min_trample=0&comparer=and HTTP/1.1" 200 98
2025-11-14 10:23:11 [basehttp INFO] "GET /api/application/d07a16d0-c100-11f0-8d35-dc567bb1e9dc/application HTTP/1.1" 200 320105
2025-11-14 10:23:11 [basehttp INFO] "GET /api/application/d07a16d0-c100-11f0-8d35-dc567bb1e9dc/function_lib HTTP/1.1" 200 23635
2025-11-14 10:23:11 [basehttp INFO] "GET /api/application/d07a16d0-c100-11f0-8d35-dc567bb1e9dc HTTP/1.1" 200 14016
2025-11-14 10:23:12 [basehttp INFO] "GET /api/application/d07a16d0-c100-11f0-8d35-dc567bb1e9dc/model HTTP/1.1" 200 325
2025-11-14 10:23:12 [basehttp INFO] "GET /api/application/d07a16d0-c100-11f0-8d35-dc567bb1e9dc/list_dataset HTTP/1.1" 200 662
2025-11-14 10:23:12 [basehttp INFO] "GET /api/provider HTTP/1.1" 200 286468
2025-11-14 10:23:12 [basehttp INFO] "GET /api/application/d07a16d0-c100-11f0-8d35-dc567bb1e9dc/model?model_type=STT HTTP/1.1" 200 47
2025-11-14 10:23:12 [basehttp INFO] "GET /api/application/d07a16d0-c100-11f0-8d35-dc567bb1e9dc/model?model_type=TTS HTTP/1.1" 200 47
2025-11-14 10:23:12 [basehttp INFO] "GET /api/application/d07a16d0-c100-11f0-8d35-dc567bb1e9dc/model HTTP/1.1" 200 325
2025-11-14 10:23:12 [basehttp INFO] "GET /api/provider HTTP/1.1" 200 286468
2025-11-14 10:23:12 [basehttp INFO] "GET /api/application/d07a16d0-c100-11f0-8d35-dc567bb1e9dc/model HTTP/1.1" 200 325
2025-11-14 10:23:12 [basehttp INFO] "GET /api/provider HTTP/1.1" 200 286468
2025-11-14 10:23:12 [basehttp INFO] "GET /api/provider HTTP/1.1" 200 286468
2025-11-14 10:23:12 [basehttp INFO] "GET /api/provider HTTP/1.1" 200 286468
2025-11-14 10:23:18 [basehttp INFO] "PUT /api/application/d07a16d0-c100-11f0-8d35-dc567bb1e9dc HTTP/1.1" 200 14279
2025-11-14 10:23:18 [basehttp INFO] "PUT /api/application/d07a16d0-c100-11f0-8d35-dc567bb1e9dc HTTP/1.1" 200 14279
2025-11-14 10:23:19 [basehttp INFO] "PUT /api/application/d07a16d0-c100-11f0-8d35-dc567bb1e9dc/publish HTTP/1.1" 200 49
2025-11-14 10:23:25 [basehttp INFO] "POST /api/dataset HTTP/1.1" 200 259
2025-11-14 10:23:28 [pdf_split_handle DEBUG] File: Invoice-A9B370F3-0032.pdf, Page: 1, Time :  0.002s,   content-length: 547
2025-11-14 10:23:28 [basehttp INFO] "POST /api/dataset/document/split HTTP/1.1" 200 739
2025-11-14 10:23:29 [basehttp INFO] "POST /api/dataset/e606e05a-c100-11f0-b85d-dc567bb1e9dc/document/_bach HTTP/1.1" 200 480
2025-11-14 10:23:29 [basehttp INFO] "GET /api/application/1/30 HTTP/1.1" 200 334669
2025-11-14 10:23:31 [basehttp INFO] "GET /api/application/d07a16d0-c100-11f0-8d35-dc567bb1e9dc HTTP/1.1" 200 14279
2025-11-14 10:23:35 [basehttp INFO] "PUT /api/application/d07a16d0-c100-11f0-8d35-dc567bb1e9dc HTTP/1.1" 200 14394
2025-11-14 10:23:35 [basehttp INFO] "PUT /api/application/d07a16d0-c100-11f0-8d35-dc567bb1e9dc/publish HTTP/1.1" 200 49
2025-11-14 10:23:48 [basehttp INFO] "GET /api/user HTTP/1.1" 200 1510
2025-11-14 10:23:48 [basehttp INFO] "GET /api/profile HTTP/1.1" 200 114
2025-11-14 10:23:48 [basehttp INFO] "GET /api/user/list/APPLICATION HTTP/1.1" 200 154
2025-11-14 10:23:48 [basehttp INFO] "GET /api/application/1/30 HTTP/1.1" 200 334784
2025-11-14 10:23:50 [basehttp INFO] "GET /api/user HTTP/1.1" 200 1510
2025-11-14 10:23:50 [basehttp INFO] "GET /api/profile HTTP/1.1" 200 114
2025-11-14 10:23:50 [basehttp INFO] "GET /api/user/list/APPLICATION HTTP/1.1" 200 154
2025-11-14 10:23:51 [basehttp INFO] "GET /api/application/1/30 HTTP/1.1" 200 334784
2025-11-14 10:24:05 [basehttp INFO] "GET /api/user HTTP/1.1" 200 1510
2025-11-14 10:24:05 [basehttp INFO] "GET /api/profile HTTP/1.1" 200 114
2025-11-14 10:24:05 [basehttp INFO] "GET /api/user/list/APPLICATION HTTP/1.1" 200 154
2025-11-14 10:24:06 [basehttp INFO] "GET /api/application/1/30 HTTP/1.1" 200 334784
2025-11-14 10:24:06 [basehttp INFO] "GET /api/application/d07a16d0-c100-11f0-8d35-dc567bb1e9dc/access_token HTTP/1.1" 200 258
2025-11-14 10:24:06 [basehttp INFO] "GET /api/application/d07a16d0-c100-11f0-8d35-dc567bb1e9dc/statistics/chat_record_aggregate_trend?start_time=2025-11-07&end_time=2025-11-14 HTTP/1.1" 200 1189
2025-11-14 10:24:06 [basehttp INFO] "GET /api/application HTTP/1.1" 200 334733
2025-11-14 10:24:06 [basehttp INFO] "GET /api/application/d07a16d0-c100-11f0-8d35-dc567bb1e9dc HTTP/1.1" 200 14394
2025-11-14 10:24:08 [basehttp INFO] "GET /api/application/d07a16d0-c100-11f0-8d35-dc567bb1e9dc HTTP/1.1" 200 14394
2025-11-14 10:24:08 [basehttp INFO] "GET /api/application/d07a16d0-c100-11f0-8d35-dc567bb1e9dc/function_lib HTTP/1.1" 200 23635
2025-11-14 10:24:08 [basehttp INFO] "GET /api/application/d07a16d0-c100-11f0-8d35-dc567bb1e9dc/application HTTP/1.1" 200 320105
2025-11-14 10:24:08 [basehttp INFO] "GET /api/provider HTTP/1.1" 200 286468
2025-11-14 10:24:08 [basehttp INFO] "GET /api/application/d07a16d0-c100-11f0-8d35-dc567bb1e9dc/model?model_type=STT HTTP/1.1" 200 47
2025-11-14 10:24:08 [basehttp INFO] "GET /api/application/d07a16d0-c100-11f0-8d35-dc567bb1e9dc/model HTTP/1.1" 200 325
2025-11-14 10:24:08 [basehttp INFO] "GET /api/application/d07a16d0-c100-11f0-8d35-dc567bb1e9dc/model?model_type=TTS HTTP/1.1" 200 47
2025-11-14 10:24:08 [basehttp INFO] "GET /api/application/d07a16d0-c100-11f0-8d35-dc567bb1e9dc/list_dataset HTTP/1.1" 200 968
2025-11-14 10:24:08 [basehttp INFO] "GET /api/provider HTTP/1.1" 200 286468
2025-11-14 10:24:08 [basehttp INFO] "GET /api/application/d07a16d0-c100-11f0-8d35-dc567bb1e9dc/model HTTP/1.1" 200 325
2025-11-14 10:24:08 [basehttp INFO] "GET /api/application/d07a16d0-c100-11f0-8d35-dc567bb1e9dc/model HTTP/1.1" 200 325
2025-11-14 10:24:08 [basehttp INFO] "GET /api/provider HTTP/1.1" 200 286468
2025-11-14 10:24:08 [basehttp INFO] "GET /api/provider HTTP/1.1" 200 286468
2025-11-14 10:24:08 [basehttp INFO] "GET /api/provider HTTP/1.1" 200 286468
2025-11-14 10:24:30 [basehttp INFO] "POST /api/OpenAIchat HTTP/1.1" 200 44
2025-11-14 10:24:35 [basehttp INFO] "POST /api/application/import HTTP/1.1" 200 49
2025-11-14 10:24:35 [basehttp INFO] "GET /api/model?model_type=EMBEDDING HTTP/1.1" 200 367
2025-11-14 10:24:35 [basehttp INFO] "GET /api/application/1/30 HTTP/1.1" 200 641843
2025-11-14 10:24:40 [basehttp INFO] "GET /api/application/d07a16d0-c100-11f0-8d35-dc567bb1e9dc HTTP/1.1" 200 14394
2025-11-14 10:24:40 [basehttp INFO] "GET /api/application HTTP/1.1" 200 641792
2025-11-14 10:24:40 [basehttp INFO] "GET /api/application/d07a16d0-c100-11f0-8d35-dc567bb1e9dc/access_token HTTP/1.1" 200 258
2025-11-14 10:24:40 [basehttp INFO] "GET /api/application/d07a16d0-c100-11f0-8d35-dc567bb1e9dc/statistics/chat_record_aggregate_trend?start_time=2025-11-07&end_time=2025-11-14 HTTP/1.1" 200 1189
2025-11-14 10:24:42 [basehttp INFO] "GET /api/user/list/APPLICATION HTTP/1.1" 200 154
2025-11-14 10:24:42 [basehttp INFO] "GET /api/application/1/30 HTTP/1.1" 200 641843
2025-11-14 10:24:43 [basehttp INFO] "GET /api/application/0fd514ec-c101-11f0-abeb-dc567bb1e9dc/access_token HTTP/1.1" 200 258
2025-11-14 10:24:43 [basehttp INFO] "GET /api/application/0fd514ec-c101-11f0-abeb-dc567bb1e9dc HTTP/1.1" 200 307107
2025-11-14 10:24:43 [basehttp INFO] "GET /api/application HTTP/1.1" 200 641792
2025-11-14 10:24:43 [basehttp INFO] "GET /api/application/0fd514ec-c101-11f0-abeb-dc567bb1e9dc/statistics/chat_record_aggregate_trend?start_time=2025-11-07&end_time=2025-11-14 HTTP/1.1" 200 1189
2025-11-14 10:24:44 [basehttp INFO] "GET /api/application/0fd514ec-c101-11f0-abeb-dc567bb1e9dc/application HTTP/1.1" 200 334294
2025-11-14 10:24:44 [basehttp INFO] "GET /api/application/0fd514ec-c101-11f0-abeb-dc567bb1e9dc HTTP/1.1" 200 307107
2025-11-14 10:24:44 [basehttp INFO] "GET /api/application/0fd514ec-c101-11f0-abeb-dc567bb1e9dc/function_lib HTTP/1.1" 200 23635
2025-11-14 10:24:52 [basehttp INFO] "GET /api/provider HTTP/1.1" 200 286468
2025-11-14 10:24:52 [basehttp INFO] "GET /api/application/0fd514ec-c101-11f0-abeb-dc567bb1e9dc/model?model_type=TTS HTTP/1.1" 200 47
2025-11-14 10:24:52 [basehttp INFO] "GET /api/application/0fd514ec-c101-11f0-abeb-dc567bb1e9dc/model?model_type=IMAGE HTTP/1.1" 200 47
2025-11-14 10:24:52 [basehttp INFO] "GET /api/application/0fd514ec-c101-11f0-abeb-dc567bb1e9dc/model HTTP/1.1" 200 325
2025-11-14 10:24:52 [basehttp INFO] "GET /api/application/0fd514ec-c101-11f0-abeb-dc567bb1e9dc/model?model_type=STT HTTP/1.1" 200 47
2025-11-14 10:24:52 [basehttp INFO] "GET /api/application/0fd514ec-c101-11f0-abeb-dc567bb1e9dc/list_dataset HTTP/1.1" 200 968
2025-11-14 10:24:52 [basehttp INFO] "GET /api/application/0fd514ec-c101-11f0-abeb-dc567bb1e9dc/function_lib/0bf06a52-6b53-11f0-9627-beb85ef1615f HTTP/1.1" 200 4777
2025-11-14 10:24:52 [basehttp INFO] "GET /api/application/0fd514ec-c101-11f0-abeb-dc567bb1e9dc/function_lib/83d696ae-7369-11f0-a3e2-beb85ef1615f HTTP/1.1" 200 10446
2025-11-14 10:24:52 [basehttp INFO] "GET /api/application/0fd514ec-c101-11f0-abeb-dc567bb1e9dc/function_lib/ad3071a0-7d73-11f0-a8b2-1a8538159feb HTTP/1.1" 200 1144
2025-11-14 10:24:52 [basehttp INFO] "GET /api/application/0fd514ec-c101-11f0-abeb-dc567bb1e9dc/function_lib/aae6b7a8-8a32-11f0-a013-3efe430cb7c4 HTTP/1.1" 200 2685
2025-11-14 10:24:52 [basehttp INFO] "GET /api/application/0fd514ec-c101-11f0-abeb-dc567bb1e9dc/function_lib/cf5c8c82-8890-11f0-907b-4a61bd723f2e HTTP/1.1" 200 4753
2025-11-14 10:24:52 [basehttp INFO] "GET /api/application/0fd514ec-c101-11f0-abeb-dc567bb1e9dc/model?model_type=IMAGE HTTP/1.1" 200 47
2025-11-14 10:24:52 [basehttp INFO] "GET /api/provider HTTP/1.1" 200 286468
2025-11-14 10:24:52 [basehttp INFO] "GET /api/application/0fd514ec-c101-11f0-abeb-dc567bb1e9dc/list_dataset HTTP/1.1" 200 968
2025-11-14 10:24:52 [basehttp INFO] "GET /api/application/0fd514ec-c101-11f0-abeb-dc567bb1e9dc/model HTTP/1.1" 200 325
2025-11-14 10:24:52 [basehttp INFO] "GET /api/provider HTTP/1.1" 200 286468
2025-11-14 10:24:52 [basehttp INFO] "GET /api/application/0fd514ec-c101-11f0-abeb-dc567bb1e9dc/model HTTP/1.1" 200 325
2025-11-14 10:24:52 [basehttp INFO] "GET /api/application/0fd514ec-c101-11f0-abeb-dc567bb1e9dc/list_dataset HTTP/1.1" 200 968
2025-11-14 10:24:52 [basehttp INFO] "GET /api/provider HTTP/1.1" 200 286468
2025-11-14 10:24:52 [basehttp INFO] "GET /api/application/0fd514ec-c101-11f0-abeb-dc567bb1e9dc/list_dataset HTTP/1.1" 200 968
2025-11-14 10:24:52 [basehttp INFO] "GET /api/application/0fd514ec-c101-11f0-abeb-dc567bb1e9dc/model HTTP/1.1" 200 325
2025-11-14 10:24:52 [basehttp INFO] "GET /api/provider HTTP/1.1" 200 286468
2025-11-14 10:24:52 [basehttp INFO] "GET /api/application/0fd514ec-c101-11f0-abeb-dc567bb1e9dc/list_dataset HTTP/1.1" 200 968
2025-11-14 10:24:52 [basehttp INFO] "GET /api/provider HTTP/1.1" 200 286468
2025-11-14 10:24:52 [basehttp INFO] "GET /api/application/0fd514ec-c101-11f0-abeb-dc567bb1e9dc/model HTTP/1.1" 200 325
2025-11-14 10:24:52 [basehttp INFO] "GET /api/provider HTTP/1.1" 200 286468
2025-11-14 10:24:52 [basehttp INFO] "GET /api/application/0fd514ec-c101-11f0-abeb-dc567bb1e9dc/model HTTP/1.1" 200 325
2025-11-14 10:24:52 [basehttp INFO] "GET /api/application/0fd514ec-c101-11f0-abeb-dc567bb1e9dc/list_dataset HTTP/1.1" 200 968
2025-11-14 10:24:52 [basehttp INFO] "GET /api/application/0fd514ec-c101-11f0-abeb-dc567bb1e9dc/list_dataset HTTP/1.1" 200 968
2025-11-14 10:24:52 [basehttp INFO] "GET /api/provider HTTP/1.1" 200 286468
2025-11-14 10:24:52 [basehttp INFO] "GET /api/application/0fd514ec-c101-11f0-abeb-dc567bb1e9dc/model HTTP/1.1" 200 325
2025-11-14 10:24:53 [basehttp INFO] "GET /api/provider HTTP/1.1" 200 286468
2025-11-14 10:24:53 [basehttp INFO] "GET /api/application/0fd514ec-c101-11f0-abeb-dc567bb1e9dc/list_dataset HTTP/1.1" 200 968
2025-11-14 10:24:53 [basehttp INFO] "GET /api/provider HTTP/1.1" 200 286468
2025-11-14 10:24:53 [basehttp INFO] "GET /api/application/0fd514ec-c101-11f0-abeb-dc567bb1e9dc/list_dataset HTTP/1.1" 200 968
2025-11-14 10:24:53 [basehttp INFO] "GET /api/application/0fd514ec-c101-11f0-abeb-dc567bb1e9dc/model HTTP/1.1" 200 325
2025-11-14 10:24:53 [basehttp INFO] "GET /api/provider HTTP/1.1" 200 286468
2025-11-14 10:24:53 [basehttp INFO] "GET /api/application/0fd514ec-c101-11f0-abeb-dc567bb1e9dc/list_dataset HTTP/1.1" 200 968
2025-11-14 10:24:53 [basehttp INFO] "GET /api/application/0fd514ec-c101-11f0-abeb-dc567bb1e9dc/model HTTP/1.1" 200 325
2025-11-14 10:24:53 [basehttp INFO] "GET /api/provider HTTP/1.1" 200 286468
2025-11-14 10:24:53 [basehttp INFO] "GET /api/application/0fd514ec-c101-11f0-abeb-dc567bb1e9dc/list_dataset HTTP/1.1" 200 968
2025-11-14 10:24:53 [basehttp INFO] "GET /api/application/0fd514ec-c101-11f0-abeb-dc567bb1e9dc/model HTTP/1.1" 200 325
2025-11-14 10:24:53 [basehttp INFO] "GET /api/application/0fd514ec-c101-11f0-abeb-dc567bb1e9dc/list_dataset HTTP/1.1" 200 968
2025-11-14 10:24:53 [basehttp INFO] "GET /api/provider HTTP/1.1" 200 286468
2025-11-14 10:24:53 [basehttp INFO] "GET /api/application/0fd514ec-c101-11f0-abeb-dc567bb1e9dc/model HTTP/1.1" 200 325
2025-11-14 10:24:53 [basehttp INFO] "GET /api/application/0fd514ec-c101-11f0-abeb-dc567bb1e9dc/list_dataset HTTP/1.1" 200 968
2025-11-14 10:24:53 [basehttp INFO] "GET /api/provider HTTP/1.1" 200 286468
2025-11-14 10:24:53 [basehttp INFO] "GET /api/provider HTTP/1.1" 200 286468
2025-11-14 10:24:53 [basehttp INFO] "GET /api/application/0fd514ec-c101-11f0-abeb-dc567bb1e9dc/list_dataset HTTP/1.1" 200 968
2025-11-14 10:24:53 [basehttp INFO] "GET /api/application/0fd514ec-c101-11f0-abeb-dc567bb1e9dc/list_dataset HTTP/1.1" 200 968
2025-11-14 10:24:53 [basehttp INFO] "GET /api/application/0fd514ec-c101-11f0-abeb-dc567bb1e9dc/model HTTP/1.1" 200 325
2025-11-14 10:24:53 [basehttp INFO] "GET /api/provider HTTP/1.1" 200 286468
2025-11-14 10:24:53 [basehttp INFO] "GET /api/provider HTTP/1.1" 200 286468
2025-11-14 10:24:53 [basehttp INFO] "GET /api/application/0fd514ec-c101-11f0-abeb-dc567bb1e9dc/model HTTP/1.1" 200 325
2025-11-14 10:24:53 [basehttp INFO] "GET /api/provider HTTP/1.1" 200 286468
2025-11-14 10:24:53 [basehttp INFO] "GET /api/application/0fd514ec-c101-11f0-abeb-dc567bb1e9dc/model HTTP/1.1" 200 325
2025-11-14 10:24:53 [basehttp INFO] "GET /api/application/0fd514ec-c101-11f0-abeb-dc567bb1e9dc/list_dataset HTTP/1.1" 200 968
2025-11-14 10:24:53 [basehttp INFO] "GET /api/application/0fd514ec-c101-11f0-abeb-dc567bb1e9dc/model HTTP/1.1" 200 325
2025-11-14 10:24:53 [basehttp INFO] "GET /api/application/0fd514ec-c101-11f0-abeb-dc567bb1e9dc/list_dataset HTTP/1.1" 200 968
2025-11-14 10:24:53 [basehttp INFO] "GET /api/application/0fd514ec-c101-11f0-abeb-dc567bb1e9dc/model HTTP/1.1" 200 325
2025-11-14 10:24:53 [basehttp INFO] "GET /api/provider HTTP/1.1" 200 286468
2025-11-14 10:24:53 [basehttp INFO] "GET /api/application/0fd514ec-c101-11f0-abeb-dc567bb1e9dc/model HTTP/1.1" 200 325
2025-11-14 10:24:53 [basehttp INFO] "GET /api/provider HTTP/1.1" 200 286468
2025-11-14 10:24:53 [basehttp INFO] "GET /api/application/0fd514ec-c101-11f0-abeb-dc567bb1e9dc/model HTTP/1.1" 200 325
2025-11-14 10:24:53 [basehttp INFO] "GET /api/provider HTTP/1.1" 200 286468
2025-11-14 10:24:54 [basehttp INFO] "GET /api/application/0fd514ec-c101-11f0-abeb-dc567bb1e9dc/model HTTP/1.1" 200 325
2025-11-14 10:24:54 [basehttp INFO] "GET /api/provider HTTP/1.1" 200 286468
2025-11-14 10:24:54 [basehttp INFO] "GET /api/application/0fd514ec-c101-11f0-abeb-dc567bb1e9dc/model HTTP/1.1" 200 325
2025-11-14 10:24:54 [basehttp INFO] "GET /api/provider HTTP/1.1" 200 286468
2025-11-14 10:24:54 [basehttp INFO] "GET /api/provider HTTP/1.1" 200 286468
2025-11-14 10:24:54 [basehttp INFO] "GET /api/application/0fd514ec-c101-11f0-abeb-dc567bb1e9dc/model HTTP/1.1" 200 325
2025-11-14 10:24:54 [basehttp INFO] "GET /api/provider HTTP/1.1" 200 286468
2025-11-14 10:24:54 [basehttp INFO] "GET /api/application/0fd514ec-c101-11f0-abeb-dc567bb1e9dc/model HTTP/1.1" 200 325
2025-11-14 10:24:54 [basehttp INFO] "GET /api/provider HTTP/1.1" 200 286468
2025-11-14 10:24:54 [basehttp INFO] "GET /api/application/0fd514ec-c101-11f0-abeb-dc567bb1e9dc/model HTTP/1.1" 200 325
2025-11-14 10:24:54 [basehttp INFO] "GET /api/provider HTTP/1.1" 200 286468
2025-11-14 10:24:54 [basehttp INFO] "GET /api/application/0fd514ec-c101-11f0-abeb-dc567bb1e9dc/model HTTP/1.1" 200 325
2025-11-14 10:24:54 [basehttp INFO] "GET /api/provider HTTP/1.1" 200 286468
2025-11-14 10:24:54 [basehttp INFO] "GET /api/application/0fd514ec-c101-11f0-abeb-dc567bb1e9dc/model HTTP/1.1" 200 325
2025-11-14 10:24:54 [basehttp INFO] "GET /api/provider HTTP/1.1" 200 286468
2025-11-14 10:24:54 [basehttp INFO] "GET /api/application/0fd514ec-c101-11f0-abeb-dc567bb1e9dc/model HTTP/1.1" 200 325
2025-11-14 10:24:54 [basehttp INFO] "GET /api/provider HTTP/1.1" 200 286468
2025-11-14 10:24:54 [basehttp INFO] "GET /api/application/0fd514ec-c101-11f0-abeb-dc567bb1e9dc/model HTTP/1.1" 200 325
2025-11-14 10:24:54 [basehttp INFO] "GET /api/provider HTTP/1.1" 200 286468
2025-11-14 10:24:54 [basehttp INFO] "GET /api/application/0fd514ec-c101-11f0-abeb-dc567bb1e9dc/model HTTP/1.1" 200 325
2025-11-14 10:24:54 [basehttp INFO] "GET /api/provider HTTP/1.1" 200 286468
2025-11-14 10:24:54 [basehttp INFO] "GET /api/application/0fd514ec-c101-11f0-abeb-dc567bb1e9dc/model HTTP/1.1" 200 325
2025-11-14 10:24:54 [basehttp INFO] "GET /api/provider HTTP/1.1" 200 286468
2025-11-14 10:24:54 [basehttp INFO] "GET /api/application/0fd514ec-c101-11f0-abeb-dc567bb1e9dc/model HTTP/1.1" 200 325
2025-11-14 10:24:54 [basehttp INFO] "GET /api/provider HTTP/1.1" 200 286468
2025-11-14 10:24:54 [basehttp INFO] "GET /api/application/0fd514ec-c101-11f0-abeb-dc567bb1e9dc/model HTTP/1.1" 200 325
2025-11-14 10:24:54 [basehttp INFO] "GET /api/provider HTTP/1.1" 200 286468
2025-11-14 10:24:54 [basehttp INFO] "GET /api/application/0fd514ec-c101-11f0-abeb-dc567bb1e9dc/model HTTP/1.1" 200 325
2025-11-14 10:24:55 [basehttp INFO] "GET /api/provider HTTP/1.1" 200 286468
2025-11-14 10:24:55 [basehttp INFO] "GET /api/application/0fd514ec-c101-11f0-abeb-dc567bb1e9dc/model HTTP/1.1" 200 325
2025-11-14 10:24:55 [basehttp INFO] "GET /api/provider HTTP/1.1" 200 286468
2025-11-14 10:24:55 [basehttp INFO] "GET /api/application/0fd514ec-c101-11f0-abeb-dc567bb1e9dc/model HTTP/1.1" 200 325
2025-11-14 10:24:55 [basehttp INFO] "GET /api/provider HTTP/1.1" 200 286468
2025-11-14 10:24:55 [basehttp INFO] "GET /api/application/0fd514ec-c101-11f0-abeb-dc567bb1e9dc/model HTTP/1.1" 200 325
2025-11-14 10:24:55 [basehttp INFO] "GET /api/provider HTTP/1.1" 200 286468
2025-11-14 10:24:55 [basehttp INFO] "GET /api/application/0fd514ec-c101-11f0-abeb-dc567bb1e9dc/model HTTP/1.1" 200 325
2025-11-14 10:24:55 [basehttp INFO] "GET /api/provider HTTP/1.1" 200 286468
2025-11-14 10:24:55 [basehttp INFO] "GET /api/application/0fd514ec-c101-11f0-abeb-dc567bb1e9dc/model HTTP/1.1" 200 325
2025-11-14 10:24:55 [basehttp INFO] "GET /api/provider HTTP/1.1" 200 286468
2025-11-14 10:24:55 [basehttp INFO] "GET /api/application/0fd514ec-c101-11f0-abeb-dc567bb1e9dc/model HTTP/1.1" 200 325
2025-11-14 10:24:55 [basehttp INFO] "GET /api/provider HTTP/1.1" 200 286468
2025-11-14 10:24:55 [basehttp INFO] "GET /api/application/0fd514ec-c101-11f0-abeb-dc567bb1e9dc/model HTTP/1.1" 200 325
2025-11-14 10:24:55 [basehttp INFO] "GET /api/provider HTTP/1.1" 200 286468
2025-11-14 10:24:55 [basehttp INFO] "GET /api/application/0fd514ec-c101-11f0-abeb-dc567bb1e9dc/model HTTP/1.1" 200 325
2025-11-14 10:24:55 [basehttp INFO] "GET /api/application/0fd514ec-c101-11f0-abeb-dc567bb1e9dc/model HTTP/1.1" 200 325
2025-11-14 10:24:55 [basehttp INFO] "GET /api/provider HTTP/1.1" 200 286468
2025-11-14 10:24:55 [basehttp INFO] "GET /api/application/0fd514ec-c101-11f0-abeb-dc567bb1e9dc/model HTTP/1.1" 200 325
2025-11-14 10:24:55 [basehttp INFO] "GET /api/provider HTTP/1.1" 200 286468
2025-11-14 10:24:55 [basehttp INFO] "GET /api/application/0fd514ec-c101-11f0-abeb-dc567bb1e9dc/model HTTP/1.1" 200 325
2025-11-14 10:24:55 [basehttp INFO] "GET /api/application/0fd514ec-c101-11f0-abeb-dc567bb1e9dc/model HTTP/1.1" 200 325
2025-11-14 10:24:55 [basehttp INFO] "GET /api/provider HTTP/1.1" 200 286468
2025-11-14 10:24:56 [basehttp INFO] "GET /api/application/0fd514ec-c101-11f0-abeb-dc567bb1e9dc/model HTTP/1.1" 200 325
2025-11-14 10:24:56 [basehttp INFO] "GET /api/provider HTTP/1.1" 200 286468
2025-11-14 10:24:56 [basehttp INFO] "GET /api/provider HTTP/1.1" 200 286468
2025-11-14 10:24:56 [basehttp INFO] "GET /api/application/0fd514ec-c101-11f0-abeb-dc567bb1e9dc/model HTTP/1.1" 200 325
2025-11-14 10:24:56 [basehttp INFO] "GET /api/provider HTTP/1.1" 200 286468
2025-11-14 10:24:56 [basehttp INFO] "GET /api/application/0fd514ec-c101-11f0-abeb-dc567bb1e9dc/model HTTP/1.1" 200 325
2025-11-14 10:24:56 [basehttp INFO] "GET /api/provider HTTP/1.1" 200 286468
2025-11-14 10:24:56 [basehttp INFO] "GET /api/application/0fd514ec-c101-11f0-abeb-dc567bb1e9dc/model HTTP/1.1" 200 325
2025-11-14 10:24:56 [basehttp INFO] "GET /api/provider HTTP/1.1" 200 286468
2025-11-14 10:24:56 [basehttp INFO] "GET /api/application/0fd514ec-c101-11f0-abeb-dc567bb1e9dc/model HTTP/1.1" 200 325
2025-11-14 10:24:56 [basehttp INFO] "GET /api/provider HTTP/1.1" 200 286468
2025-11-14 10:24:56 [basehttp INFO] "GET /api/application/0fd514ec-c101-11f0-abeb-dc567bb1e9dc/model HTTP/1.1" 200 325
2025-11-14 10:24:56 [basehttp INFO] "GET /api/provider HTTP/1.1" 200 286468
2025-11-14 10:24:56 [basehttp INFO] "GET /api/application/0fd514ec-c101-11f0-abeb-dc567bb1e9dc/model HTTP/1.1" 200 325
2025-11-14 10:24:56 [basehttp INFO] "GET /api/provider HTTP/1.1" 200 286468
2025-11-14 10:24:56 [basehttp INFO] "GET /api/application/0fd514ec-c101-11f0-abeb-dc567bb1e9dc/model HTTP/1.1" 200 325
2025-11-14 10:24:56 [basehttp INFO] "GET /api/provider HTTP/1.1" 200 286468
2025-11-14 10:24:56 [basehttp INFO] "GET /api/application/0fd514ec-c101-11f0-abeb-dc567bb1e9dc/model HTTP/1.1" 200 325
2025-11-14 10:24:56 [basehttp INFO] "GET /api/provider HTTP/1.1" 200 286468
2025-11-14 10:24:56 [basehttp INFO] "GET /api/application/0fd514ec-c101-11f0-abeb-dc567bb1e9dc/model HTTP/1.1" 200 325
2025-11-14 10:24:56 [basehttp INFO] "GET /api/application/0fd514ec-c101-11f0-abeb-dc567bb1e9dc/model HTTP/1.1" 200 325
2025-11-14 10:24:56 [basehttp INFO] "GET /api/provider HTTP/1.1" 200 286468
2025-11-14 10:24:56 [basehttp INFO] "POST /api/function_lib/pylint HTTP/1.1" 200 298
2025-11-14 10:24:56 [basehttp INFO] "GET /api/provider HTTP/1.1" 200 286468
2025-11-14 10:24:56 [basehttp INFO] "GET /api/application/0fd514ec-c101-11f0-abeb-dc567bb1e9dc/model HTTP/1.1" 200 325
2025-11-14 10:24:57 [basehttp INFO] "GET /api/provider HTTP/1.1" 200 286468
2025-11-14 10:24:57 [basehttp INFO] "GET /api/provider HTTP/1.1" 200 286468
2025-11-14 10:25:14 [basehttp INFO] "PUT /api/application/0fd514ec-c101-11f0-abeb-dc567bb1e9dc HTTP/1.1" 200 306126
2025-11-14 10:25:15 [basehttp INFO] "PUT /api/application/0fd514ec-c101-11f0-abeb-dc567bb1e9dc HTTP/1.1" 200 306126
2025-11-14 10:25:15 [basehttp INFO] "PUT /api/application/0fd514ec-c101-11f0-abeb-dc567bb1e9dc/publish HTTP/1.1" 200 127
2025-11-14 10:27:45 [basehttp INFO] "PUT /api/application/0fd514ec-c101-11f0-abeb-dc567bb1e9dc HTTP/1.1" 200 299157
2025-11-14 10:27:45 [basehttp INFO] "PUT /api/application/0fd514ec-c101-11f0-abeb-dc567bb1e9dc HTTP/1.1" 200 299157
2025-11-14 10:28:04 [basehttp INFO] "PUT /api/application/0fd514ec-c101-11f0-abeb-dc567bb1e9dc HTTP/1.1" 200 299157
2025-11-14 10:28:16 [basehttp INFO] "PUT /api/application/0fd514ec-c101-11f0-abeb-dc567bb1e9dc HTTP/1.1" 200 299689
2025-11-14 10:28:17 [basehttp INFO] "PUT /api/application/0fd514ec-c101-11f0-abeb-dc567bb1e9dc HTTP/1.1" 200 299689
2025-11-14 10:28:17 [basehttp INFO] "PUT /api/application/0fd514ec-c101-11f0-abeb-dc567bb1e9dc/publish HTTP/1.1" 200 115
2025-11-14 10:28:36 [basehttp INFO] "PUT /api/application/0fd514ec-c101-11f0-abeb-dc567bb1e9dc HTTP/1.1" 200 299689
2025-11-14 10:28:36 [basehttp INFO] "PUT /api/application/0fd514ec-c101-11f0-abeb-dc567bb1e9dc/publish HTTP/1.1" 200 89
2025-11-14 10:28:55 [basehttp INFO] "PUT /api/application/0fd514ec-c101-11f0-abeb-dc567bb1e9dc HTTP/1.1" 200 299689
2025-11-14 10:28:55 [basehttp INFO] "PUT /api/application/0fd514ec-c101-11f0-abeb-dc567bb1e9dc/publish HTTP/1.1" 200 49
2025-11-14 10:29:03 [basehttp INFO] "POST /api/dataset HTTP/1.1" 200 72
2025-11-14 10:29:28 [basehttp INFO] "GET /api/user HTTP/1.1" 200 1684
2025-11-14 10:29:28 [basehttp INFO] "GET /api/profile HTTP/1.1" 200 114
2025-11-14 10:29:29 [basehttp INFO] "GET /api/user/list/APPLICATION HTTP/1.1" 200 154
2025-11-14 10:29:29 [basehttp INFO] "GET /api/application/1/30 HTTP/1.1" 200 634425
2025-11-14 10:29:35 [basehttp INFO] "GET /api/application/0fd514ec-c101-11f0-abeb-dc567bb1e9dc/export HTTP/1.1" 200 212843
2025-11-14 10:29:52 [basehttp INFO] "DELETE /api/application/0fd514ec-c101-11f0-abeb-dc567bb1e9dc HTTP/1.1" 200 49
2025-11-14 10:29:54 [basehttp INFO] "DELETE /api/application/d07a16d0-c100-11f0-8d35-dc567bb1e9dc HTTP/1.1" 200 49
2025-11-14 10:29:57 [basehttp INFO] "DELETE /api/application/8062bd37-c100-11f0-a3bd-dc567bb1e9dc HTTP/1.1" 200 49
2025-11-14 10:29:59 [basehttp INFO] "GET /api/application/e58d7035-c0ff-11f0-84a2-dc567bb1e9dc/export HTTP/1.1" 200 216749
2025-11-14 10:30:02 [basehttp INFO] "DELETE /api/application/e58d7035-c0ff-11f0-84a2-dc567bb1e9dc HTTP/1.1" 200 49
2025-11-14 10:30:07 [basehttp INFO] "POST /api/OpenAIchat HTTP/1.1" 200 44
2025-11-14 10:30:12 [basehttp INFO] "POST /api/application/import HTTP/1.1" 200 49
2025-11-14 10:30:12 [basehttp INFO] "GET /api/model?model_type=EMBEDDING HTTP/1.1" 200 367
2025-11-14 10:30:12 [basehttp INFO] "GET /api/application/1/30 HTTP/1.1" 200 299670
2025-11-14 10:30:16 [basehttp INFO] "POST /api/dataset HTTP/1.1" 200 260
2025-11-14 10:30:19 [pdf_split_handle DEBUG] File: Invoice-A9B370F3-0031.pdf, Page: 1, Time :  0.004s,   content-length: 539
2025-11-14 10:30:19 [basehttp INFO] "POST /api/dataset/document/split HTTP/1.1" 200 731
2025-11-14 10:30:19 [basehttp INFO] "POST /api/dataset/dafb7b84-c101-11f0-a54f-dc567bb1e9dc/document/_bach HTTP/1.1" 200 480
2025-11-14 10:30:20 [basehttp INFO] "GET /api/application/1/30 HTTP/1.1" 200 299670
2025-11-14 10:30:20 [basehttp INFO] "GET /api/application/d8910318-c101-11f0-b7d0-dc567bb1e9dc HTTP/1.1" 200 299622
2025-11-14 10:30:36 [basehttp INFO] "PUT /api/application/d8910318-c101-11f0-b7d0-dc567bb1e9dc HTTP/1.1" 200 299905
2025-11-14 10:30:36 [basehttp INFO] "PUT /api/application/d8910318-c101-11f0-b7d0-dc567bb1e9dc/publish HTTP/1.1" 200 49
2025-11-14 10:30:45 [log WARNING] Forbidden: /api/application/e58d7035-c0ff-11f0-84a2-dc567bb1e9dc
2025-11-14 10:30:45 [basehttp WARNING] "GET /api/application/e58d7035-c0ff-11f0-84a2-dc567bb1e9dc HTTP/1.1" 403 65
2025-11-14 10:30:45 [basehttp INFO] "GET /api/application HTTP/1.1" 200 299902
2025-11-14 10:30:45 [log WARNING] Forbidden: /api/application/e58d7035-c0ff-11f0-84a2-dc567bb1e9dc/access_token
2025-11-14 10:30:45 [basehttp WARNING] "GET /api/application/e58d7035-c0ff-11f0-84a2-dc567bb1e9dc/access_token HTTP/1.1" 403 65
2025-11-14 10:30:45 [log WARNING] Forbidden: /api/application/e58d7035-c0ff-11f0-84a2-dc567bb1e9dc/statistics/chat_record_aggregate_trend
2025-11-14 10:30:45 [basehttp WARNING] "GET /api/application/e58d7035-c0ff-11f0-84a2-dc567bb1e9dc/statistics/chat_record_aggregate_trend?start_time=2025-11-07&end_time=2025-11-14 HTTP/1.1" 403 65
2025-11-14 10:30:46 [basehttp INFO] "GET /api/user/list/APPLICATION HTTP/1.1" 200 154
2025-11-14 10:30:46 [basehttp INFO] "GET /api/application/1/30 HTTP/1.1" 200 299953
2025-11-14 10:30:48 [basehttp INFO] "GET /api/application/d8910318-c101-11f0-b7d0-dc567bb1e9dc/access_token HTTP/1.1" 200 258
2025-11-14 10:30:48 [basehttp INFO] "GET /api/application HTTP/1.1" 200 299902
2025-11-14 10:30:48 [basehttp INFO] "GET /api/application/d8910318-c101-11f0-b7d0-dc567bb1e9dc HTTP/1.1" 200 299905
2025-11-14 10:30:48 [basehttp INFO] "GET /api/application/d8910318-c101-11f0-b7d0-dc567bb1e9dc/statistics/chat_record_aggregate_trend?start_time=2025-11-07&end_time=2025-11-14 HTTP/1.1" 200 1189
2025-11-14 10:30:49 [basehttp INFO] "GET /api/application/d8910318-c101-11f0-b7d0-dc567bb1e9dc/application HTTP/1.1" 200 47
2025-11-14 10:30:49 [basehttp INFO] "GET /api/application/d8910318-c101-11f0-b7d0-dc567bb1e9dc HTTP/1.1" 200 299905
2025-11-14 10:30:49 [basehttp INFO] "GET /api/application/d8910318-c101-11f0-b7d0-dc567bb1e9dc/function_lib HTTP/1.1" 200 23635
2025-11-14 10:30:56 [basehttp INFO] "GET /api/provider HTTP/1.1" 200 286468
2025-11-14 10:30:56 [basehttp INFO] "GET /api/application/d8910318-c101-11f0-b7d0-dc567bb1e9dc/model?model_type=TTS HTTP/1.1" 200 47
2025-11-14 10:30:56 [basehttp INFO] "GET /api/application/d8910318-c101-11f0-b7d0-dc567bb1e9dc/model?model_type=STT HTTP/1.1" 200 47
2025-11-14 10:30:56 [basehttp INFO] "GET /api/application/d8910318-c101-11f0-b7d0-dc567bb1e9dc/model HTTP/1.1" 200 325
2025-11-14 10:30:56 [basehttp INFO] "GET /api/application/d8910318-c101-11f0-b7d0-dc567bb1e9dc/list_dataset HTTP/1.1" 200 1275
2025-11-14 10:30:56 [basehttp INFO] "GET /api/application/d8910318-c101-11f0-b7d0-dc567bb1e9dc/function_lib/0bf06a52-6b53-11f0-9627-beb85ef1615f HTTP/1.1" 200 4777
2025-11-14 10:30:56 [basehttp INFO] "GET /api/application/d8910318-c101-11f0-b7d0-dc567bb1e9dc/function_lib/ad3071a0-7d73-11f0-a8b2-1a8538159feb HTTP/1.1" 200 1144
2025-11-14 10:30:56 [basehttp INFO] "GET /api/provider HTTP/1.1" 200 286468
2025-11-14 10:30:56 [basehttp INFO] "GET /api/application/d8910318-c101-11f0-b7d0-dc567bb1e9dc/function_lib/aae6b7a8-8a32-11f0-a013-3efe430cb7c4 HTTP/1.1" 200 2685
2025-11-14 10:30:56 [basehttp INFO] "GET /api/application/d8910318-c101-11f0-b7d0-dc567bb1e9dc/function_lib/cf5c8c82-8890-11f0-907b-4a61bd723f2e HTTP/1.1" 200 4753
2025-11-14 10:30:56 [basehttp INFO] "GET /api/application/d8910318-c101-11f0-b7d0-dc567bb1e9dc/model HTTP/1.1" 200 325
2025-11-14 10:30:56 [basehttp INFO] "GET /api/application/d8910318-c101-11f0-b7d0-dc567bb1e9dc/list_dataset HTTP/1.1" 200 1275
2025-11-14 10:30:56 [basehttp INFO] "GET /api/provider HTTP/1.1" 200 286468
2025-11-14 10:30:56 [basehttp INFO] "GET /api/application/d8910318-c101-11f0-b7d0-dc567bb1e9dc/function_lib/83d696ae-7369-11f0-a3e2-beb85ef1615f HTTP/1.1" 200 10446
2025-11-14 10:30:56 [basehttp INFO] "GET /api/application/d8910318-c101-11f0-b7d0-dc567bb1e9dc/model HTTP/1.1" 200 325
2025-11-14 10:30:56 [basehttp INFO] "GET /api/provider HTTP/1.1" 200 286468
2025-11-14 10:30:56 [basehttp INFO] "GET /api/application/d8910318-c101-11f0-b7d0-dc567bb1e9dc/model HTTP/1.1" 200 325
2025-11-14 10:30:56 [basehttp INFO] "GET /api/provider HTTP/1.1" 200 286468
2025-11-14 10:30:56 [basehttp INFO] "GET /api/application/d8910318-c101-11f0-b7d0-dc567bb1e9dc/model HTTP/1.1" 200 325
2025-11-14 10:30:56 [basehttp INFO] "GET /api/application/d8910318-c101-11f0-b7d0-dc567bb1e9dc/list_dataset HTTP/1.1" 200 1275
2025-11-14 10:30:56 [basehttp INFO] "GET /api/provider HTTP/1.1" 200 286468
2025-11-14 10:30:56 [basehttp INFO] "GET /api/application/d8910318-c101-11f0-b7d0-dc567bb1e9dc/model HTTP/1.1" 200 325
2025-11-14 10:30:56 [basehttp INFO] "GET /api/application/d8910318-c101-11f0-b7d0-dc567bb1e9dc/list_dataset HTTP/1.1" 200 1275
2025-11-14 10:30:56 [basehttp INFO] "GET /api/provider HTTP/1.1" 200 286468
2025-11-14 10:30:56 [basehttp INFO] "GET /api/application/d8910318-c101-11f0-b7d0-dc567bb1e9dc/model HTTP/1.1" 200 325
2025-11-14 10:30:57 [basehttp INFO] "GET /api/provider HTTP/1.1" 200 286468
2025-11-14 10:30:57 [basehttp INFO] "GET /api/application/d8910318-c101-11f0-b7d0-dc567bb1e9dc/list_dataset HTTP/1.1" 200 1275
2025-11-14 10:30:57 [basehttp INFO] "GET /api/application/d8910318-c101-11f0-b7d0-dc567bb1e9dc/model HTTP/1.1" 200 325
2025-11-14 10:30:57 [basehttp INFO] "GET /api/provider HTTP/1.1" 200 286468
2025-11-14 10:30:57 [basehttp INFO] "GET /api/application/d8910318-c101-11f0-b7d0-dc567bb1e9dc/list_dataset HTTP/1.1" 200 1275
2025-11-14 10:30:57 [basehttp INFO] "GET /api/application/d8910318-c101-11f0-b7d0-dc567bb1e9dc/model HTTP/1.1" 200 325
2025-11-14 10:30:57 [basehttp INFO] "GET /api/provider HTTP/1.1" 200 286468
2025-11-14 10:30:57 [basehttp INFO] "GET /api/application/d8910318-c101-11f0-b7d0-dc567bb1e9dc/list_dataset HTTP/1.1" 200 1275
2025-11-14 10:30:57 [basehttp INFO] "GET /api/application/d8910318-c101-11f0-b7d0-dc567bb1e9dc/model HTTP/1.1" 200 325
2025-11-14 10:30:57 [basehttp INFO] "GET /api/application/d8910318-c101-11f0-b7d0-dc567bb1e9dc/list_dataset HTTP/1.1" 200 1275
2025-11-14 10:30:57 [basehttp INFO] "GET /api/provider HTTP/1.1" 200 286468
2025-11-14 10:30:57 [basehttp INFO] "GET /api/application/d8910318-c101-11f0-b7d0-dc567bb1e9dc/model HTTP/1.1" 200 325
2025-11-14 10:30:57 [basehttp INFO] "GET /api/application/d8910318-c101-11f0-b7d0-dc567bb1e9dc/list_dataset HTTP/1.1" 200 1275
2025-11-14 10:30:57 [basehttp INFO] "GET /api/provider HTTP/1.1" 200 286468
2025-11-14 10:30:57 [basehttp INFO] "GET /api/application/d8910318-c101-11f0-b7d0-dc567bb1e9dc/model HTTP/1.1" 200 325
2025-11-14 10:30:57 [basehttp INFO] "GET /api/provider HTTP/1.1" 200 286468
2025-11-14 10:30:57 [basehttp INFO] "GET /api/application/d8910318-c101-11f0-b7d0-dc567bb1e9dc/list_dataset HTTP/1.1" 200 1275
2025-11-14 10:30:57 [basehttp INFO] "GET /api/application/d8910318-c101-11f0-b7d0-dc567bb1e9dc/model HTTP/1.1" 200 325
2025-11-14 10:30:57 [basehttp INFO] "GET /api/provider HTTP/1.1" 200 286468
2025-11-14 10:30:57 [basehttp INFO] "GET /api/application/d8910318-c101-11f0-b7d0-dc567bb1e9dc/list_dataset HTTP/1.1" 200 1275
2025-11-14 10:30:57 [basehttp INFO] "GET /api/application/d8910318-c101-11f0-b7d0-dc567bb1e9dc/model HTTP/1.1" 200 325
2025-11-14 10:30:57 [basehttp INFO] "GET /api/provider HTTP/1.1" 200 286468
2025-11-14 10:30:57 [basehttp INFO] "GET /api/application/d8910318-c101-11f0-b7d0-dc567bb1e9dc/model HTTP/1.1" 200 325
2025-11-14 10:30:57 [basehttp INFO] "GET /api/provider HTTP/1.1" 200 286468
2025-11-14 10:30:57 [basehttp INFO] "GET /api/provider HTTP/1.1" 200 286468
2025-11-14 10:30:57 [basehttp INFO] "GET /api/application/d8910318-c101-11f0-b7d0-dc567bb1e9dc/list_dataset HTTP/1.1" 200 1275
2025-11-14 10:30:57 [basehttp INFO] "GET /api/provider HTTP/1.1" 200 286468
2025-11-14 10:30:57 [basehttp INFO] "GET /api/application/d8910318-c101-11f0-b7d0-dc567bb1e9dc/list_dataset HTTP/1.1" 200 1275
2025-11-14 10:30:57 [basehttp INFO] "GET /api/application/d8910318-c101-11f0-b7d0-dc567bb1e9dc/model HTTP/1.1" 200 325
2025-11-14 10:30:57 [basehttp INFO] "GET /api/provider HTTP/1.1" 200 286468
2025-11-14 10:30:57 [basehttp INFO] "GET /api/application/d8910318-c101-11f0-b7d0-dc567bb1e9dc/model HTTP/1.1" 200 325
2025-11-14 10:30:57 [basehttp INFO] "GET /api/application/d8910318-c101-11f0-b7d0-dc567bb1e9dc/list_dataset HTTP/1.1" 200 1275
2025-11-14 10:30:57 [basehttp INFO] "GET /api/provider HTTP/1.1" 200 286468
2025-11-14 10:30:57 [basehttp INFO] "GET /api/application/d8910318-c101-11f0-b7d0-dc567bb1e9dc/model HTTP/1.1" 200 325
2025-11-14 10:30:57 [basehttp INFO] "GET /api/application/d8910318-c101-11f0-b7d0-dc567bb1e9dc/list_dataset HTTP/1.1" 200 1275
2025-11-14 10:30:57 [basehttp INFO] "GET /api/provider HTTP/1.1" 200 286468
2025-11-14 10:30:57 [basehttp INFO] "GET /api/application/d8910318-c101-11f0-b7d0-dc567bb1e9dc/model HTTP/1.1" 200 325
2025-11-14 10:30:57 [basehttp INFO] "GET /api/application/d8910318-c101-11f0-b7d0-dc567bb1e9dc/list_dataset HTTP/1.1" 200 1275
2025-11-14 10:30:57 [basehttp INFO] "GET /api/provider HTTP/1.1" 200 286468
2025-11-14 10:30:58 [basehttp INFO] "GET /api/application/d8910318-c101-11f0-b7d0-dc567bb1e9dc/list_dataset HTTP/1.1" 200 1275
2025-11-14 10:30:58 [basehttp INFO] "GET /api/application/d8910318-c101-11f0-b7d0-dc567bb1e9dc/model HTTP/1.1" 200 325
2025-11-14 10:30:58 [basehttp INFO] "GET /api/provider HTTP/1.1" 200 286468
2025-11-14 10:30:58 [basehttp INFO] "GET /api/application/d8910318-c101-11f0-b7d0-dc567bb1e9dc/model HTTP/1.1" 200 325
2025-11-14 10:30:58 [basehttp INFO] "GET /api/provider HTTP/1.1" 200 286468
2025-11-14 10:30:58 [basehttp INFO] "GET /api/provider HTTP/1.1" 200 286468
2025-11-14 10:30:58 [basehttp INFO] "GET /api/application/d8910318-c101-11f0-b7d0-dc567bb1e9dc/model HTTP/1.1" 200 325
2025-11-14 10:30:58 [basehttp INFO] "GET /api/provider HTTP/1.1" 200 286468
2025-11-14 10:30:58 [basehttp INFO] "GET /api/application/d8910318-c101-11f0-b7d0-dc567bb1e9dc/model HTTP/1.1" 200 325
2025-11-14 10:30:58 [basehttp INFO] "GET /api/provider HTTP/1.1" 200 286468
2025-11-14 10:30:58 [basehttp INFO] "GET /api/application/d8910318-c101-11f0-b7d0-dc567bb1e9dc/model HTTP/1.1" 200 325
2025-11-14 10:30:58 [basehttp INFO] "GET /api/application/d8910318-c101-11f0-b7d0-dc567bb1e9dc/model HTTP/1.1" 200 325
2025-11-14 10:30:58 [basehttp INFO] "GET /api/application/d8910318-c101-11f0-b7d0-dc567bb1e9dc/model HTTP/1.1" 200 325
2025-11-14 10:30:58 [basehttp INFO] "GET /api/provider HTTP/1.1" 200 286468
2025-11-14 10:30:58 [basehttp INFO] "GET /api/application/d8910318-c101-11f0-b7d0-dc567bb1e9dc/model HTTP/1.1" 200 325
2025-11-14 10:30:58 [basehttp INFO] "GET /api/provider HTTP/1.1" 200 286468
2025-11-14 10:30:58 [basehttp INFO] "GET /api/application/d8910318-c101-11f0-b7d0-dc567bb1e9dc/model HTTP/1.1" 200 325
2025-11-14 10:30:58 [basehttp INFO] "GET /api/provider HTTP/1.1" 200 286468
2025-11-14 10:30:58 [basehttp INFO] "GET /api/provider HTTP/1.1" 200 286468
2025-11-14 10:30:58 [basehttp INFO] "GET /api/application/d8910318-c101-11f0-b7d0-dc567bb1e9dc/model HTTP/1.1" 200 325
2025-11-14 10:30:58 [basehttp INFO] "GET /api/application/d8910318-c101-11f0-b7d0-dc567bb1e9dc/model HTTP/1.1" 200 325
2025-11-14 10:30:58 [basehttp INFO] "GET /api/provider HTTP/1.1" 200 286468
2025-11-14 10:30:58 [basehttp INFO] "GET /api/application/d8910318-c101-11f0-b7d0-dc567bb1e9dc/model HTTP/1.1" 200 325
2025-11-14 10:30:58 [basehttp INFO] "GET /api/provider HTTP/1.1" 200 286468
2025-11-14 10:30:59 [basehttp INFO] "GET /api/application/d8910318-c101-11f0-b7d0-dc567bb1e9dc/model HTTP/1.1" 200 325
2025-11-14 10:30:59 [basehttp INFO] "GET /api/provider HTTP/1.1" 200 286468
2025-11-14 10:30:59 [basehttp INFO] "GET /api/provider HTTP/1.1" 200 286468
2025-11-14 10:30:59 [basehttp INFO] "GET /api/application/d8910318-c101-11f0-b7d0-dc567bb1e9dc/model HTTP/1.1" 200 325
2025-11-14 10:30:59 [basehttp INFO] "GET /api/provider HTTP/1.1" 200 286468
2025-11-14 10:30:59 [basehttp INFO] "GET /api/application/d8910318-c101-11f0-b7d0-dc567bb1e9dc/model HTTP/1.1" 200 325
2025-11-14 10:30:59 [basehttp INFO] "GET /api/provider HTTP/1.1" 200 286468
2025-11-14 10:30:59 [basehttp INFO] "GET /api/application/d8910318-c101-11f0-b7d0-dc567bb1e9dc/model HTTP/1.1" 200 325
2025-11-14 10:30:59 [basehttp INFO] "GET /api/provider HTTP/1.1" 200 286468
2025-11-14 10:30:59 [basehttp INFO] "GET /api/application/d8910318-c101-11f0-b7d0-dc567bb1e9dc/model HTTP/1.1" 200 325
2025-11-14 10:30:59 [basehttp INFO] "GET /api/provider HTTP/1.1" 200 286468
2025-11-14 10:30:59 [basehttp INFO] "GET /api/application/d8910318-c101-11f0-b7d0-dc567bb1e9dc/model HTTP/1.1" 200 325
2025-11-14 10:30:59 [basehttp INFO] "GET /api/provider HTTP/1.1" 200 286468
2025-11-14 10:30:59 [basehttp INFO] "GET /api/application/d8910318-c101-11f0-b7d0-dc567bb1e9dc/model HTTP/1.1" 200 325
2025-11-14 10:30:59 [basehttp INFO] "GET /api/provider HTTP/1.1" 200 286468
2025-11-14 10:30:59 [basehttp INFO] "GET /api/provider HTTP/1.1" 200 286468
2025-11-14 10:30:59 [basehttp INFO] "GET /api/provider HTTP/1.1" 200 286468
2025-11-14 10:30:59 [basehttp INFO] "GET /api/provider HTTP/1.1" 200 286468
2025-11-14 10:30:59 [basehttp INFO] "GET /api/application/d8910318-c101-11f0-b7d0-dc567bb1e9dc/model HTTP/1.1" 200 325
2025-11-14 10:30:59 [basehttp INFO] "GET /api/application/d8910318-c101-11f0-b7d0-dc567bb1e9dc/model HTTP/1.1" 200 325
2025-11-14 10:30:59 [basehttp INFO] "GET /api/provider HTTP/1.1" 200 286468
2025-11-14 10:30:59 [basehttp INFO] "GET /api/provider HTTP/1.1" 200 286468
2025-11-14 10:30:59 [basehttp INFO] "GET /api/application/d8910318-c101-11f0-b7d0-dc567bb1e9dc/model HTTP/1.1" 200 325
2025-11-14 10:30:59 [basehttp INFO] "GET /api/provider HTTP/1.1" 200 286468
2025-11-14 10:30:59 [basehttp INFO] "GET /api/application/d8910318-c101-11f0-b7d0-dc567bb1e9dc/model HTTP/1.1" 200 325
2025-11-14 10:30:59 [basehttp INFO] "GET /api/provider HTTP/1.1" 200 286468
2025-11-14 10:31:00 [basehttp INFO] "GET /api/application/d8910318-c101-11f0-b7d0-dc567bb1e9dc/model HTTP/1.1" 200 325
2025-11-14 10:31:00 [basehttp INFO] "GET /api/provider HTTP/1.1" 200 286468
2025-11-14 10:31:00 [basehttp INFO] "GET /api/application/d8910318-c101-11f0-b7d0-dc567bb1e9dc/model HTTP/1.1" 200 325
2025-11-14 10:31:00 [basehttp INFO] "GET /api/provider HTTP/1.1" 200 286468
2025-11-14 10:31:00 [basehttp INFO] "GET /api/application/d8910318-c101-11f0-b7d0-dc567bb1e9dc/model HTTP/1.1" 200 325
2025-11-14 10:31:00 [basehttp INFO] "GET /api/provider HTTP/1.1" 200 286468
2025-11-14 10:31:00 [basehttp INFO] "GET /api/application/d8910318-c101-11f0-b7d0-dc567bb1e9dc/model HTTP/1.1" 200 325
2025-11-14 10:31:00 [basehttp INFO] "GET /api/application/d8910318-c101-11f0-b7d0-dc567bb1e9dc/model HTTP/1.1" 200 325
2025-11-14 10:31:00 [basehttp INFO] "GET /api/provider HTTP/1.1" 200 286468
2025-11-14 10:31:00 [basehttp INFO] "POST /api/function_lib/pylint HTTP/1.1" 200 298
2025-11-14 10:31:00 [basehttp INFO] "GET /api/application/d8910318-c101-11f0-b7d0-dc567bb1e9dc/model HTTP/1.1" 200 325
2025-11-14 10:31:00 [basehttp INFO] "GET /api/application/d8910318-c101-11f0-b7d0-dc567bb1e9dc/model HTTP/1.1" 200 325
2025-11-14 10:31:00 [basehttp INFO] "GET /api/provider HTTP/1.1" 200 286468
2025-11-14 10:31:00 [basehttp INFO] "GET /api/application/d8910318-c101-11f0-b7d0-dc567bb1e9dc/model HTTP/1.1" 200 325
2025-11-14 10:31:00 [basehttp INFO] "GET /api/provider HTTP/1.1" 200 286468
2025-11-14 10:31:00 [basehttp INFO] "GET /api/application/d8910318-c101-11f0-b7d0-dc567bb1e9dc/model HTTP/1.1" 200 325
2025-11-14 10:31:00 [basehttp INFO] "GET /api/provider HTTP/1.1" 200 286468
2025-11-14 10:31:00 [basehttp INFO] "GET /api/provider HTTP/1.1" 200 286468
2025-11-14 10:31:00 [basehttp INFO] "GET /api/application/d8910318-c101-11f0-b7d0-dc567bb1e9dc/model HTTP/1.1" 200 325
2025-11-14 10:31:00 [basehttp INFO] "GET /api/application/d8910318-c101-11f0-b7d0-dc567bb1e9dc/model HTTP/1.1" 200 325
2025-11-14 10:31:00 [basehttp INFO] "GET /api/provider HTTP/1.1" 200 286468
2025-11-14 10:31:00 [basehttp INFO] "GET /api/provider HTTP/1.1" 200 286468
2025-11-14 10:31:00 [basehttp INFO] "GET /api/application/d8910318-c101-11f0-b7d0-dc567bb1e9dc/model HTTP/1.1" 200 325
2025-11-14 10:31:00 [basehttp INFO] "GET /api/application/d8910318-c101-11f0-b7d0-dc567bb1e9dc/model HTTP/1.1" 200 325
2025-11-14 10:31:00 [basehttp INFO] "GET /api/application/d8910318-c101-11f0-b7d0-dc567bb1e9dc/model HTTP/1.1" 200 325
2025-11-14 10:31:23 [basehttp INFO] "GET /api/user HTTP/1.1" 200 1324
2025-11-14 10:31:23 [basehttp INFO] "GET /api/profile HTTP/1.1" 200 114
2025-11-14 10:31:24 [basehttp INFO] "GET /api/application/d8910318-c101-11f0-b7d0-dc567bb1e9dc/application HTTP/1.1" 200 47
2025-11-14 10:31:24 [basehttp INFO] "GET /api/application/d8910318-c101-11f0-b7d0-dc567bb1e9dc/function_lib HTTP/1.1" 200 23635
2025-11-14 10:31:24 [basehttp INFO] "GET /api/application/d8910318-c101-11f0-b7d0-dc567bb1e9dc HTTP/1.1" 200 299905
2025-11-14 10:31:38 [basehttp INFO] "GET /api/provider HTTP/1.1" 200 286468
2025-11-14 10:31:38 [basehttp INFO] "GET /api/provider HTTP/1.1" 200 286468
2025-11-14 10:31:38 [basehttp INFO] "GET /api/provider HTTP/1.1" 200 286468
2025-11-14 10:31:38 [basehttp INFO] "GET /api/application/d8910318-c101-11f0-b7d0-dc567bb1e9dc/model?model_type=STT HTTP/1.1" 200 47
2025-11-14 10:31:39 [basehttp INFO] "GET /api/application/d8910318-c101-11f0-b7d0-dc567bb1e9dc/model HTTP/1.1" 200 325
2025-11-14 10:31:39 [basehttp INFO] "GET /api/application/d8910318-c101-11f0-b7d0-dc567bb1e9dc/model HTTP/1.1" 200 325
2025-11-14 10:31:39 [basehttp INFO] "GET /api/provider HTTP/1.1" 200 286468
2025-11-14 10:31:39 [basehttp INFO] "GET /api/provider HTTP/1.1" 200 286468
2025-11-14 10:31:39 [basehttp INFO] "GET /api/application/d8910318-c101-11f0-b7d0-dc567bb1e9dc/model?model_type=TTS HTTP/1.1" 200 47
2025-11-14 10:31:39 [basehttp INFO] "GET /api/provider HTTP/1.1" 200 286468
2025-11-14 10:31:39 [basehttp INFO] "GET /api/provider HTTP/1.1" 200 286468
2025-11-14 10:31:39 [basehttp INFO] "GET /api/application/d8910318-c101-11f0-b7d0-dc567bb1e9dc/model HTTP/1.1" 200 325
2025-11-14 10:31:39 [basehttp INFO] "GET /api/application/d8910318-c101-11f0-b7d0-dc567bb1e9dc/model HTTP/1.1" 200 325
2025-11-14 10:31:39 [basehttp INFO] "GET /api/application/d8910318-c101-11f0-b7d0-dc567bb1e9dc/model HTTP/1.1" 200 325
2025-11-14 10:31:39 [basehttp INFO] "GET /api/application/d8910318-c101-11f0-b7d0-dc567bb1e9dc/model HTTP/1.1" 200 325
2025-11-14 10:31:39 [basehttp INFO] "GET /api/application/d8910318-c101-11f0-b7d0-dc567bb1e9dc/model HTTP/1.1" 200 325
2025-11-14 10:31:39 [basehttp INFO] "GET /api/provider HTTP/1.1" 200 286468
2025-11-14 10:31:39 [basehttp INFO] "GET /api/provider HTTP/1.1" 200 286468
2025-11-14 10:31:39 [basehttp INFO] "GET /api/provider HTTP/1.1" 200 286468
2025-11-14 10:31:39 [basehttp INFO] "GET /api/application/d8910318-c101-11f0-b7d0-dc567bb1e9dc/model HTTP/1.1" 200 325
2025-11-14 10:31:39 [basehttp INFO] "GET /api/provider HTTP/1.1" 200 286468
2025-11-14 10:31:39 [basehttp INFO] "GET /api/provider HTTP/1.1" 200 286468
2025-11-14 10:31:39 [basehttp INFO] "GET /api/application/d8910318-c101-11f0-b7d0-dc567bb1e9dc/model HTTP/1.1" 200 325
2025-11-14 10:31:39 [basehttp INFO] "GET /api/provider HTTP/1.1" 200 286468
2025-11-14 10:31:39 [basehttp INFO] "GET /api/application/d8910318-c101-11f0-b7d0-dc567bb1e9dc/model HTTP/1.1" 200 325
2025-11-14 10:31:39 [basehttp INFO] "GET /api/application/d8910318-c101-11f0-b7d0-dc567bb1e9dc/model HTTP/1.1" 200 325
2025-11-14 10:31:39 [basehttp INFO] "GET /api/provider HTTP/1.1" 200 286468
2025-11-14 10:31:39 [basehttp INFO] "GET /api/provider HTTP/1.1" 200 286468
2025-11-14 10:31:39 [basehttp INFO] "GET /api/application/d8910318-c101-11f0-b7d0-dc567bb1e9dc/model HTTP/1.1" 200 325
2025-11-14 10:31:39 [basehttp INFO] "GET /api/application/d8910318-c101-11f0-b7d0-dc567bb1e9dc/model HTTP/1.1" 200 325
2025-11-14 10:31:39 [basehttp INFO] "GET /api/provider HTTP/1.1" 200 286468
2025-11-14 10:31:39 [basehttp INFO] "GET /api/application/d8910318-c101-11f0-b7d0-dc567bb1e9dc/model HTTP/1.1" 200 325
2025-11-14 10:31:39 [basehttp INFO] "GET /api/application/d8910318-c101-11f0-b7d0-dc567bb1e9dc/list_dataset HTTP/1.1" 200 1275
2025-11-14 10:31:39 [basehttp INFO] "GET /api/provider HTTP/1.1" 200 286468
2025-11-14 10:31:39 [basehttp INFO] "GET /api/provider HTTP/1.1" 200 286468
2025-11-14 10:31:39 [basehttp INFO] "GET /api/application/d8910318-c101-11f0-b7d0-dc567bb1e9dc/model HTTP/1.1" 200 325
2025-11-14 10:31:39 [basehttp INFO] "GET /api/application/d8910318-c101-11f0-b7d0-dc567bb1e9dc/model HTTP/1.1" 200 325
2025-11-14 10:31:39 [basehttp INFO] "GET /api/application/d8910318-c101-11f0-b7d0-dc567bb1e9dc/list_dataset HTTP/1.1" 200 1275
2025-11-14 10:31:39 [basehttp INFO] "GET /api/application/d8910318-c101-11f0-b7d0-dc567bb1e9dc/list_dataset HTTP/1.1" 200 1275
2025-11-14 10:31:39 [basehttp INFO] "GET /api/application/d8910318-c101-11f0-b7d0-dc567bb1e9dc/list_dataset HTTP/1.1" 200 1275
2025-11-14 10:31:39 [basehttp INFO] "GET /api/provider HTTP/1.1" 200 286468
2025-11-14 10:31:39 [basehttp INFO] "GET /api/provider HTTP/1.1" 200 286468
2025-11-14 10:31:39 [basehttp INFO] "GET /api/application/d8910318-c101-11f0-b7d0-dc567bb1e9dc/model HTTP/1.1" 200 325
2025-11-14 10:31:39 [basehttp INFO] "GET /api/application/d8910318-c101-11f0-b7d0-dc567bb1e9dc/list_dataset HTTP/1.1" 200 1275
2025-11-14 10:31:39 [basehttp INFO] "GET /api/application/d8910318-c101-11f0-b7d0-dc567bb1e9dc/model HTTP/1.1" 200 325
2025-11-14 10:31:39 [basehttp INFO] "GET /api/application/d8910318-c101-11f0-b7d0-dc567bb1e9dc/list_dataset HTTP/1.1" 200 1275
2025-11-14 10:31:39 [basehttp INFO] "GET /api/provider HTTP/1.1" 200 286468
2025-11-14 10:31:39 [basehttp INFO] "GET /api/application/d8910318-c101-11f0-b7d0-dc567bb1e9dc/list_dataset HTTP/1.1" 200 1275
2025-11-14 10:31:39 [basehttp INFO] "GET /api/application/d8910318-c101-11f0-b7d0-dc567bb1e9dc/list_dataset HTTP/1.1" 200 1275
2025-11-14 10:31:39 [basehttp INFO] "GET /api/application/d8910318-c101-11f0-b7d0-dc567bb1e9dc/model HTTP/1.1" 200 325
2025-11-14 10:31:39 [basehttp INFO] "GET /api/application/d8910318-c101-11f0-b7d0-dc567bb1e9dc/model HTTP/1.1" 200 325
2025-11-14 10:31:39 [basehttp INFO] "GET /api/application/d8910318-c101-11f0-b7d0-dc567bb1e9dc/list_dataset HTTP/1.1" 200 1275
2025-11-14 10:31:39 [basehttp INFO] "GET /api/provider HTTP/1.1" 200 286468
2025-11-14 10:31:39 [basehttp INFO] "GET /api/application/d8910318-c101-11f0-b7d0-dc567bb1e9dc/model HTTP/1.1" 200 325
2025-11-14 10:31:39 [basehttp INFO] "GET /api/provider HTTP/1.1" 200 286468
2025-11-14 10:31:39 [basehttp INFO] "GET /api/provider HTTP/1.1" 200 286468
2025-11-14 10:31:39 [basehttp INFO] "GET /api/application/d8910318-c101-11f0-b7d0-dc567bb1e9dc/model HTTP/1.1" 200 325
2025-11-14 10:31:39 [basehttp INFO] "GET /api/provider HTTP/1.1" 200 286468
2025-11-14 10:31:39 [basehttp INFO] "GET /api/provider HTTP/1.1" 200 286468
2025-11-14 10:31:39 [basehttp INFO] "GET /api/application/d8910318-c101-11f0-b7d0-dc567bb1e9dc/model HTTP/1.1" 200 325
2025-11-14 10:31:39 [basehttp INFO] "GET /api/application/d8910318-c101-11f0-b7d0-dc567bb1e9dc/list_dataset HTTP/1.1" 200 1275
2025-11-14 10:31:39 [basehttp INFO] "GET /api/application/d8910318-c101-11f0-b7d0-dc567bb1e9dc/model HTTP/1.1" 200 325
2025-11-14 10:31:39 [basehttp INFO] "GET /api/provider HTTP/1.1" 200 286468
2025-11-14 10:31:40 [basehttp INFO] "GET /api/provider HTTP/1.1" 200 286468
2025-11-14 10:31:40 [basehttp INFO] "GET /api/provider HTTP/1.1" 200 286468
2025-11-14 10:31:40 [basehttp INFO] "GET /api/application/d8910318-c101-11f0-b7d0-dc567bb1e9dc/model HTTP/1.1" 200 325
2025-11-14 10:31:40 [basehttp INFO] "GET /api/application/d8910318-c101-11f0-b7d0-dc567bb1e9dc/list_dataset HTTP/1.1" 200 1275
2025-11-14 10:31:40 [basehttp INFO] "GET /api/application/d8910318-c101-11f0-b7d0-dc567bb1e9dc/model HTTP/1.1" 200 325
2025-11-14 10:31:40 [basehttp INFO] "GET /api/application/d8910318-c101-11f0-b7d0-dc567bb1e9dc/list_dataset HTTP/1.1" 200 1275
2025-11-14 10:31:40 [basehttp INFO] "GET /api/application/d8910318-c101-11f0-b7d0-dc567bb1e9dc/model HTTP/1.1" 200 325
2025-11-14 10:31:40 [basehttp INFO] "GET /api/provider HTTP/1.1" 200 286468
2025-11-14 10:31:40 [basehttp INFO] "GET /api/application/d8910318-c101-11f0-b7d0-dc567bb1e9dc/list_dataset HTTP/1.1" 200 1275
2025-11-14 10:31:40 [basehttp INFO] "GET /api/application/d8910318-c101-11f0-b7d0-dc567bb1e9dc/model HTTP/1.1" 200 325
2025-11-14 10:31:40 [basehttp INFO] "GET /api/provider HTTP/1.1" 200 286468
2025-11-14 10:31:40 [basehttp INFO] "GET /api/application/d8910318-c101-11f0-b7d0-dc567bb1e9dc/model HTTP/1.1" 200 325
2025-11-14 10:31:40 [basehttp INFO] "GET /api/application/d8910318-c101-11f0-b7d0-dc567bb1e9dc/list_dataset HTTP/1.1" 200 1275
2025-11-14 10:31:40 [basehttp INFO] "GET /api/application/d8910318-c101-11f0-b7d0-dc567bb1e9dc/model HTTP/1.1" 200 325
2025-11-14 10:31:40 [basehttp INFO] "GET /api/application/d8910318-c101-11f0-b7d0-dc567bb1e9dc/list_dataset HTTP/1.1" 200 1275
2025-11-14 10:31:40 [basehttp INFO] "GET /api/provider HTTP/1.1" 200 286468
2025-11-14 10:31:40 [basehttp INFO] "GET /api/application/d8910318-c101-11f0-b7d0-dc567bb1e9dc/list_dataset HTTP/1.1" 200 1275
2025-11-14 10:31:40 [basehttp INFO] "GET /api/application/d8910318-c101-11f0-b7d0-dc567bb1e9dc/model HTTP/1.1" 200 325
2025-11-14 10:31:40 [basehttp INFO] "GET /api/provider HTTP/1.1" 200 286468
2025-11-14 10:31:40 [basehttp INFO] "GET /api/application/d8910318-c101-11f0-b7d0-dc567bb1e9dc/model HTTP/1.1" 200 325
2025-11-14 10:31:40 [basehttp INFO] "GET /api/application/d8910318-c101-11f0-b7d0-dc567bb1e9dc/list_dataset HTTP/1.1" 200 1275
2025-11-14 10:31:40 [basehttp INFO] "GET /api/provider HTTP/1.1" 200 286468
2025-11-14 10:31:40 [basehttp INFO] "GET /api/application/d8910318-c101-11f0-b7d0-dc567bb1e9dc/function_lib/0bf06a52-6b53-11f0-9627-beb85ef1615f HTTP/1.1" 200 4777
2025-11-14 10:31:40 [basehttp INFO] "GET /api/application/d8910318-c101-11f0-b7d0-dc567bb1e9dc/function_lib/83d696ae-7369-11f0-a3e2-beb85ef1615f HTTP/1.1" 200 10446
2025-11-14 10:31:40 [basehttp INFO] "GET /api/provider HTTP/1.1" 200 286468
2025-11-14 10:31:40 [basehttp INFO] "GET /api/application/d8910318-c101-11f0-b7d0-dc567bb1e9dc/function_lib/cf5c8c82-8890-11f0-907b-4a61bd723f2e HTTP/1.1" 200 4753
2025-11-14 10:31:40 [basehttp INFO] "GET /api/application/d8910318-c101-11f0-b7d0-dc567bb1e9dc/function_lib/ad3071a0-7d73-11f0-a8b2-1a8538159feb HTTP/1.1" 200 1144
2025-11-14 10:31:40 [basehttp INFO] "GET /api/application/d8910318-c101-11f0-b7d0-dc567bb1e9dc/function_lib/aae6b7a8-8a32-11f0-a013-3efe430cb7c4 HTTP/1.1" 200 2685
2025-11-14 10:31:40 [basehttp INFO] "GET /api/application/d8910318-c101-11f0-b7d0-dc567bb1e9dc/model HTTP/1.1" 200 325
2025-11-14 10:31:40 [basehttp INFO] "GET /api/provider HTTP/1.1" 200 286468
2025-11-14 10:31:40 [basehttp INFO] "GET /api/application/d8910318-c101-11f0-b7d0-dc567bb1e9dc/model HTTP/1.1" 200 325
2025-11-14 10:31:40 [basehttp INFO] "GET /api/provider HTTP/1.1" 200 286468
2025-11-14 10:31:40 [basehttp INFO] "GET /api/provider HTTP/1.1" 200 286468
2025-11-14 10:31:40 [basehttp INFO] "GET /api/application/d8910318-c101-11f0-b7d0-dc567bb1e9dc/model HTTP/1.1" 200 325
2025-11-14 10:31:40 [basehttp INFO] "GET /api/application/d8910318-c101-11f0-b7d0-dc567bb1e9dc/model HTTP/1.1" 200 325
2025-11-14 10:31:40 [basehttp INFO] "GET /api/application/d8910318-c101-11f0-b7d0-dc567bb1e9dc/model HTTP/1.1" 200 325
2025-11-14 10:31:40 [basehttp INFO] "GET /api/provider HTTP/1.1" 200 286468
2025-11-14 10:31:40 [basehttp INFO] "GET /api/provider HTTP/1.1" 200 286468
2025-11-14 10:31:40 [basehttp INFO] "GET /api/application/d8910318-c101-11f0-b7d0-dc567bb1e9dc/model HTTP/1.1" 200 325
2025-11-14 10:31:40 [basehttp INFO] "GET /api/provider HTTP/1.1" 200 286468
2025-11-14 10:31:40 [basehttp INFO] "GET /api/provider HTTP/1.1" 200 286468
2025-11-14 10:31:40 [basehttp INFO] "GET /api/application/d8910318-c101-11f0-b7d0-dc567bb1e9dc/model HTTP/1.1" 200 325
2025-11-14 10:31:40 [basehttp INFO] "GET /api/application/d8910318-c101-11f0-b7d0-dc567bb1e9dc/model HTTP/1.1" 200 325
2025-11-14 10:31:40 [basehttp INFO] "GET /api/provider HTTP/1.1" 200 286468
2025-11-14 10:31:40 [basehttp INFO] "GET /api/application/d8910318-c101-11f0-b7d0-dc567bb1e9dc/model HTTP/1.1" 200 325
2025-11-14 10:31:40 [basehttp INFO] "GET /api/provider HTTP/1.1" 200 286468
2025-11-14 10:31:40 [basehttp INFO] "GET /api/application/d8910318-c101-11f0-b7d0-dc567bb1e9dc/model HTTP/1.1" 200 325
2025-11-14 10:31:40 [basehttp INFO] "GET /api/provider HTTP/1.1" 200 286468
2025-11-14 10:31:40 [basehttp INFO] "GET /api/application/d8910318-c101-11f0-b7d0-dc567bb1e9dc/model HTTP/1.1" 200 325
2025-11-14 10:31:40 [basehttp INFO] "GET /api/application/d8910318-c101-11f0-b7d0-dc567bb1e9dc/model HTTP/1.1" 200 325
2025-11-14 10:31:40 [basehttp INFO] "GET /api/application/d8910318-c101-11f0-b7d0-dc567bb1e9dc/model HTTP/1.1" 200 325
2025-11-14 10:31:40 [basehttp INFO] "GET /api/provider HTTP/1.1" 200 286468
2025-11-14 10:31:40 [basehttp INFO] "GET /api/provider HTTP/1.1" 200 286468
2025-11-14 10:31:40 [basehttp INFO] "GET /api/application/d8910318-c101-11f0-b7d0-dc567bb1e9dc/model HTTP/1.1" 200 325
2025-11-14 10:31:40 [basehttp INFO] "GET /api/provider HTTP/1.1" 200 286468
2025-11-14 10:31:40 [basehttp INFO] "GET /api/provider HTTP/1.1" 200 286468
2025-11-14 10:31:40 [basehttp INFO] "GET /api/application/d8910318-c101-11f0-b7d0-dc567bb1e9dc/model HTTP/1.1" 200 325
2025-11-14 10:31:40 [basehttp INFO] "GET /api/provider HTTP/1.1" 200 286468
2025-11-14 10:31:40 [basehttp INFO] "GET /api/provider HTTP/1.1" 200 286468
2025-11-14 10:31:40 [basehttp INFO] "GET /api/application/d8910318-c101-11f0-b7d0-dc567bb1e9dc/model HTTP/1.1" 200 325
2025-11-14 10:31:41 [basehttp INFO] "GET /api/application/d8910318-c101-11f0-b7d0-dc567bb1e9dc/model HTTP/1.1" 200 325
2025-11-14 10:31:41 [basehttp INFO] "GET /api/provider HTTP/1.1" 200 286468
2025-11-14 10:31:41 [basehttp INFO] "GET /api/application/d8910318-c101-11f0-b7d0-dc567bb1e9dc/model HTTP/1.1" 200 325
2025-11-14 10:31:41 [basehttp INFO] "GET /api/provider HTTP/1.1" 200 286468
2025-11-14 10:31:41 [basehttp INFO] "GET /api/application/d8910318-c101-11f0-b7d0-dc567bb1e9dc/model HTTP/1.1" 200 325
2025-11-14 10:31:41 [basehttp INFO] "GET /api/application/d8910318-c101-11f0-b7d0-dc567bb1e9dc/model HTTP/1.1" 200 325
2025-11-14 10:31:41 [basehttp INFO] "GET /api/provider HTTP/1.1" 200 286468
2025-11-14 10:31:41 [basehttp INFO] "GET /api/provider HTTP/1.1" 200 286468
2025-11-14 10:31:41 [basehttp INFO] "GET /api/application/d8910318-c101-11f0-b7d0-dc567bb1e9dc/model HTTP/1.1" 200 325
2025-11-14 10:31:41 [basehttp INFO] "GET /api/application/d8910318-c101-11f0-b7d0-dc567bb1e9dc/model HTTP/1.1" 200 325
2025-11-14 10:31:41 [basehttp INFO] "GET /api/provider HTTP/1.1" 200 286468
2025-11-14 10:31:41 [basehttp INFO] "GET /api/application/d8910318-c101-11f0-b7d0-dc567bb1e9dc/model HTTP/1.1" 200 325
2025-11-14 10:31:41 [basehttp INFO] "GET /api/provider HTTP/1.1" 200 286468
2025-11-14 10:31:41 [basehttp INFO] "GET /api/provider HTTP/1.1" 200 286468
2025-11-14 10:31:41 [basehttp INFO] "GET /api/application/d8910318-c101-11f0-b7d0-dc567bb1e9dc/model HTTP/1.1" 200 325
2025-11-14 10:31:48 [basehttp INFO] "POST /api/function_lib/pylint HTTP/1.1" 200 298
2025-11-14 10:41:28 [basehttp INFO] "POST /api/OpenAIchat HTTP/1.1" 200 44
2025-11-14 10:41:35 [basehttp INFO] "POST /api/application/import HTTP/1.1" 200 49
2025-11-14 10:41:35 [basehttp INFO] "GET /api/model?model_type=EMBEDDING HTTP/1.1" 200 367
2025-11-14 10:41:35 [basehttp INFO] "GET /api/application/1/30 HTTP/1.1" 200 599527
2025-11-14 10:41:40 [basehttp INFO] "POST /api/dataset HTTP/1.1" 200 72
2025-11-14 10:41:53 [basehttp INFO] "DELETE /api/application/6ff5db47-c103-11f0-a8ee-dc567bb1e9dc HTTP/1.1" 200 49
2025-11-14 10:41:55 [basehttp INFO] "DELETE /api/application/d8910318-c101-11f0-b7d0-dc567bb1e9dc HTTP/1.1" 200 49
2025-11-14 10:42:02 [basehttp INFO] "POST /api/OpenAIchat HTTP/1.1" 200 44
2025-11-14 10:42:06 [basehttp INFO] "POST /api/application/import HTTP/1.1" 200 49
2025-11-14 10:42:06 [basehttp INFO] "GET /api/model?model_type=EMBEDDING HTTP/1.1" 200 367
2025-11-14 10:42:06 [basehttp INFO] "GET /api/application/1/30 HTTP/1.1" 200 299670
2025-11-14 10:42:15 [basehttp INFO] "POST /api/dataset HTTP/1.1" 200 270
2025-11-14 10:42:19 [pdf_split_handle DEBUG] File: Invoice-A9B370F3-0031.pdf, Page: 1, Time :  0.002s,   content-length: 539
2025-11-14 10:42:19 [basehttp INFO] "POST /api/dataset/document/split HTTP/1.1" 200 731
2025-11-14 10:42:19 [basehttp INFO] "POST /api/dataset/87c4f67e-c103-11f0-903a-dc567bb1e9dc/document/_bach HTTP/1.1" 200 480
2025-11-14 10:42:19 [basehttp INFO] "GET /api/application/1/30 HTTP/1.1" 200 299670
2025-11-14 10:42:21 [basehttp INFO] "GET /api/application/8264125f-c103-11f0-82c2-dc567bb1e9dc HTTP/1.1" 200 299622
2025-11-14 10:42:30 [basehttp INFO] "PUT /api/application/8264125f-c103-11f0-82c2-dc567bb1e9dc HTTP/1.1" 200 303353
2025-11-14 10:42:30 [basehttp INFO] "PUT /api/application/8264125f-c103-11f0-82c2-dc567bb1e9dc/publish HTTP/1.1" 200 49
2025-11-14 10:42:42 [log WARNING] Forbidden: /api/application/d8910318-c101-11f0-b7d0-dc567bb1e9dc/access_token
2025-11-14 10:42:42 [basehttp WARNING] "GET /api/application/d8910318-c101-11f0-b7d0-dc567bb1e9dc/access_token HTTP/1.1" 403 65
2025-11-14 10:42:42 [log WARNING] Forbidden: /api/application/d8910318-c101-11f0-b7d0-dc567bb1e9dc/statistics/chat_record_aggregate_trend
2025-11-14 10:42:42 [basehttp WARNING] "GET /api/application/d8910318-c101-11f0-b7d0-dc567bb1e9dc/statistics/chat_record_aggregate_trend?start_time=2025-11-07&end_time=2025-11-14 HTTP/1.1" 403 65
2025-11-14 10:42:42 [log WARNING] Forbidden: /api/application/d8910318-c101-11f0-b7d0-dc567bb1e9dc
2025-11-14 10:42:42 [basehttp WARNING] "GET /api/application/d8910318-c101-11f0-b7d0-dc567bb1e9dc HTTP/1.1" 403 65
2025-11-14 10:42:42 [basehttp INFO] "GET /api/application HTTP/1.1" 200 302335
2025-11-14 10:42:45 [basehttp INFO] "GET /api/user/list/APPLICATION HTTP/1.1" 200 154
2025-11-14 10:42:45 [basehttp INFO] "GET /api/application/1/30 HTTP/1.1" 200 302386
2025-11-14 10:42:47 [basehttp INFO] "GET /api/application/8264125f-c103-11f0-82c2-dc567bb1e9dc/access_token HTTP/1.1" 200 258
2025-11-14 10:42:47 [basehttp INFO] "GET /api/application HTTP/1.1" 200 302335
2025-11-14 10:42:47 [basehttp INFO] "GET /api/application/8264125f-c103-11f0-82c2-dc567bb1e9dc/statistics/chat_record_aggregate_trend?start_time=2025-11-07&end_time=2025-11-14 HTTP/1.1" 200 1189
2025-11-14 10:42:47 [basehttp INFO] "GET /api/application/8264125f-c103-11f0-82c2-dc567bb1e9dc HTTP/1.1" 200 303022
2025-11-14 10:42:48 [basehttp INFO] "GET /api/application/8264125f-c103-11f0-82c2-dc567bb1e9dc/application HTTP/1.1" 200 47
2025-11-14 10:42:48 [basehttp INFO] "GET /api/application/8264125f-c103-11f0-82c2-dc567bb1e9dc/function_lib HTTP/1.1" 200 23635
2025-11-14 10:42:48 [basehttp INFO] "GET /api/application/8264125f-c103-11f0-82c2-dc567bb1e9dc HTTP/1.1" 200 303022
2025-11-14 10:42:58 [basehttp INFO] "GET /api/provider HTTP/1.1" 200 286468
2025-11-14 10:42:58 [basehttp INFO] "GET /api/application/8264125f-c103-11f0-82c2-dc567bb1e9dc/model?model_type=TTS HTTP/1.1" 200 47
2025-11-14 10:42:58 [basehttp INFO] "GET /api/provider HTTP/1.1" 200 286468
2025-11-14 10:42:58 [basehttp INFO] "GET /api/application/8264125f-c103-11f0-82c2-dc567bb1e9dc/model?model_type=STT HTTP/1.1" 200 47
2025-11-14 10:42:58 [basehttp INFO] "GET /api/provider HTTP/1.1" 200 286468
2025-11-14 10:42:58 [basehttp INFO] "GET /api/provider HTTP/1.1" 200 286468
2025-11-14 10:42:58 [basehttp INFO] "GET /api/application/8264125f-c103-11f0-82c2-dc567bb1e9dc/model HTTP/1.1" 200 325
2025-11-14 10:42:58 [basehttp INFO] "GET /api/application/8264125f-c103-11f0-82c2-dc567bb1e9dc/model HTTP/1.1" 200 325
2025-11-14 10:42:58 [basehttp INFO] "GET /api/application/8264125f-c103-11f0-82c2-dc567bb1e9dc/model HTTP/1.1" 200 325
2025-11-14 10:42:58 [basehttp INFO] "GET /api/provider HTTP/1.1" 200 286468
2025-11-14 10:42:58 [basehttp INFO] "GET /api/provider HTTP/1.1" 200 286468
2025-11-14 10:42:58 [basehttp INFO] "GET /api/application/8264125f-c103-11f0-82c2-dc567bb1e9dc/model HTTP/1.1" 200 325
2025-11-14 10:42:58 [basehttp INFO] "GET /api/application/8264125f-c103-11f0-82c2-dc567bb1e9dc/model HTTP/1.1" 200 325
2025-11-14 10:42:58 [basehttp INFO] "GET /api/provider HTTP/1.1" 200 286468
2025-11-14 10:42:58 [basehttp INFO] "GET /api/provider HTTP/1.1" 200 286468
2025-11-14 10:42:58 [basehttp INFO] "GET /api/application/8264125f-c103-11f0-82c2-dc567bb1e9dc/model HTTP/1.1" 200 325
2025-11-14 10:42:58 [basehttp INFO] "GET /api/provider HTTP/1.1" 200 286468
2025-11-14 10:42:58 [basehttp INFO] "GET /api/provider HTTP/1.1" 200 286468
2025-11-14 10:42:58 [basehttp INFO] "GET /api/application/8264125f-c103-11f0-82c2-dc567bb1e9dc/model HTTP/1.1" 200 325
2025-11-14 10:42:58 [basehttp INFO] "GET /api/provider HTTP/1.1" 200 286468
2025-11-14 10:42:58 [basehttp INFO] "GET /api/application/8264125f-c103-11f0-82c2-dc567bb1e9dc/model HTTP/1.1" 200 325
2025-11-14 10:42:58 [basehttp INFO] "GET /api/application/8264125f-c103-11f0-82c2-dc567bb1e9dc/model HTTP/1.1" 200 325
2025-11-14 10:42:58 [basehttp INFO] "GET /api/provider HTTP/1.1" 200 286468
2025-11-14 10:42:58 [basehttp INFO] "GET /api/application/8264125f-c103-11f0-82c2-dc567bb1e9dc/list_dataset HTTP/1.1" 200 1592
2025-11-14 10:42:58 [basehttp INFO] "GET /api/application/8264125f-c103-11f0-82c2-dc567bb1e9dc/model HTTP/1.1" 200 325
2025-11-14 10:42:58 [basehttp INFO] "GET /api/provider HTTP/1.1" 200 286468
2025-11-14 10:42:58 [basehttp INFO] "GET /api/provider HTTP/1.1" 200 286468
2025-11-14 10:42:58 [basehttp INFO] "GET /api/application/8264125f-c103-11f0-82c2-dc567bb1e9dc/model HTTP/1.1" 200 325
2025-11-14 10:42:58 [basehttp INFO] "GET /api/application/8264125f-c103-11f0-82c2-dc567bb1e9dc/list_dataset HTTP/1.1" 200 1592
2025-11-14 10:42:58 [basehttp INFO] "GET /api/application/8264125f-c103-11f0-82c2-dc567bb1e9dc/list_dataset HTTP/1.1" 200 1592
2025-11-14 10:42:58 [basehttp INFO] "GET /api/application/8264125f-c103-11f0-82c2-dc567bb1e9dc/model HTTP/1.1" 200 325
2025-11-14 10:42:58 [basehttp INFO] "GET /api/provider HTTP/1.1" 200 286468
2025-11-14 10:42:58 [basehttp INFO] "GET /api/application/8264125f-c103-11f0-82c2-dc567bb1e9dc/model HTTP/1.1" 200 325
2025-11-14 10:42:58 [basehttp INFO] "GET /api/provider HTTP/1.1" 200 286468
2025-11-14 10:42:58 [basehttp INFO] "GET /api/application/8264125f-c103-11f0-82c2-dc567bb1e9dc/list_dataset HTTP/1.1" 200 1592
2025-11-14 10:42:58 [basehttp INFO] "GET /api/application/8264125f-c103-11f0-82c2-dc567bb1e9dc/list_dataset HTTP/1.1" 200 1592
2025-11-14 10:42:58 [basehttp INFO] "GET /api/application/8264125f-c103-11f0-82c2-dc567bb1e9dc/model HTTP/1.1" 200 325
2025-11-14 10:42:58 [basehttp INFO] "GET /api/provider HTTP/1.1" 200 286468
2025-11-14 10:42:58 [basehttp INFO] "GET /api/provider HTTP/1.1" 200 286468
2025-11-14 10:42:58 [basehttp INFO] "GET /api/application/8264125f-c103-11f0-82c2-dc567bb1e9dc/model HTTP/1.1" 200 325
2025-11-14 10:42:59 [basehttp INFO] "GET /api/application/8264125f-c103-11f0-82c2-dc567bb1e9dc/model HTTP/1.1" 200 325
2025-11-14 10:42:59 [basehttp INFO] "GET /api/provider HTTP/1.1" 200 286468
2025-11-14 10:42:59 [basehttp INFO] "GET /api/application/8264125f-c103-11f0-82c2-dc567bb1e9dc/model HTTP/1.1" 200 325
2025-11-14 10:42:59 [basehttp INFO] "GET /api/provider HTTP/1.1" 200 286468
2025-11-14 10:42:59 [basehttp INFO] "GET /api/application/8264125f-c103-11f0-82c2-dc567bb1e9dc/model HTTP/1.1" 200 325
2025-11-14 10:42:59 [basehttp INFO] "GET /api/application/8264125f-c103-11f0-82c2-dc567bb1e9dc/list_dataset HTTP/1.1" 200 1592
2025-11-14 10:42:59 [basehttp INFO] "GET /api/application/8264125f-c103-11f0-82c2-dc567bb1e9dc/model HTTP/1.1" 200 325
2025-11-14 10:42:59 [basehttp INFO] "GET /api/application/8264125f-c103-11f0-82c2-dc567bb1e9dc/list_dataset HTTP/1.1" 200 1592
2025-11-14 10:42:59 [basehttp INFO] "GET /api/provider HTTP/1.1" 200 286468
2025-11-14 10:42:59 [basehttp INFO] "GET /api/provider HTTP/1.1" 200 286468
2025-11-14 10:42:59 [basehttp INFO] "GET /api/application/8264125f-c103-11f0-82c2-dc567bb1e9dc/list_dataset HTTP/1.1" 200 1592
2025-11-14 10:42:59 [basehttp INFO] "GET /api/application/8264125f-c103-11f0-82c2-dc567bb1e9dc/model HTTP/1.1" 200 325
2025-11-14 10:42:59 [basehttp INFO] "GET /api/provider HTTP/1.1" 200 286468
2025-11-14 10:42:59 [basehttp INFO] "GET /api/application/8264125f-c103-11f0-82c2-dc567bb1e9dc/list_dataset HTTP/1.1" 200 1592
2025-11-14 10:42:59 [basehttp INFO] "GET /api/application/8264125f-c103-11f0-82c2-dc567bb1e9dc/list_dataset HTTP/1.1" 200 1592
2025-11-14 10:42:59 [basehttp INFO] "GET /api/application/8264125f-c103-11f0-82c2-dc567bb1e9dc/model HTTP/1.1" 200 325
2025-11-14 10:42:59 [basehttp INFO] "GET /api/provider HTTP/1.1" 200 286468
2025-11-14 10:42:59 [basehttp INFO] "GET /api/application/8264125f-c103-11f0-82c2-dc567bb1e9dc/list_dataset HTTP/1.1" 200 1592
2025-11-14 10:42:59 [basehttp INFO] "GET /api/provider HTTP/1.1" 200 286468
2025-11-14 10:42:59 [basehttp INFO] "GET /api/application/8264125f-c103-11f0-82c2-dc567bb1e9dc/model HTTP/1.1" 200 325
2025-11-14 10:42:59 [basehttp INFO] "GET /api/application/8264125f-c103-11f0-82c2-dc567bb1e9dc/list_dataset HTTP/1.1" 200 1592
2025-11-14 10:42:59 [basehttp INFO] "GET /api/provider HTTP/1.1" 200 286468
2025-11-14 10:42:59 [basehttp INFO] "GET /api/application/8264125f-c103-11f0-82c2-dc567bb1e9dc/model HTTP/1.1" 200 325
2025-11-14 10:42:59 [basehttp INFO] "GET /api/application/8264125f-c103-11f0-82c2-dc567bb1e9dc/list_dataset HTTP/1.1" 200 1592
2025-11-14 10:42:59 [basehttp INFO] "GET /api/application/8264125f-c103-11f0-82c2-dc567bb1e9dc/model HTTP/1.1" 200 325
2025-11-14 10:42:59 [basehttp INFO] "GET /api/application/8264125f-c103-11f0-82c2-dc567bb1e9dc/model HTTP/1.1" 200 325
2025-11-14 10:42:59 [basehttp INFO] "GET /api/application/8264125f-c103-11f0-82c2-dc567bb1e9dc/list_dataset HTTP/1.1" 200 1592
2025-11-14 10:42:59 [basehttp INFO] "GET /api/provider HTTP/1.1" 200 286468
2025-11-14 10:42:59 [basehttp INFO] "GET /api/application/8264125f-c103-11f0-82c2-dc567bb1e9dc/function_lib/0bf06a52-6b53-11f0-9627-beb85ef1615f HTTP/1.1" 200 4777
2025-11-14 10:42:59 [basehttp INFO] "GET /api/application/8264125f-c103-11f0-82c2-dc567bb1e9dc/model HTTP/1.1" 200 325
2025-11-14 10:42:59 [basehttp INFO] "GET /api/provider HTTP/1.1" 200 286468
2025-11-14 10:42:59 [basehttp INFO] "GET /api/provider HTTP/1.1" 200 286468
2025-11-14 10:42:59 [basehttp INFO] "GET /api/application/8264125f-c103-11f0-82c2-dc567bb1e9dc/model HTTP/1.1" 200 325
2025-11-14 10:42:59 [basehttp INFO] "GET /api/application/8264125f-c103-11f0-82c2-dc567bb1e9dc/list_dataset HTTP/1.1" 200 1592
2025-11-14 10:42:59 [basehttp INFO] "GET /api/provider HTTP/1.1" 200 286468
2025-11-14 10:42:59 [basehttp INFO] "GET /api/application/8264125f-c103-11f0-82c2-dc567bb1e9dc/function_lib/83d696ae-7369-11f0-a3e2-beb85ef1615f HTTP/1.1" 200 10446
2025-11-14 10:42:59 [basehttp INFO] "GET /api/application/8264125f-c103-11f0-82c2-dc567bb1e9dc/list_dataset HTTP/1.1" 200 1592
2025-11-14 10:42:59 [basehttp INFO] "GET /api/application/8264125f-c103-11f0-82c2-dc567bb1e9dc/model HTTP/1.1" 200 325
2025-11-14 10:42:59 [basehttp INFO] "GET /api/application/8264125f-c103-11f0-82c2-dc567bb1e9dc/list_dataset HTTP/1.1" 200 1592
2025-11-14 10:43:00 [basehttp INFO] "GET /api/provider HTTP/1.1" 200 286468
2025-11-14 10:43:00 [basehttp INFO] "GET /api/provider HTTP/1.1" 200 286468
2025-11-14 10:43:00 [basehttp INFO] "GET /api/application/8264125f-c103-11f0-82c2-dc567bb1e9dc/model HTTP/1.1" 200 325
2025-11-14 10:43:00 [basehttp INFO] "GET /api/application/8264125f-c103-11f0-82c2-dc567bb1e9dc/function_lib/ad3071a0-7d73-11f0-a8b2-1a8538159feb HTTP/1.1" 200 1144
2025-11-14 10:43:00 [basehttp INFO] "GET /api/application/8264125f-c103-11f0-82c2-dc567bb1e9dc/model HTTP/1.1" 200 325
2025-11-14 10:43:00 [basehttp INFO] "GET /api/application/8264125f-c103-11f0-82c2-dc567bb1e9dc/function_lib/aae6b7a8-8a32-11f0-a013-3efe430cb7c4 HTTP/1.1" 200 2685
2025-11-14 10:43:00 [basehttp INFO] "GET /api/provider HTTP/1.1" 200 286468
2025-11-14 10:43:00 [basehttp INFO] "GET /api/application/8264125f-c103-11f0-82c2-dc567bb1e9dc/model HTTP/1.1" 200 325
2025-11-14 10:43:00 [basehttp INFO] "GET /api/provider HTTP/1.1" 200 286468
2025-11-14 10:43:00 [basehttp INFO] "GET /api/application/8264125f-c103-11f0-82c2-dc567bb1e9dc/model HTTP/1.1" 200 325
2025-11-14 10:43:00 [basehttp INFO] "GET /api/application/8264125f-c103-11f0-82c2-dc567bb1e9dc/function_lib/cf5c8c82-8890-11f0-907b-4a61bd723f2e HTTP/1.1" 200 4753
2025-11-14 10:43:00 [basehttp INFO] "GET /api/provider HTTP/1.1" 200 286468
2025-11-14 10:43:00 [basehttp INFO] "GET /api/provider HTTP/1.1" 200 286468
2025-11-14 10:43:00 [basehttp INFO] "GET /api/application/8264125f-c103-11f0-82c2-dc567bb1e9dc/model HTTP/1.1" 200 325
2025-11-14 10:43:00 [basehttp INFO] "GET /api/application/8264125f-c103-11f0-82c2-dc567bb1e9dc/model HTTP/1.1" 200 325
2025-11-14 10:43:00 [basehttp INFO] "GET /api/application/8264125f-c103-11f0-82c2-dc567bb1e9dc/model HTTP/1.1" 200 325
2025-11-14 10:43:00 [basehttp INFO] "GET /api/provider HTTP/1.1" 200 286468
2025-11-14 10:43:00 [basehttp INFO] "GET /api/application/8264125f-c103-11f0-82c2-dc567bb1e9dc/model HTTP/1.1" 200 325
2025-11-14 10:43:00 [basehttp INFO] "GET /api/provider HTTP/1.1" 200 286468
2025-11-14 10:43:00 [basehttp INFO] "GET /api/provider HTTP/1.1" 200 286468
2025-11-14 10:43:00 [basehttp INFO] "GET /api/application/8264125f-c103-11f0-82c2-dc567bb1e9dc/model HTTP/1.1" 200 325
2025-11-14 10:43:00 [basehttp INFO] "GET /api/application/8264125f-c103-11f0-82c2-dc567bb1e9dc/model HTTP/1.1" 200 325
2025-11-14 10:43:00 [basehttp INFO] "GET /api/provider HTTP/1.1" 200 286468
2025-11-14 10:43:00 [basehttp INFO] "GET /api/application/8264125f-c103-11f0-82c2-dc567bb1e9dc/model HTTP/1.1" 200 325
2025-11-14 10:43:00 [basehttp INFO] "GET /api/provider HTTP/1.1" 200 286468
2025-11-14 10:43:00 [basehttp INFO] "GET /api/provider HTTP/1.1" 200 286468
2025-11-14 10:43:00 [basehttp INFO] "GET /api/provider HTTP/1.1" 200 286468
2025-11-14 10:43:00 [basehttp INFO] "GET /api/application/8264125f-c103-11f0-82c2-dc567bb1e9dc/model HTTP/1.1" 200 325
2025-11-14 10:43:00 [basehttp INFO] "GET /api/application/8264125f-c103-11f0-82c2-dc567bb1e9dc/model HTTP/1.1" 200 325
2025-11-14 10:43:00 [basehttp INFO] "GET /api/provider HTTP/1.1" 200 286468
2025-11-14 10:43:00 [basehttp INFO] "GET /api/application/8264125f-c103-11f0-82c2-dc567bb1e9dc/model HTTP/1.1" 200 325
2025-11-14 10:43:00 [basehttp INFO] "GET /api/provider HTTP/1.1" 200 286468
2025-11-14 10:43:00 [basehttp INFO] "GET /api/application/8264125f-c103-11f0-82c2-dc567bb1e9dc/model HTTP/1.1" 200 325
2025-11-14 10:43:00 [basehttp INFO] "GET /api/provider HTTP/1.1" 200 286468
2025-11-14 10:43:00 [basehttp INFO] "GET /api/application/8264125f-c103-11f0-82c2-dc567bb1e9dc/model HTTP/1.1" 200 325
2025-11-14 10:43:00 [basehttp INFO] "GET /api/provider HTTP/1.1" 200 286468
2025-11-14 10:43:00 [basehttp INFO] "GET /api/application/8264125f-c103-11f0-82c2-dc567bb1e9dc/model HTTP/1.1" 200 325
2025-11-14 10:43:00 [basehttp INFO] "GET /api/provider HTTP/1.1" 200 286468
2025-11-14 10:43:00 [basehttp INFO] "GET /api/provider HTTP/1.1" 200 286468
2025-11-14 10:43:00 [basehttp INFO] "GET /api/application/8264125f-c103-11f0-82c2-dc567bb1e9dc/model HTTP/1.1" 200 325
2025-11-14 10:43:00 [basehttp INFO] "GET /api/application/8264125f-c103-11f0-82c2-dc567bb1e9dc/model HTTP/1.1" 200 325
2025-11-14 10:43:00 [basehttp INFO] "GET /api/provider HTTP/1.1" 200 286468
2025-11-14 10:43:00 [basehttp INFO] "GET /api/application/8264125f-c103-11f0-82c2-dc567bb1e9dc/model HTTP/1.1" 200 325
2025-11-14 10:43:00 [basehttp INFO] "GET /api/provider HTTP/1.1" 200 286468
2025-11-14 10:43:00 [basehttp INFO] "GET /api/application/8264125f-c103-11f0-82c2-dc567bb1e9dc/model HTTP/1.1" 200 325
2025-11-14 10:43:00 [basehttp INFO] "GET /api/provider HTTP/1.1" 200 286468
2025-11-14 10:43:00 [basehttp INFO] "GET /api/application/8264125f-c103-11f0-82c2-dc567bb1e9dc/model HTTP/1.1" 200 325
2025-11-14 10:43:00 [basehttp INFO] "GET /api/provider HTTP/1.1" 200 286468
2025-11-14 10:43:00 [basehttp INFO] "GET /api/application/8264125f-c103-11f0-82c2-dc567bb1e9dc/model HTTP/1.1" 200 325
2025-11-14 10:43:00 [basehttp INFO] "GET /api/provider HTTP/1.1" 200 286468
2025-11-14 10:43:00 [basehttp INFO] "GET /api/provider HTTP/1.1" 200 286468
2025-11-14 10:43:00 [basehttp INFO] "GET /api/application/8264125f-c103-11f0-82c2-dc567bb1e9dc/model HTTP/1.1" 200 325
2025-11-14 10:43:00 [basehttp INFO] "GET /api/application/8264125f-c103-11f0-82c2-dc567bb1e9dc/model HTTP/1.1" 200 325
2025-11-14 10:43:00 [basehttp INFO] "GET /api/application/8264125f-c103-11f0-82c2-dc567bb1e9dc/model HTTP/1.1" 200 325
2025-11-14 10:43:00 [basehttp INFO] "GET /api/provider HTTP/1.1" 200 286468
2025-11-14 10:43:00 [basehttp INFO] "GET /api/application/8264125f-c103-11f0-82c2-dc567bb1e9dc/model HTTP/1.1" 200 325
2025-11-14 10:43:00 [basehttp INFO] "GET /api/application/8264125f-c103-11f0-82c2-dc567bb1e9dc/model HTTP/1.1" 200 325
2025-11-14 10:43:00 [basehttp INFO] "GET /api/provider HTTP/1.1" 200 286468
2025-11-14 10:43:00 [basehttp INFO] "GET /api/provider HTTP/1.1" 200 286468
2025-11-14 10:43:04 [basehttp INFO] "POST /api/function_lib/pylint HTTP/1.1" 200 298
2025-11-14 11:51:28 [basehttp INFO] "POST /api/OpenAIchat HTTP/1.1" 200 44
2025-11-14 11:51:33 [basehttp INFO] "POST /api/application/import HTTP/1.1" 200 49
2025-11-14 11:51:33 [basehttp INFO] "GET /api/model?model_type=EMBEDDING HTTP/1.1" 200 367
2025-11-14 11:51:33 [basehttp INFO] "GET /api/application/1/30 HTTP/1.1" 200 601960
2025-11-14 11:51:40 [basehttp INFO] "POST /api/dataset HTTP/1.1" 200 265
2025-11-14 11:51:44 [pdf_split_handle DEBUG] File: Invoice-A9B370F3-0031.pdf, Page: 1, Time :  0.005s,   content-length: 539
2025-11-14 11:51:44 [basehttp INFO] "POST /api/dataset/document/split HTTP/1.1" 200 731
2025-11-14 11:51:45 [basehttp INFO] "POST /api/dataset/39fa81f4-c10d-11f0-ad6c-dc567bb1e9dc/document/_bach HTTP/1.1" 200 480
2025-11-14 11:51:45 [basehttp INFO] "GET /api/application/1/30 HTTP/1.1" 200 601960
2025-11-14 11:51:47 [basehttp INFO] "GET /api/application/35d75676-c10d-11f0-98bd-dc567bb1e9dc HTTP/1.1" 200 299622
2025-11-14 11:51:53 [basehttp INFO] "PUT /api/application/35d75676-c10d-11f0-98bd-dc567bb1e9dc HTTP/1.1" 200 303383
2025-11-14 11:51:59 [basehttp INFO] "PUT /api/application/35d75676-c10d-11f0-98bd-dc567bb1e9dc/publish HTTP/1.1" 200 49
2025-11-14 11:52:02 [basehttp INFO] "GET /api/application/35d75676-c10d-11f0-98bd-dc567bb1e9dc HTTP/1.1" 200 303058
2025-11-14 11:52:05 [basehttp INFO] "PUT /api/application/35d75676-c10d-11f0-98bd-dc567bb1e9dc HTTP/1.1" 200 303058
2025-11-14 11:52:18 [basehttp INFO] "PUT /api/application/35d75676-c10d-11f0-98bd-dc567bb1e9dc HTTP/1.1" 200 303037
2025-11-14 11:52:19 [basehttp INFO] "PUT /api/application/35d75676-c10d-11f0-98bd-dc567bb1e9dc/publish HTTP/1.1" 200 49
2025-11-14 11:52:28 [basehttp INFO] "GET /api/user HTTP/1.1" 200 1822
2025-11-14 11:52:28 [basehttp INFO] "GET /api/profile HTTP/1.1" 200 114
2025-11-14 11:52:29 [basehttp INFO] "GET /api/user/list/APPLICATION HTTP/1.1" 200 154
2025-11-14 11:52:29 [basehttp INFO] "GET /api/application/1/30 HTTP/1.1" 200 604684
2025-11-14 11:52:34 [basehttp INFO] "DELETE /api/application/35d75676-c10d-11f0-98bd-dc567bb1e9dc HTTP/1.1" 200 49
2025-11-14 11:52:36 [basehttp INFO] "DELETE /api/application/8264125f-c103-11f0-82c2-dc567bb1e9dc HTTP/1.1" 200 49
2025-11-14 11:52:37 [basehttp INFO] "GET /api/user/list/DATASET HTTP/1.1" 200 154
2025-11-14 11:52:37 [basehttp INFO] "GET /api/dataset/1/30 HTTP/1.1" 200 2369
2025-11-14 11:52:40 [basehttp INFO] "DELETE /api/dataset/39fa81f4-c10d-11f0-ad6c-dc567bb1e9dc HTTP/1.1" 200 49
2025-11-14 11:52:42 [basehttp INFO] "DELETE /api/dataset/87c4f67e-c103-11f0-903a-dc567bb1e9dc HTTP/1.1" 200 49
2025-11-14 11:52:44 [basehttp INFO] "DELETE /api/dataset/dafb7b84-c101-11f0-a54f-dc567bb1e9dc HTTP/1.1" 200 49
2025-11-14 11:52:46 [basehttp INFO] "DELETE /api/dataset/e606e05a-c100-11f0-b85d-dc567bb1e9dc HTTP/1.1" 200 49
2025-11-14 11:52:48 [basehttp INFO] "DELETE /api/dataset/83426aac-c100-11f0-bc08-dc567bb1e9dc HTTP/1.1" 200 49
2025-11-14 11:52:50 [basehttp INFO] "DELETE /api/dataset/e831f5e1-c0ff-11f0-b031-dc567bb1e9dc HTTP/1.1" 200 49
2025-11-14 11:52:51 [basehttp INFO] "GET /api/user/list/APPLICATION HTTP/1.1" 200 154
2025-11-14 11:52:51 [basehttp INFO] "GET /api/application/1/30 HTTP/1.1" 200 98
2025-11-14 14:01:01 [log WARNING] Unauthorized: /api/user/language
2025-11-14 14:01:01 [basehttp WARNING] "POST /api/user/language HTTP/1.1" 401 56
2025-11-14 14:01:02 [basehttp INFO] "GET /api/profile HTTP/1.1" 200 114
2025-11-14 14:01:06 [basehttp INFO] "POST /api/user/login HTTP/1.1" 200 217
2025-11-14 14:01:06 [basehttp INFO] "GET /api/user HTTP/1.1" 200 502
2025-11-14 14:01:06 [basehttp INFO] "GET /api/profile HTTP/1.1" 200 114
2025-11-14 14:01:06 [basehttp INFO] "GET /api/user/list/APPLICATION HTTP/1.1" 200 154
2025-11-14 14:01:06 [basehttp INFO] "GET /api/application/1/30 HTTP/1.1" 200 98
2025-11-14 14:01:09 [basehttp INFO] "POST /api/user/language HTTP/1.1" 200 49
2025-11-14 14:01:10 [basehttp INFO] "GET /api/user HTTP/1.1" 200 499
2025-11-14 14:01:10 [basehttp INFO] "GET /api/profile HTTP/1.1" 200 114
2025-11-14 14:01:11 [basehttp INFO] "GET /api/user/list/APPLICATION HTTP/1.1" 200 154
2025-11-14 14:01:11 [basehttp INFO] "GET /api/application/1/30 HTTP/1.1" 200 98
2025-11-14 14:01:20 [basehttp INFO] "POST /api/user/language HTTP/1.1" 200 49
2025-11-14 14:01:21 [basehttp INFO] "GET /api/user HTTP/1.1" 200 499
2025-11-14 14:01:21 [basehttp INFO] "GET /api/profile HTTP/1.1" 200 114
2025-11-14 14:01:21 [basehttp INFO] "GET /api/user/list/APPLICATION HTTP/1.1" 200 154
2025-11-14 14:01:21 [basehttp INFO] "GET /api/application/1/30 HTTP/1.1" 200 98
2025-11-14 14:01:25 [basehttp INFO] "POST /api/user/language HTTP/1.1" 200 49
2025-11-14 14:01:26 [basehttp INFO] "GET /api/user HTTP/1.1" 200 502
2025-11-14 14:01:26 [basehttp INFO] "GET /api/profile HTTP/1.1" 200 114
2025-11-14 14:01:27 [basehttp INFO] "GET /api/user/list/APPLICATION HTTP/1.1" 200 154
2025-11-14 14:01:27 [basehttp INFO] "GET /api/application/1/30 HTTP/1.1" 200 98
2025-11-14 14:09:25 [log WARNING] Forbidden: /api/application/d07a16d0-c100-11f0-8d35-dc567bb1e9dc
2025-11-14 14:09:25 [basehttp WARNING] "GET /api/application/d07a16d0-c100-11f0-8d35-dc567bb1e9dc HTTP/1.1" 403 65
2025-11-14 14:09:25 [basehttp INFO] "GET /api/application HTTP/1.1" 200 47
2025-11-14 14:09:25 [log WARNING] Forbidden: /api/application/d07a16d0-c100-11f0-8d35-dc567bb1e9dc/access_token
2025-11-14 14:09:25 [basehttp WARNING] "GET /api/application/d07a16d0-c100-11f0-8d35-dc567bb1e9dc/access_token HTTP/1.1" 403 65
2025-11-14 14:09:25 [log WARNING] Forbidden: /api/application/d07a16d0-c100-11f0-8d35-dc567bb1e9dc/statistics/chat_record_aggregate_trend
2025-11-14 14:09:25 [basehttp WARNING] "GET /api/application/d07a16d0-c100-11f0-8d35-dc567bb1e9dc/statistics/chat_record_aggregate_trend?start_time=2025-11-07&end_time=2025-11-14 HTTP/1.1" 403 65
2025-11-14 14:09:26 [basehttp INFO] "GET /api/user_manage/1/20 HTTP/1.1" 200 395
2025-11-14 14:09:35 [basehttp INFO] "GET /api/user HTTP/1.1" 200 502
2025-11-14 14:09:35 [basehttp INFO] "GET /api/profile HTTP/1.1" 200 114
2025-11-14 14:20:32 [basehttp INFO] "GET /api/user HTTP/1.1" 200 502
2025-11-14 14:20:32 [basehttp INFO] "GET /api/profile HTTP/1.1" 200 114
2025-11-14 14:21:01 [basehttp INFO] "GET /api/user HTTP/1.1" 200 502
2025-11-14 14:21:01 [basehttp INFO] "GET /api/profile HTTP/1.1" 200 114
2025-11-14 14:21:01 [basehttp INFO] "GET /api/user HTTP/1.1" 200 502
2025-11-14 14:21:01 [basehttp INFO] "GET /api/profile HTTP/1.1" 200 114
2025-11-14 14:21:02 [basehttp INFO] "GET /api/user/list/APPLICATION HTTP/1.1" 200 154
2025-11-14 14:21:02 [basehttp INFO] "GET /api/application/1/30 HTTP/1.1" 200 98
2025-11-14 14:21:07 [basehttp INFO] "GET /api/user HTTP/1.1" 200 502
2025-11-14 14:21:07 [basehttp INFO] "GET /api/profile HTTP/1.1" 200 114
2025-11-14 14:22:28 [basehttp INFO] "GET /api/user HTTP/1.1" 200 502
2025-11-14 14:22:28 [basehttp INFO] "GET /api/profile HTTP/1.1" 200 114
2025-11-14 14:24:21 [basehttp INFO] "GET /api/user HTTP/1.1" 200 502
2025-11-14 14:24:21 [basehttp INFO] "GET /api/profile HTTP/1.1" 200 114
2025-11-14 14:26:44 [basehttp INFO] "GET /api/user/list/APPLICATION HTTP/1.1" 200 154
2025-11-14 14:26:44 [basehttp INFO] "GET /api/application/1/30 HTTP/1.1" 200 98
2025-11-14 14:26:54 [basehttp INFO] "GET /api/user/list/APPLICATION HTTP/1.1" 200 154
2025-11-14 14:26:54 [basehttp INFO] "GET /api/application/1/30 HTTP/1.1" 200 98
2025-11-14 14:36:14 [basehttp INFO] "POST /api/user/language HTTP/1.1" 200 49
2025-11-14 14:36:15 [basehttp INFO] "GET /api/user HTTP/1.1" 200 502
2025-11-14 14:36:15 [basehttp INFO] "GET /api/profile HTTP/1.1" 200 114
2025-11-14 14:36:16 [basehttp INFO] "GET /api/user/list/APPLICATION HTTP/1.1" 200 154
2025-11-14 14:36:16 [basehttp INFO] "GET /api/application/1/30 HTTP/1.1" 200 98
2025-11-14 14:37:22 [basehttp INFO] "GET /api/user/list/APPLICATION HTTP/1.1" 200 154
2025-11-14 14:37:22 [basehttp INFO] "GET /api/application/1/30 HTTP/1.1" 200 98
2025-11-14 14:37:29 [basehttp INFO] "POST /api/user/language HTTP/1.1" 200 49
2025-11-14 14:37:29 [basehttp INFO] "GET /api/user HTTP/1.1" 200 496
2025-11-14 14:37:29 [basehttp INFO] "GET /api/profile HTTP/1.1" 200 114
2025-11-14 14:37:29 [basehttp INFO] "GET /api/user/list/APPLICATION HTTP/1.1" 200 154
2025-11-14 14:37:30 [basehttp INFO] "GET /api/application/1/30 HTTP/1.1" 200 98
2025-11-14 14:38:38 [basehttp INFO] "GET /api/user HTTP/1.1" 200 496
2025-11-14 14:38:38 [basehttp INFO] "GET /api/profile HTTP/1.1" 200 114
2025-11-14 14:38:38 [basehttp INFO] "GET /api/user/list/APPLICATION HTTP/1.1" 200 154
2025-11-14 14:38:39 [basehttp INFO] "GET /api/application/1/30 HTTP/1.1" 200 98
2025-11-14 14:38:44 [basehttp INFO] "POST /api/user/language HTTP/1.1" 200 49
2025-11-14 14:38:45 [basehttp INFO] "GET /api/user HTTP/1.1" 200 499
2025-11-14 14:38:45 [basehttp INFO] "GET /api/profile HTTP/1.1" 200 114
2025-11-14 14:38:45 [basehttp INFO] "GET /api/user/list/APPLICATION HTTP/1.1" 200 154
2025-11-14 14:38:45 [basehttp INFO] "GET /api/application/1/30 HTTP/1.1" 200 98
2025-11-14 14:38:50 [basehttp INFO] "POST /api/user/language HTTP/1.1" 200 49
2025-11-14 14:38:51 [basehttp INFO] "GET /api/user HTTP/1.1" 200 504
2025-11-14 14:38:51 [basehttp INFO] "GET /api/profile HTTP/1.1" 200 114
2025-11-14 14:38:51 [basehttp INFO] "GET /api/user/list/APPLICATION HTTP/1.1" 200 154
2025-11-14 14:38:51 [basehttp INFO] "GET /api/application/1/30 HTTP/1.1" 200 98
2025-11-14 14:40:13 [basehttp INFO] "GET /api/user HTTP/1.1" 200 504
2025-11-14 14:40:13 [basehttp INFO] "GET /api/profile HTTP/1.1" 200 114
2025-11-14 14:40:14 [basehttp INFO] "GET /api/user/list/APPLICATION HTTP/1.1" 200 154
2025-11-14 14:40:14 [basehttp INFO] "GET /api/application/1/30 HTTP/1.1" 200 98
2025-11-14 14:40:25 [basehttp INFO] "GET /api/user HTTP/1.1" 200 504
2025-11-14 14:40:25 [basehttp INFO] "GET /api/profile HTTP/1.1" 200 114
2025-11-14 14:40:25 [basehttp INFO] "GET /api/user HTTP/1.1" 200 504
2025-11-14 14:40:25 [basehttp INFO] "GET /api/profile HTTP/1.1" 200 114
2025-11-14 14:40:25 [basehttp INFO] "GET /api/user/list/APPLICATION HTTP/1.1" 200 154
2025-11-14 14:40:25 [basehttp INFO] "GET /api/user/list/APPLICATION HTTP/1.1" 200 154
2025-11-14 14:40:25 [basehttp INFO] "GET /api/application/1/30 HTTP/1.1" 200 98
2025-11-14 14:40:25 [basehttp INFO] "GET /api/application/1/30 HTTP/1.1" 200 98
2025-11-14 14:40:36 [basehttp INFO] "GET /api/profile HTTP/1.1" 200 114
2025-11-14 14:40:40 [basehttp INFO] "POST /api/user/login HTTP/1.1" 200 217
2025-11-14 14:40:40 [basehttp INFO] "GET /api/user HTTP/1.1" 200 504
2025-11-14 14:40:40 [basehttp INFO] "GET /api/profile HTTP/1.1" 200 114
2025-11-14 14:40:40 [basehttp INFO] "GET /api/user/list/APPLICATION HTTP/1.1" 200 154
2025-11-14 14:40:40 [basehttp INFO] "GET /api/application/1/30 HTTP/1.1" 200 98
2025-11-14 14:40:48 [basehttp INFO] "POST /api/user/language HTTP/1.1" 200 49
2025-11-14 14:40:49 [basehttp INFO] "GET /api/user HTTP/1.1" 200 498
2025-11-14 14:40:49 [basehttp INFO] "GET /api/profile HTTP/1.1" 200 114
2025-11-14 14:40:49 [basehttp INFO] "GET /api/user/list/APPLICATION HTTP/1.1" 200 154
2025-11-14 14:40:49 [basehttp INFO] "GET /api/application/1/30 HTTP/1.1" 200 98
2025-11-14 14:40:57 [basehttp INFO] "POST /api/user/language HTTP/1.1" 200 49
2025-11-14 14:40:58 [basehttp INFO] "GET /api/user HTTP/1.1" 200 499
2025-11-14 14:40:58 [basehttp INFO] "GET /api/profile HTTP/1.1" 200 114
2025-11-14 14:40:58 [basehttp INFO] "GET /api/user/list/APPLICATION HTTP/1.1" 200 154
2025-11-14 14:40:58 [basehttp INFO] "GET /api/application/1/30 HTTP/1.1" 200 98
2025-11-14 14:43:05 [basehttp INFO] "GET /api/user HTTP/1.1" 200 499
2025-11-14 14:43:05 [basehttp INFO] "GET /api/profile HTTP/1.1" 200 114
2025-11-14 14:43:05 [basehttp INFO] "GET /api/user/list/APPLICATION HTTP/1.1" 200 154
2025-11-14 14:43:05 [basehttp INFO] "GET /api/application/1/30 HTTP/1.1" 200 98
2025-11-14 15:16:59 [basehttp INFO] "GET /api/user HTTP/1.1" 200 499
2025-11-14 15:16:59 [basehttp INFO] "GET /api/profile HTTP/1.1" 200 114
2025-11-14 15:17:00 [basehttp INFO] "GET /api/user HTTP/1.1" 200 499
2025-11-14 15:17:00 [basehttp INFO] "GET /api/profile HTTP/1.1" 200 114
2025-11-14 15:17:00 [basehttp INFO] "GET /api/user/list/APPLICATION HTTP/1.1" 200 154
2025-11-14 15:17:00 [basehttp INFO] "GET /api/user/list/APPLICATION HTTP/1.1" 200 154
2025-11-14 15:17:00 [basehttp INFO] "GET /api/application/1/30 HTTP/1.1" 200 98
2025-11-14 15:17:00 [basehttp INFO] "GET /api/application/1/30 HTTP/1.1" 200 98
2025-11-14 15:27:56 [basehttp INFO] "GET /api/user HTTP/1.1" 200 499
2025-11-14 15:27:56 [basehttp INFO] "GET /api/profile HTTP/1.1" 200 114
2025-11-14 15:27:56 [basehttp INFO] "GET /api/user HTTP/1.1" 200 499
2025-11-14 15:27:56 [basehttp INFO] "GET /api/profile HTTP/1.1" 200 114
2025-11-14 15:27:56 [basehttp INFO] "GET /api/user/list/APPLICATION HTTP/1.1" 200 154
2025-11-14 15:27:56 [basehttp INFO] "GET /api/user/list/APPLICATION HTTP/1.1" 200 154
2025-11-14 15:27:56 [basehttp INFO] "GET /api/application/1/30 HTTP/1.1" 200 98
2025-11-14 15:27:57 [basehttp INFO] "GET /api/application/1/30 HTTP/1.1" 200 98
2025-11-14 15:38:59 [basehttp INFO] "GET /api/user HTTP/1.1" 200 499
2025-11-14 15:38:59 [basehttp INFO] "GET /api/profile HTTP/1.1" 200 114
2025-11-14 15:38:59 [basehttp INFO] "GET /api/user HTTP/1.1" 200 499
2025-11-14 15:38:59 [basehttp INFO] "GET /api/profile HTTP/1.1" 200 114
2025-11-14 15:39:00 [basehttp INFO] "GET /api/user/list/APPLICATION HTTP/1.1" 200 154
2025-11-14 15:39:00 [basehttp INFO] "GET /api/user/list/APPLICATION HTTP/1.1" 200 154
2025-11-14 15:39:00 [basehttp INFO] "GET /api/application/1/30 HTTP/1.1" 200 98
2025-11-14 15:39:00 [basehttp INFO] "GET /api/application/1/30 HTTP/1.1" 200 98
2025-11-14 15:40:34 [basehttp INFO] "GET /api/profile HTTP/1.1" 200 114
2025-11-14 15:40:40 [basehttp INFO] "POST /api/user/login HTTP/1.1" 200 217
2025-11-14 15:40:40 [basehttp INFO] "GET /api/user HTTP/1.1" 200 499
2025-11-14 15:40:40 [basehttp INFO] "GET /api/profile HTTP/1.1" 200 114
2025-11-14 15:40:40 [basehttp INFO] "GET /api/user/list/APPLICATION HTTP/1.1" 200 154
2025-11-14 15:40:40 [basehttp INFO] "GET /api/application/1/30 HTTP/1.1" 200 98
2025-11-14 15:41:16 [basehttp INFO] "GET /api/user HTTP/1.1" 200 499
2025-11-14 15:41:16 [basehttp INFO] "GET /api/profile HTTP/1.1" 200 114
2025-11-14 15:41:16 [basehttp INFO] "GET /api/user/list/APPLICATION HTTP/1.1" 200 154
2025-11-14 15:41:16 [basehttp INFO] "GET /api/application/1/30 HTTP/1.1" 200 98
2025-11-14 15:41:17 [basehttp INFO] "GET /api/user HTTP/1.1" 200 499
2025-11-14 15:41:17 [basehttp INFO] "GET /api/profile HTTP/1.1" 200 114
2025-11-14 15:41:17 [basehttp INFO] "GET /api/user HTTP/1.1" 200 499
2025-11-14 15:41:17 [basehttp INFO] "GET /api/profile HTTP/1.1" 200 114
2025-11-14 15:41:17 [basehttp INFO] "GET /api/user/list/APPLICATION HTTP/1.1" 200 154
2025-11-14 15:41:17 [basehttp INFO] "GET /api/user/list/APPLICATION HTTP/1.1" 200 154
2025-11-14 15:41:17 [basehttp INFO] "GET /api/application/1/30 HTTP/1.1" 200 98
2025-11-14 15:41:17 [basehttp INFO] "GET /api/application/1/30 HTTP/1.1" 200 98
2025-11-14 15:41:40 [basehttp INFO] "GET /api/user HTTP/1.1" 200 499
2025-11-14 15:41:40 [basehttp INFO] "GET /api/profile HTTP/1.1" 200 114
2025-11-14 15:41:40 [basehttp INFO] "GET /api/user/list/APPLICATION HTTP/1.1" 200 154
2025-11-14 15:41:40 [basehttp INFO] "GET /api/application/1/30 HTTP/1.1" 200 98
2025-11-14 15:41:41 [basehttp INFO] "GET /api/user HTTP/1.1" 200 499
2025-11-14 15:41:41 [basehttp INFO] "GET /api/profile HTTP/1.1" 200 114
2025-11-14 15:41:41 [basehttp INFO] "GET /api/user HTTP/1.1" 200 499
2025-11-14 15:41:41 [basehttp INFO] "GET /api/profile HTTP/1.1" 200 114
2025-11-14 15:41:41 [basehttp INFO] "GET /api/user/list/APPLICATION HTTP/1.1" 200 154
2025-11-14 15:41:41 [basehttp INFO] "GET /api/application/1/30 HTTP/1.1" 200 98
2025-11-14 15:41:41 [basehttp INFO] "GET /api/user/list/APPLICATION HTTP/1.1" 200 154
2025-11-14 15:41:42 [basehttp INFO] "GET /api/application/1/30 HTTP/1.1" 200 98
2025-11-14 15:44:14 [basehttp INFO] "POST /api/OpenAIchat HTTP/1.1" 200 44
2025-11-14 15:44:22 [basehttp INFO] "GET /api/dataset/1/30 HTTP/1.1" 200 98
2025-11-14 15:44:22 [basehttp INFO] "GET /api/model?model_type=EMBEDDING HTTP/1.1" 200 367
2025-11-14 15:47:12 [basehttp INFO] "GET /api/user HTTP/1.1" 200 499
2025-11-14 15:47:12 [basehttp INFO] "GET /api/profile HTTP/1.1" 200 114
2025-11-14 15:47:12 [basehttp INFO] "GET /api/user/list/APPLICATION HTTP/1.1" 200 154
2025-11-14 15:47:12 [basehttp INFO] "GET /api/application/1/30 HTTP/1.1" 200 98
2025-11-14 15:47:47 [basehttp INFO] "GET /api/user HTTP/1.1" 200 499
2025-11-14 15:47:47 [basehttp INFO] "GET /api/profile HTTP/1.1" 200 114
2025-11-14 15:47:48 [basehttp INFO] "GET /api/user/list/APPLICATION HTTP/1.1" 200 154
2025-11-14 15:47:48 [basehttp INFO] "GET /api/application/1/30 HTTP/1.1" 200 98
2025-11-14 15:48:21 [basehttp INFO] "GET /api/user HTTP/1.1" 200 499
2025-11-14 15:48:21 [basehttp INFO] "GET /api/profile HTTP/1.1" 200 114
2025-11-14 15:48:21 [basehttp INFO] "GET /api/user/list/APPLICATION HTTP/1.1" 200 154
2025-11-14 15:48:21 [basehttp INFO] "GET /api/application/1/30 HTTP/1.1" 200 98
2025-11-14 15:48:38 [basehttp INFO] "GET /api/user HTTP/1.1" 200 499
2025-11-14 15:48:38 [basehttp INFO] "GET /api/profile HTTP/1.1" 200 114
2025-11-14 15:48:39 [basehttp INFO] "GET /api/user/list/APPLICATION HTTP/1.1" 200 154
2025-11-14 15:48:39 [basehttp INFO] "GET /api/application/1/30 HTTP/1.1" 200 98
2025-11-14 15:50:52 [basehttp INFO] "GET /api/user HTTP/1.1" 200 499
2025-11-14 15:50:52 [basehttp INFO] "GET /api/profile HTTP/1.1" 200 114
2025-11-14 15:50:53 [basehttp INFO] "GET /api/user/list/APPLICATION HTTP/1.1" 200 154
2025-11-14 15:50:53 [basehttp INFO] "GET /api/application/1/30 HTTP/1.1" 200 98
2025-11-14 15:50:54 [basehttp INFO] "GET /api/user HTTP/1.1" 200 499
2025-11-14 15:50:54 [basehttp INFO] "GET /api/user HTTP/1.1" 200 499
2025-11-14 15:50:54 [basehttp INFO] "GET /api/profile HTTP/1.1" 200 114
2025-11-14 15:50:54 [basehttp INFO] "GET /api/profile HTTP/1.1" 200 114
2025-11-14 15:50:54 [basehttp INFO] "GET /api/user/list/APPLICATION HTTP/1.1" 200 154
2025-11-14 15:50:54 [basehttp INFO] "GET /api/user/list/APPLICATION HTTP/1.1" 200 154
2025-11-14 15:50:54 [basehttp INFO] "GET /api/application/1/30 HTTP/1.1" 200 98
2025-11-14 15:50:54 [basehttp INFO] "GET /api/application/1/30 HTTP/1.1" 200 98
2025-11-14 15:50:56 [basehttp INFO] "GET /api/user HTTP/1.1" 200 499
2025-11-14 15:50:56 [basehttp INFO] "GET /api/profile HTTP/1.1" 200 114
2025-11-14 15:50:56 [basehttp INFO] "GET /api/user/list/APPLICATION HTTP/1.1" 200 154
2025-11-14 15:50:57 [basehttp INFO] "GET /api/application/1/30 HTTP/1.1" 200 98
2025-11-14 15:50:57 [basehttp INFO] "GET /api/user HTTP/1.1" 200 499
2025-11-14 15:50:57 [basehttp INFO] "GET /api/user HTTP/1.1" 200 499
2025-11-14 15:50:57 [basehttp INFO] "GET /api/profile HTTP/1.1" 200 114
2025-11-14 15:50:57 [basehttp INFO] "GET /api/profile HTTP/1.1" 200 114
2025-11-14 15:50:58 [basehttp INFO] "GET /api/user/list/APPLICATION HTTP/1.1" 200 154
2025-11-14 15:50:58 [basehttp INFO] "GET /api/user/list/APPLICATION HTTP/1.1" 200 154
2025-11-14 15:50:58 [basehttp INFO] "GET /api/application/1/30 HTTP/1.1" 200 98
2025-11-14 15:50:58 [basehttp INFO] "GET /api/application/1/30 HTTP/1.1" 200 98
2025-11-14 15:51:33 [basehttp INFO] "GET /api/profile HTTP/1.1" 200 114
2025-11-14 15:51:43 [basehttp INFO] "POST /api/user/login HTTP/1.1" 200 217
2025-11-14 15:51:43 [basehttp INFO] "GET /api/user HTTP/1.1" 200 499
2025-11-14 15:51:43 [basehttp INFO] "GET /api/profile HTTP/1.1" 200 114
2025-11-14 15:51:44 [basehttp INFO] "GET /api/user/list/APPLICATION HTTP/1.1" 200 154
2025-11-14 15:51:44 [basehttp INFO] "GET /api/application/1/30 HTTP/1.1" 200 98
2025-11-14 16:09:03 [basehttp INFO] "POST /api/OpenAIchat HTTP/1.1" 200 44
2025-11-14 16:09:06 [basehttp INFO] "POST /api/OpenAIchat HTTP/1.1" 200 44
2025-11-14 16:09:24 [basehttp INFO] "POST /api/OpenAIchat HTTP/1.1" 200 44
2025-11-14 16:09:33 [basehttp INFO] "POST /api/OpenAIchat HTTP/1.1" 200 44
2025-11-14 16:09:38 [basehttp INFO] "POST /api/OpenAIchat HTTP/1.1" 200 44
2025-11-14 16:11:44 [basehttp INFO] "POST /api/OpenAIchat HTTP/1.1" 200 44
2025-11-14 16:11:47 [basehttp INFO] "POST /api/OpenAIchat HTTP/1.1" 200 44
2025-11-14 16:12:41 [log ERROR] Internal Server Error: /api/OpenAIchat
Traceback (most recent call last):
  File "C:\Users\vnppp\AppData\Local\pypoetry\Cache\virtualenvs\maxkb-INZCkCAX-py3.11\Lib\site-packages\django\core\handlers\exception.py", line 55, in inner
    response = get_response(request)
               ^^^^^^^^^^^^^^^^^^^^^
  File "C:\Users\vnppp\AppData\Local\pypoetry\Cache\virtualenvs\maxkb-INZCkCAX-py3.11\Lib\site-packages\django\core\handlers\base.py", line 197, in _get_response
    response = wrapped_callback(request, *callback_args, **callback_kwargs)
               ^^^^^^^^^^^^^^^^^^^^^^^^^^^^^^^^^^^^^^^^^^^^^^^^^^^^^^^^^^^^
  File "C:\Users\vnppp\AppData\Local\pypoetry\Cache\virtualenvs\maxkb-INZCkCAX-py3.11\Lib\site-packages\django\views\generic\base.py", line 104, in view
    return self.dispatch(request, *args, **kwargs)
           ^^^^^^^^^^^^^^^^^^^^^^^^^^^^^^^^^^^^^^^
  File "C:\Users\vnppp\AppData\Local\pypoetry\Cache\virtualenvs\maxkb-INZCkCAX-py3.11\Lib\site-packages\django\views\generic\base.py", line 143, in dispatch
    return handler(request, *args, **kwargs)
           ^^^^^^^^^^^^^^^^^^^^^^^^^^^^^^^^^
  File "F:\work\llm\llm-know-app\llm-know-server\apps\application\views\chat_views.py", line 83, in post
    return build_simple_response('create_ai',prompt)
           ^^^^^^^^^^^^^^^^^^^^^^^^^^^^^^^^^^^^^^^^^
TypeError: OpenAIChatProxy.post.<locals>.build_simple_response() takes 1 positional argument but 2 were given
2025-11-14 16:12:41 [basehttp ERROR] "POST /api/OpenAIchat HTTP/1.1" 500 145
2025-11-14 16:14:52 [basehttp INFO] "GET /api/user HTTP/1.1" 200 499
2025-11-14 16:14:52 [basehttp INFO] "GET /api/profile HTTP/1.1" 200 114
2025-11-14 16:14:52 [basehttp INFO] "GET /api/user/list/APPLICATION HTTP/1.1" 200 154
2025-11-14 16:14:53 [basehttp INFO] "GET /api/application/1/30 HTTP/1.1" 200 98
2025-11-14 16:15:33 [basehttp INFO] "POST /api/OpenAIchat HTTP/1.1" 200 44
2025-11-14 16:16:39 [basehttp INFO] "POST /api/OpenAIchat HTTP/1.1" 200 44
2025-11-14 16:21:00 [basehttp INFO] "POST /api/OpenAIchat HTTP/1.1" 200 44
2025-11-14 16:21:36 [basehttp INFO] "POST /api/OpenAIchat HTTP/1.1" 200 42872
2025-11-14 17:14:36 [basehttp INFO] "POST /api/OpenAIchat HTTP/1.1" 200 44
2025-11-14 17:14:52 [basehttp INFO] "POST /api/OpenAIchat HTTP/1.1" 200 17042
2025-11-14 17:15:02 [basehttp INFO] "POST /api/OpenAIchat HTTP/1.1" 200 19418
2025-11-14 17:15:11 [basehttp INFO] "POST /api/OpenAIchat HTTP/1.1" 200 44
2025-11-14 17:16:32 [basehttp INFO] "POST /api/application/import HTTP/1.1" 200 49
2025-11-14 17:16:32 [basehttp INFO] "GET /api/model?model_type=EMBEDDING HTTP/1.1" 200 367
2025-11-14 17:16:32 [basehttp INFO] "GET /api/application/1/30 HTTP/1.1" 200 299670
2025-11-14 17:26:14 [basehttp INFO] "POST /api/OpenAIchat HTTP/1.1" 200 44
2025-11-14 17:26:18 [basehttp INFO] "POST /api/application/import HTTP/1.1" 200 49
2025-11-14 17:26:18 [basehttp INFO] "GET /api/model?model_type=EMBEDDING HTTP/1.1" 200 367
2025-11-14 17:26:18 [basehttp INFO] "GET /api/application/1/30 HTTP/1.1" 200 599244
2025-11-14 17:26:23 [basehttp INFO] "POST /api/dataset HTTP/1.1" 200 261
2025-11-14 17:27:48 [basehttp INFO] "POST /api/dataset/document/split HTTP/1.1" 200 60806
2025-11-14 17:27:48 [basehttp INFO] "POST /api/dataset/fc7c8fcf-c13b-11f0-971a-dc567bb1e9dc/document/_bach HTTP/1.1" 200 459
2025-11-14 17:27:48 [basehttp INFO] "GET /api/application/1/30 HTTP/1.1" 200 599244
2025-11-14 17:27:57 [basehttp INFO] "GET /api/user/list/DATASET HTTP/1.1" 200 154
2025-11-14 17:27:58 [basehttp INFO] "GET /api/dataset/1/30 HTTP/1.1" 200 473
2025-11-14 17:27:59 [basehttp INFO] "GET /api/dataset HTTP/1.1" 200 422
2025-11-14 17:27:59 [basehttp INFO] "GET /api/dataset/fc7c8fcf-c13b-11f0-971a-dc567bb1e9dc HTTP/1.1" 200 447
2025-11-14 17:27:59 [basehttp INFO] "GET /api/dataset/fc7c8fcf-c13b-11f0-971a-dc567bb1e9dc/document/1/10?order_by= HTTP/1.1" 200 593
2025-11-14 17:28:02 [basehttp INFO] "GET /api/dataset/fc7c8fcf-c13b-11f0-971a-dc567bb1e9dc/document/2f1801da-c13c-11f0-9073-dc567bb1e9dc HTTP/1.1" 200 540
2025-11-14 17:28:02 [basehttp INFO] "GET /api/dataset/fc7c8fcf-c13b-11f0-971a-dc567bb1e9dc/document/2f1801da-c13c-11f0-9073-dc567bb1e9dc/paragraph/1/30 HTTP/1.1" 200 98
2025-11-14 17:28:05 [basehttp INFO] "GET /api/dataset HTTP/1.1" 200 422
2025-11-14 17:28:06 [basehttp INFO] "GET /api/dataset/fc7c8fcf-c13b-11f0-971a-dc567bb1e9dc/document/1/10?order_by= HTTP/1.1" 200 593
2025-11-14 17:28:06 [basehttp INFO] "GET /api/dataset/fc7c8fcf-c13b-11f0-971a-dc567bb1e9dc HTTP/1.1" 200 447
2025-11-14 17:28:11 [basehttp INFO] "GET /api/dataset/fc7c8fcf-c13b-11f0-971a-dc567bb1e9dc/document/1/10?order_by= HTTP/1.1" 200 593
2025-11-14 17:28:12 [basehttp INFO] "GET /api/application/f9929d7e-c13b-11f0-bb05-dc567bb1e9dc HTTP/1.1" 200 299622
2025-11-14 17:28:17 [basehttp INFO] "GET /api/dataset/fc7c8fcf-c13b-11f0-971a-dc567bb1e9dc/document/1/10?order_by= HTTP/1.1" 200 593
2025-11-14 17:28:23 [basehttp INFO] "GET /api/dataset/fc7c8fcf-c13b-11f0-971a-dc567bb1e9dc/document/1/10?order_by= HTTP/1.1" 200 593
2025-11-14 17:28:29 [basehttp INFO] "GET /api/dataset/fc7c8fcf-c13b-11f0-971a-dc567bb1e9dc/document/1/10?order_by= HTTP/1.1" 200 593
2025-11-14 17:28:35 [basehttp INFO] "GET /api/dataset/fc7c8fcf-c13b-11f0-971a-dc567bb1e9dc/document/1/10?order_by= HTTP/1.1" 200 593
2025-11-14 17:28:42 [basehttp INFO] "GET /api/dataset/fc7c8fcf-c13b-11f0-971a-dc567bb1e9dc/document/1/10?order_by= HTTP/1.1" 200 593
2025-11-14 17:28:47 [basehttp INFO] "GET /api/dataset/fc7c8fcf-c13b-11f0-971a-dc567bb1e9dc/document/1/10?order_by= HTTP/1.1" 200 593
2025-11-14 17:28:50 [basehttp INFO] "GET /api/user HTTP/1.1" 200 1009
2025-11-14 17:28:50 [basehttp INFO] "GET /api/profile HTTP/1.1" 200 114
2025-11-14 17:28:51 [basehttp INFO] "GET /api/user HTTP/1.1" 200 1009
2025-11-14 17:28:51 [basehttp INFO] "GET /api/profile HTTP/1.1" 200 114
2025-11-14 17:28:51 [basehttp INFO] "GET /api/dataset/fc7c8fcf-c13b-11f0-971a-dc567bb1e9dc/document/1/10?order_by= HTTP/1.1" 200 593
2025-11-14 17:28:51 [basehttp INFO] "GET /api/dataset/fc7c8fcf-c13b-11f0-971a-dc567bb1e9dc HTTP/1.1" 200 447
2025-11-14 17:28:51 [basehttp INFO] "GET /api/dataset HTTP/1.1" 200 422
2025-11-14 17:28:51 [basehttp INFO] "GET /api/user/list/APPLICATION HTTP/1.1" 200 154
2025-11-14 17:28:51 [basehttp INFO] "GET /api/application/1/30 HTTP/1.1" 200 599244
2025-11-14 17:28:59 [basehttp INFO] "GET /api/user HTTP/1.1" 200 1009
2025-11-14 17:28:59 [basehttp INFO] "GET /api/user HTTP/1.1" 200 1009
2025-11-14 17:28:59 [basehttp INFO] "GET /api/profile HTTP/1.1" 200 114
2025-11-14 17:28:59 [basehttp INFO] "GET /api/profile HTTP/1.1" 200 114
2025-11-14 17:28:59 [basehttp INFO] "GET /api/dataset HTTP/1.1" 200 422
2025-11-14 17:28:59 [basehttp INFO] "GET /api/dataset/fc7c8fcf-c13b-11f0-971a-dc567bb1e9dc/document/1/10?order_by= HTTP/1.1" 200 593
2025-11-14 17:28:59 [basehttp INFO] "GET /api/dataset/fc7c8fcf-c13b-11f0-971a-dc567bb1e9dc HTTP/1.1" 200 447
2025-11-14 17:28:59 [basehttp INFO] "GET /api/user/list/APPLICATION HTTP/1.1" 200 154
2025-11-14 17:28:59 [basehttp INFO] "GET /api/application/1/30 HTTP/1.1" 200 599244
2025-11-14 17:29:05 [basehttp INFO] "GET /api/dataset/fc7c8fcf-c13b-11f0-971a-dc567bb1e9dc/document/1/10?order_by= HTTP/1.1" 200 593
2025-11-14 17:29:11 [basehttp INFO] "GET /api/dataset/fc7c8fcf-c13b-11f0-971a-dc567bb1e9dc/document/1/10?order_by= HTTP/1.1" 200 593
2025-11-14 17:29:13 [basehttp INFO] "GET /api/user HTTP/1.1" 200 1009
2025-11-14 17:29:13 [basehttp INFO] "GET /api/profile HTTP/1.1" 200 114
2025-11-14 17:29:13 [basehttp INFO] "GET /api/user HTTP/1.1" 200 1009
2025-11-14 17:29:13 [basehttp INFO] "GET /api/profile HTTP/1.1" 200 114
2025-11-14 17:29:14 [basehttp INFO] "GET /api/user/list/APPLICATION HTTP/1.1" 200 154
2025-11-14 17:29:14 [basehttp INFO] "GET /api/dataset HTTP/1.1" 200 422
2025-11-14 17:29:14 [basehttp INFO] "GET /api/dataset/fc7c8fcf-c13b-11f0-971a-dc567bb1e9dc/document/1/10?order_by= HTTP/1.1" 200 593
2025-11-14 17:29:14 [basehttp INFO] "GET /api/dataset/fc7c8fcf-c13b-11f0-971a-dc567bb1e9dc HTTP/1.1" 200 447
2025-11-14 17:29:14 [basehttp INFO] "GET /api/application/1/30 HTTP/1.1" 200 599244
2025-11-14 17:29:20 [basehttp INFO] "GET /api/dataset/fc7c8fcf-c13b-11f0-971a-dc567bb1e9dc/document/1/10?order_by= HTTP/1.1" 200 593
2025-11-14 17:29:26 [basehttp INFO] "GET /api/dataset/fc7c8fcf-c13b-11f0-971a-dc567bb1e9dc/document/1/10?order_by= HTTP/1.1" 200 593
2025-11-14 17:29:32 [basehttp INFO] "GET /api/dataset/fc7c8fcf-c13b-11f0-971a-dc567bb1e9dc/document/1/10?order_by= HTTP/1.1" 200 593
2025-11-14 17:29:38 [basehttp INFO] "GET /api/dataset/fc7c8fcf-c13b-11f0-971a-dc567bb1e9dc/document/1/10?order_by= HTTP/1.1" 200 593
2025-11-14 17:29:44 [basehttp INFO] "GET /api/dataset/fc7c8fcf-c13b-11f0-971a-dc567bb1e9dc/document/1/10?order_by= HTTP/1.1" 200 593
2025-11-14 17:29:50 [basehttp INFO] "GET /api/dataset/fc7c8fcf-c13b-11f0-971a-dc567bb1e9dc/document/1/10?order_by= HTTP/1.1" 200 593
2025-11-14 17:29:56 [basehttp INFO] "GET /api/dataset/fc7c8fcf-c13b-11f0-971a-dc567bb1e9dc/document/1/10?order_by= HTTP/1.1" 200 593
2025-11-14 17:30:02 [basehttp INFO] "GET /api/dataset/fc7c8fcf-c13b-11f0-971a-dc567bb1e9dc/document/1/10?order_by= HTTP/1.1" 200 593
2025-11-14 17:30:08 [basehttp INFO] "GET /api/dataset/fc7c8fcf-c13b-11f0-971a-dc567bb1e9dc/document/1/10?order_by= HTTP/1.1" 200 593
2025-11-14 17:30:14 [basehttp INFO] "GET /api/dataset/fc7c8fcf-c13b-11f0-971a-dc567bb1e9dc/document/1/10?order_by= HTTP/1.1" 200 593
2025-11-14 17:30:20 [basehttp INFO] "GET /api/dataset/fc7c8fcf-c13b-11f0-971a-dc567bb1e9dc/document/1/10?order_by= HTTP/1.1" 200 593
2025-11-14 17:30:26 [basehttp INFO] "GET /api/dataset/fc7c8fcf-c13b-11f0-971a-dc567bb1e9dc/document/1/10?order_by= HTTP/1.1" 200 593
2025-11-14 17:30:32 [basehttp INFO] "GET /api/dataset/fc7c8fcf-c13b-11f0-971a-dc567bb1e9dc/document/1/10?order_by= HTTP/1.1" 200 593
2025-11-14 17:30:38 [basehttp INFO] "GET /api/dataset/fc7c8fcf-c13b-11f0-971a-dc567bb1e9dc/document/1/10?order_by= HTTP/1.1" 200 593
2025-11-14 17:30:44 [basehttp INFO] "GET /api/dataset/fc7c8fcf-c13b-11f0-971a-dc567bb1e9dc/document/1/10?order_by= HTTP/1.1" 200 593
2025-11-14 17:30:50 [basehttp INFO] "GET /api/dataset/fc7c8fcf-c13b-11f0-971a-dc567bb1e9dc/document/1/10?order_by= HTTP/1.1" 200 593
2025-11-14 17:30:56 [basehttp INFO] "GET /api/dataset/fc7c8fcf-c13b-11f0-971a-dc567bb1e9dc/document/1/10?order_by= HTTP/1.1" 200 593
2025-11-14 17:31:02 [basehttp INFO] "GET /api/dataset/fc7c8fcf-c13b-11f0-971a-dc567bb1e9dc/document/1/10?order_by= HTTP/1.1" 200 593
2025-11-14 17:31:08 [basehttp INFO] "GET /api/dataset/fc7c8fcf-c13b-11f0-971a-dc567bb1e9dc/document/1/10?order_by= HTTP/1.1" 200 593
2025-11-14 17:31:14 [basehttp INFO] "GET /api/dataset/fc7c8fcf-c13b-11f0-971a-dc567bb1e9dc/document/1/10?order_by= HTTP/1.1" 200 593
2025-11-14 17:31:20 [basehttp INFO] "GET /api/dataset/fc7c8fcf-c13b-11f0-971a-dc567bb1e9dc/document/1/10?order_by= HTTP/1.1" 200 593
2025-11-14 17:31:26 [basehttp INFO] "GET /api/dataset/fc7c8fcf-c13b-11f0-971a-dc567bb1e9dc/document/1/10?order_by= HTTP/1.1" 200 593
2025-11-14 17:31:32 [basehttp INFO] "GET /api/dataset/fc7c8fcf-c13b-11f0-971a-dc567bb1e9dc/document/1/10?order_by= HTTP/1.1" 200 593
2025-11-14 17:31:38 [basehttp INFO] "GET /api/dataset/fc7c8fcf-c13b-11f0-971a-dc567bb1e9dc/document/1/10?order_by= HTTP/1.1" 200 593
2025-11-14 17:31:44 [basehttp INFO] "GET /api/dataset/fc7c8fcf-c13b-11f0-971a-dc567bb1e9dc/document/1/10?order_by= HTTP/1.1" 200 593
2025-11-14 17:31:50 [basehttp INFO] "GET /api/dataset/fc7c8fcf-c13b-11f0-971a-dc567bb1e9dc/document/1/10?order_by= HTTP/1.1" 200 593
2025-11-14 17:31:56 [basehttp INFO] "GET /api/dataset/fc7c8fcf-c13b-11f0-971a-dc567bb1e9dc/document/1/10?order_by= HTTP/1.1" 200 593
2025-11-14 17:32:02 [basehttp INFO] "GET /api/dataset/fc7c8fcf-c13b-11f0-971a-dc567bb1e9dc/document/1/10?order_by= HTTP/1.1" 200 593
2025-11-14 17:32:08 [basehttp INFO] "GET /api/dataset/fc7c8fcf-c13b-11f0-971a-dc567bb1e9dc/document/1/10?order_by= HTTP/1.1" 200 593
2025-11-14 17:32:14 [basehttp INFO] "GET /api/dataset/fc7c8fcf-c13b-11f0-971a-dc567bb1e9dc/document/1/10?order_by= HTTP/1.1" 200 593
2025-11-14 17:32:20 [basehttp INFO] "GET /api/dataset/fc7c8fcf-c13b-11f0-971a-dc567bb1e9dc/document/1/10?order_by= HTTP/1.1" 200 593
2025-11-14 17:32:26 [basehttp INFO] "GET /api/dataset/fc7c8fcf-c13b-11f0-971a-dc567bb1e9dc/document/1/10?order_by= HTTP/1.1" 200 593
2025-11-14 17:32:32 [basehttp INFO] "GET /api/dataset/fc7c8fcf-c13b-11f0-971a-dc567bb1e9dc/document/1/10?order_by= HTTP/1.1" 200 593
2025-11-14 17:32:38 [basehttp INFO] "GET /api/dataset/fc7c8fcf-c13b-11f0-971a-dc567bb1e9dc/document/1/10?order_by= HTTP/1.1" 200 593
2025-11-14 17:32:44 [basehttp INFO] "GET /api/dataset/fc7c8fcf-c13b-11f0-971a-dc567bb1e9dc/document/1/10?order_by= HTTP/1.1" 200 593
2025-11-14 17:32:50 [basehttp INFO] "GET /api/dataset/fc7c8fcf-c13b-11f0-971a-dc567bb1e9dc/document/1/10?order_by= HTTP/1.1" 200 593
2025-11-14 17:32:56 [basehttp INFO] "GET /api/dataset/fc7c8fcf-c13b-11f0-971a-dc567bb1e9dc/document/1/10?order_by= HTTP/1.1" 200 593
2025-11-14 17:33:02 [basehttp INFO] "GET /api/dataset/fc7c8fcf-c13b-11f0-971a-dc567bb1e9dc/document/1/10?order_by= HTTP/1.1" 200 593
2025-11-14 17:33:08 [basehttp INFO] "GET /api/dataset/fc7c8fcf-c13b-11f0-971a-dc567bb1e9dc/document/1/10?order_by= HTTP/1.1" 200 593
2025-11-14 17:33:14 [basehttp INFO] "GET /api/dataset/fc7c8fcf-c13b-11f0-971a-dc567bb1e9dc/document/1/10?order_by= HTTP/1.1" 200 593
2025-11-14 17:33:20 [basehttp INFO] "GET /api/dataset/fc7c8fcf-c13b-11f0-971a-dc567bb1e9dc/document/1/10?order_by= HTTP/1.1" 200 593
2025-11-14 17:33:26 [basehttp INFO] "GET /api/dataset/fc7c8fcf-c13b-11f0-971a-dc567bb1e9dc/document/1/10?order_by= HTTP/1.1" 200 593
2025-11-14 17:33:32 [basehttp INFO] "GET /api/dataset/fc7c8fcf-c13b-11f0-971a-dc567bb1e9dc/document/1/10?order_by= HTTP/1.1" 200 593
2025-11-14 17:33:38 [basehttp INFO] "GET /api/dataset/fc7c8fcf-c13b-11f0-971a-dc567bb1e9dc/document/1/10?order_by= HTTP/1.1" 200 593
2025-11-14 17:33:44 [basehttp INFO] "GET /api/dataset/fc7c8fcf-c13b-11f0-971a-dc567bb1e9dc/document/1/10?order_by= HTTP/1.1" 200 593
2025-11-14 17:33:50 [basehttp INFO] "GET /api/dataset/fc7c8fcf-c13b-11f0-971a-dc567bb1e9dc/document/1/10?order_by= HTTP/1.1" 200 593
2025-11-14 17:33:56 [basehttp INFO] "GET /api/dataset/fc7c8fcf-c13b-11f0-971a-dc567bb1e9dc/document/1/10?order_by= HTTP/1.1" 200 593
2025-11-14 17:34:02 [basehttp INFO] "GET /api/dataset/fc7c8fcf-c13b-11f0-971a-dc567bb1e9dc/document/1/10?order_by= HTTP/1.1" 200 593
2025-11-14 17:34:08 [basehttp INFO] "GET /api/dataset/fc7c8fcf-c13b-11f0-971a-dc567bb1e9dc/document/1/10?order_by= HTTP/1.1" 200 593
2025-11-14 17:34:14 [basehttp INFO] "GET /api/dataset/fc7c8fcf-c13b-11f0-971a-dc567bb1e9dc/document/1/10?order_by= HTTP/1.1" 200 593
2025-11-14 17:34:20 [basehttp INFO] "GET /api/dataset/fc7c8fcf-c13b-11f0-971a-dc567bb1e9dc/document/1/10?order_by= HTTP/1.1" 200 593
2025-11-14 17:34:26 [basehttp INFO] "GET /api/dataset/fc7c8fcf-c13b-11f0-971a-dc567bb1e9dc/document/1/10?order_by= HTTP/1.1" 200 593
2025-11-14 17:34:32 [basehttp INFO] "GET /api/dataset/fc7c8fcf-c13b-11f0-971a-dc567bb1e9dc/document/1/10?order_by= HTTP/1.1" 200 593
2025-11-14 17:34:38 [basehttp INFO] "GET /api/dataset/fc7c8fcf-c13b-11f0-971a-dc567bb1e9dc/document/1/10?order_by= HTTP/1.1" 200 593
2025-11-14 17:34:46 [basehttp INFO] "GET /api/user HTTP/1.1" 200 1009
2025-11-14 17:34:46 [basehttp INFO] "GET /api/user HTTP/1.1" 200 1009
2025-11-14 17:34:46 [basehttp INFO] "GET /api/profile HTTP/1.1" 200 114
2025-11-14 17:34:46 [basehttp INFO] "GET /api/profile HTTP/1.1" 200 114
2025-11-14 17:34:47 [basehttp INFO] "GET /api/dataset HTTP/1.1" 200 422
2025-11-14 17:34:47 [basehttp INFO] "GET /api/dataset/fc7c8fcf-c13b-11f0-971a-dc567bb1e9dc/document/1/10?order_by= HTTP/1.1" 200 593
2025-11-14 17:34:47 [basehttp INFO] "GET /api/dataset/fc7c8fcf-c13b-11f0-971a-dc567bb1e9dc HTTP/1.1" 200 447
2025-11-14 17:34:47 [basehttp INFO] "GET /api/user/list/APPLICATION HTTP/1.1" 200 154
2025-11-14 17:34:47 [basehttp INFO] "GET /api/application/1/30 HTTP/1.1" 200 599244
2025-11-14 17:34:53 [basehttp INFO] "GET /api/dataset/fc7c8fcf-c13b-11f0-971a-dc567bb1e9dc/document/1/10?order_by= HTTP/1.1" 200 593
2025-11-14 17:34:59 [basehttp INFO] "GET /api/dataset/fc7c8fcf-c13b-11f0-971a-dc567bb1e9dc/document/1/10?order_by= HTTP/1.1" 200 593
2025-11-14 17:35:05 [basehttp INFO] "GET /api/dataset/fc7c8fcf-c13b-11f0-971a-dc567bb1e9dc/document/1/10?order_by= HTTP/1.1" 200 593
2025-11-14 17:35:11 [basehttp INFO] "GET /api/dataset/fc7c8fcf-c13b-11f0-971a-dc567bb1e9dc/document/1/10?order_by= HTTP/1.1" 200 593
2025-11-14 17:35:17 [basehttp INFO] "GET /api/dataset/fc7c8fcf-c13b-11f0-971a-dc567bb1e9dc/document/1/10?order_by= HTTP/1.1" 200 593
2025-11-14 17:35:23 [basehttp INFO] "GET /api/dataset/fc7c8fcf-c13b-11f0-971a-dc567bb1e9dc/document/1/10?order_by= HTTP/1.1" 200 593
2025-11-14 17:35:29 [basehttp INFO] "GET /api/dataset/fc7c8fcf-c13b-11f0-971a-dc567bb1e9dc/document/1/10?order_by= HTTP/1.1" 200 593
2025-11-14 17:35:35 [basehttp INFO] "GET /api/dataset/fc7c8fcf-c13b-11f0-971a-dc567bb1e9dc/document/1/10?order_by= HTTP/1.1" 200 593
2025-11-14 17:35:41 [basehttp INFO] "GET /api/dataset/fc7c8fcf-c13b-11f0-971a-dc567bb1e9dc/document/1/10?order_by= HTTP/1.1" 200 593
2025-11-14 17:35:47 [basehttp INFO] "GET /api/dataset/fc7c8fcf-c13b-11f0-971a-dc567bb1e9dc/document/1/10?order_by= HTTP/1.1" 200 593
2025-11-14 17:35:53 [basehttp INFO] "GET /api/dataset/fc7c8fcf-c13b-11f0-971a-dc567bb1e9dc/document/1/10?order_by= HTTP/1.1" 200 593
2025-11-14 17:35:59 [basehttp INFO] "GET /api/dataset/fc7c8fcf-c13b-11f0-971a-dc567bb1e9dc/document/1/10?order_by= HTTP/1.1" 200 593
2025-11-14 17:36:05 [basehttp INFO] "GET /api/dataset/fc7c8fcf-c13b-11f0-971a-dc567bb1e9dc/document/1/10?order_by= HTTP/1.1" 200 593
2025-11-14 17:36:11 [basehttp INFO] "GET /api/dataset/fc7c8fcf-c13b-11f0-971a-dc567bb1e9dc/document/1/10?order_by= HTTP/1.1" 200 593
2025-11-14 17:36:17 [basehttp INFO] "GET /api/dataset/fc7c8fcf-c13b-11f0-971a-dc567bb1e9dc/document/1/10?order_by= HTTP/1.1" 200 593
2025-11-14 17:36:23 [basehttp INFO] "GET /api/dataset/fc7c8fcf-c13b-11f0-971a-dc567bb1e9dc/document/1/10?order_by= HTTP/1.1" 200 593
2025-11-14 17:36:29 [basehttp INFO] "GET /api/dataset/fc7c8fcf-c13b-11f0-971a-dc567bb1e9dc/document/1/10?order_by= HTTP/1.1" 200 593
2025-11-14 17:36:35 [basehttp INFO] "GET /api/dataset/fc7c8fcf-c13b-11f0-971a-dc567bb1e9dc/document/1/10?order_by= HTTP/1.1" 200 593
2025-11-14 17:36:41 [basehttp INFO] "GET /api/dataset/fc7c8fcf-c13b-11f0-971a-dc567bb1e9dc/document/1/10?order_by= HTTP/1.1" 200 593
2025-11-14 17:36:47 [basehttp INFO] "GET /api/dataset/fc7c8fcf-c13b-11f0-971a-dc567bb1e9dc/document/1/10?order_by= HTTP/1.1" 200 593
2025-11-14 17:36:53 [basehttp INFO] "GET /api/dataset/fc7c8fcf-c13b-11f0-971a-dc567bb1e9dc/document/1/10?order_by= HTTP/1.1" 200 593
2025-11-14 17:36:59 [basehttp INFO] "GET /api/dataset/fc7c8fcf-c13b-11f0-971a-dc567bb1e9dc/document/1/10?order_by= HTTP/1.1" 200 593
2025-11-14 17:37:05 [basehttp INFO] "GET /api/dataset/fc7c8fcf-c13b-11f0-971a-dc567bb1e9dc/document/1/10?order_by= HTTP/1.1" 200 593
2025-11-14 17:37:11 [basehttp INFO] "GET /api/dataset/fc7c8fcf-c13b-11f0-971a-dc567bb1e9dc/document/1/10?order_by= HTTP/1.1" 200 593
2025-11-14 17:37:17 [basehttp INFO] "GET /api/dataset/fc7c8fcf-c13b-11f0-971a-dc567bb1e9dc/document/1/10?order_by= HTTP/1.1" 200 593
2025-11-14 17:38:24 [basehttp INFO] "GET /api/user HTTP/1.1" 200 1009
2025-11-14 17:38:24 [basehttp INFO] "GET /api/profile HTTP/1.1" 200 114
2025-11-14 17:38:24 [basehttp INFO] "GET /api/user HTTP/1.1" 200 1009
2025-11-14 17:38:24 [basehttp INFO] "GET /api/profile HTTP/1.1" 200 114
2025-11-14 17:38:25 [basehttp INFO] "GET /api/user/list/APPLICATION HTTP/1.1" 200 154
2025-11-14 17:38:25 [basehttp INFO] "GET /api/application/1/30 HTTP/1.1" 200 599244
2025-11-14 17:38:25 [basehttp INFO] "GET /api/dataset HTTP/1.1" 200 422
2025-11-14 17:38:25 [basehttp INFO] "GET /api/dataset/fc7c8fcf-c13b-11f0-971a-dc567bb1e9dc HTTP/1.1" 200 447
2025-11-14 17:38:25 [basehttp INFO] "GET /api/dataset/fc7c8fcf-c13b-11f0-971a-dc567bb1e9dc/document/1/10?order_by= HTTP/1.1" 200 593
2025-11-14 17:38:31 [basehttp INFO] "GET /api/dataset/fc7c8fcf-c13b-11f0-971a-dc567bb1e9dc/document/1/10?order_by= HTTP/1.1" 200 593
2025-11-14 17:38:37 [basehttp INFO] "GET /api/dataset/fc7c8fcf-c13b-11f0-971a-dc567bb1e9dc/document/1/10?order_by= HTTP/1.1" 200 593
2025-11-14 17:38:43 [basehttp INFO] "GET /api/dataset/fc7c8fcf-c13b-11f0-971a-dc567bb1e9dc/document/1/10?order_by= HTTP/1.1" 200 593
2025-11-14 17:38:49 [basehttp INFO] "GET /api/dataset/fc7c8fcf-c13b-11f0-971a-dc567bb1e9dc/document/1/10?order_by= HTTP/1.1" 200 593
2025-11-14 17:38:55 [basehttp INFO] "GET /api/dataset/fc7c8fcf-c13b-11f0-971a-dc567bb1e9dc/document/1/10?order_by= HTTP/1.1" 200 593
2025-11-14 17:39:01 [basehttp INFO] "GET /api/dataset/fc7c8fcf-c13b-11f0-971a-dc567bb1e9dc/document/1/10?order_by= HTTP/1.1" 200 593
2025-11-14 17:39:07 [basehttp INFO] "GET /api/dataset/fc7c8fcf-c13b-11f0-971a-dc567bb1e9dc/document/1/10?order_by= HTTP/1.1" 200 593
2025-11-14 17:39:13 [basehttp INFO] "GET /api/dataset/fc7c8fcf-c13b-11f0-971a-dc567bb1e9dc/document/1/10?order_by= HTTP/1.1" 200 593
2025-11-14 17:39:19 [basehttp INFO] "GET /api/dataset/fc7c8fcf-c13b-11f0-971a-dc567bb1e9dc/document/1/10?order_by= HTTP/1.1" 200 593
2025-11-14 17:39:25 [basehttp INFO] "GET /api/dataset/fc7c8fcf-c13b-11f0-971a-dc567bb1e9dc/document/1/10?order_by= HTTP/1.1" 200 593
2025-11-14 17:39:31 [basehttp INFO] "GET /api/dataset/fc7c8fcf-c13b-11f0-971a-dc567bb1e9dc/document/1/10?order_by= HTTP/1.1" 200 593
2025-11-14 17:39:37 [basehttp INFO] "GET /api/dataset/fc7c8fcf-c13b-11f0-971a-dc567bb1e9dc/document/1/10?order_by= HTTP/1.1" 200 593
2025-11-14 17:39:43 [basehttp INFO] "GET /api/dataset/fc7c8fcf-c13b-11f0-971a-dc567bb1e9dc/document/1/10?order_by= HTTP/1.1" 200 593
2025-11-14 17:39:49 [basehttp INFO] "GET /api/dataset/fc7c8fcf-c13b-11f0-971a-dc567bb1e9dc/document/1/10?order_by= HTTP/1.1" 200 593
2025-11-14 17:39:55 [basehttp INFO] "GET /api/dataset/fc7c8fcf-c13b-11f0-971a-dc567bb1e9dc/document/1/10?order_by= HTTP/1.1" 200 593
2025-11-14 17:40:01 [basehttp INFO] "GET /api/dataset/fc7c8fcf-c13b-11f0-971a-dc567bb1e9dc/document/1/10?order_by= HTTP/1.1" 200 593
2025-11-14 17:40:07 [basehttp INFO] "GET /api/dataset/fc7c8fcf-c13b-11f0-971a-dc567bb1e9dc/document/1/10?order_by= HTTP/1.1" 200 593
2025-11-14 17:40:13 [basehttp INFO] "GET /api/dataset/fc7c8fcf-c13b-11f0-971a-dc567bb1e9dc/document/1/10?order_by= HTTP/1.1" 200 593
2025-11-14 17:40:19 [basehttp INFO] "GET /api/dataset/fc7c8fcf-c13b-11f0-971a-dc567bb1e9dc/document/1/10?order_by= HTTP/1.1" 200 593
2025-11-14 17:40:25 [basehttp INFO] "GET /api/dataset/fc7c8fcf-c13b-11f0-971a-dc567bb1e9dc/document/1/10?order_by= HTTP/1.1" 200 593
2025-11-14 17:40:31 [basehttp INFO] "GET /api/dataset/fc7c8fcf-c13b-11f0-971a-dc567bb1e9dc/document/1/10?order_by= HTTP/1.1" 200 593
2025-11-14 17:40:37 [basehttp INFO] "GET /api/dataset/fc7c8fcf-c13b-11f0-971a-dc567bb1e9dc/document/1/10?order_by= HTTP/1.1" 200 593
2025-11-14 17:40:43 [basehttp INFO] "GET /api/dataset/fc7c8fcf-c13b-11f0-971a-dc567bb1e9dc/document/1/10?order_by= HTTP/1.1" 200 593
2025-11-14 17:40:49 [basehttp INFO] "GET /api/dataset/fc7c8fcf-c13b-11f0-971a-dc567bb1e9dc/document/1/10?order_by= HTTP/1.1" 200 593
2025-11-14 17:40:55 [basehttp INFO] "GET /api/dataset/fc7c8fcf-c13b-11f0-971a-dc567bb1e9dc/document/1/10?order_by= HTTP/1.1" 200 593
2025-11-14 17:41:01 [basehttp INFO] "GET /api/dataset/fc7c8fcf-c13b-11f0-971a-dc567bb1e9dc/document/1/10?order_by= HTTP/1.1" 200 593
2025-11-14 17:41:07 [basehttp INFO] "GET /api/dataset/fc7c8fcf-c13b-11f0-971a-dc567bb1e9dc/document/1/10?order_by= HTTP/1.1" 200 593
2025-11-14 17:41:13 [basehttp INFO] "GET /api/dataset/fc7c8fcf-c13b-11f0-971a-dc567bb1e9dc/document/1/10?order_by= HTTP/1.1" 200 593
2025-11-14 17:41:19 [basehttp INFO] "GET /api/dataset/fc7c8fcf-c13b-11f0-971a-dc567bb1e9dc/document/1/10?order_by= HTTP/1.1" 200 593
2025-11-14 17:41:25 [basehttp INFO] "GET /api/dataset/fc7c8fcf-c13b-11f0-971a-dc567bb1e9dc/document/1/10?order_by= HTTP/1.1" 200 593
2025-11-14 17:41:31 [basehttp INFO] "GET /api/dataset/fc7c8fcf-c13b-11f0-971a-dc567bb1e9dc/document/1/10?order_by= HTTP/1.1" 200 593
2025-11-14 17:41:37 [basehttp INFO] "GET /api/dataset/fc7c8fcf-c13b-11f0-971a-dc567bb1e9dc/document/1/10?order_by= HTTP/1.1" 200 593
2025-11-14 17:41:43 [basehttp INFO] "GET /api/dataset/fc7c8fcf-c13b-11f0-971a-dc567bb1e9dc/document/1/10?order_by= HTTP/1.1" 200 593
2025-11-14 17:41:49 [basehttp INFO] "GET /api/dataset/fc7c8fcf-c13b-11f0-971a-dc567bb1e9dc/document/1/10?order_by= HTTP/1.1" 200 593
2025-11-14 17:41:55 [basehttp INFO] "GET /api/dataset/fc7c8fcf-c13b-11f0-971a-dc567bb1e9dc/document/1/10?order_by= HTTP/1.1" 200 593
2025-11-14 17:42:01 [basehttp INFO] "GET /api/dataset/fc7c8fcf-c13b-11f0-971a-dc567bb1e9dc/document/1/10?order_by= HTTP/1.1" 200 593
2025-11-14 17:42:07 [basehttp INFO] "GET /api/dataset/fc7c8fcf-c13b-11f0-971a-dc567bb1e9dc/document/1/10?order_by= HTTP/1.1" 200 593
2025-11-14 17:42:13 [basehttp INFO] "GET /api/dataset/fc7c8fcf-c13b-11f0-971a-dc567bb1e9dc/document/1/10?order_by= HTTP/1.1" 200 593
2025-11-14 17:42:19 [basehttp INFO] "GET /api/dataset/fc7c8fcf-c13b-11f0-971a-dc567bb1e9dc/document/1/10?order_by= HTTP/1.1" 200 593
2025-11-14 17:42:25 [basehttp INFO] "GET /api/dataset/fc7c8fcf-c13b-11f0-971a-dc567bb1e9dc/document/1/10?order_by= HTTP/1.1" 200 593
2025-11-14 17:42:31 [basehttp INFO] "GET /api/dataset/fc7c8fcf-c13b-11f0-971a-dc567bb1e9dc/document/1/10?order_by= HTTP/1.1" 200 593
2025-11-14 17:42:37 [basehttp INFO] "GET /api/dataset/fc7c8fcf-c13b-11f0-971a-dc567bb1e9dc/document/1/10?order_by= HTTP/1.1" 200 593
2025-11-14 17:42:43 [basehttp INFO] "GET /api/dataset/fc7c8fcf-c13b-11f0-971a-dc567bb1e9dc/document/1/10?order_by= HTTP/1.1" 200 593
2025-11-14 17:42:49 [basehttp INFO] "GET /api/dataset/fc7c8fcf-c13b-11f0-971a-dc567bb1e9dc/document/1/10?order_by= HTTP/1.1" 200 593
2025-11-14 17:42:55 [basehttp INFO] "GET /api/dataset/fc7c8fcf-c13b-11f0-971a-dc567bb1e9dc/document/1/10?order_by= HTTP/1.1" 200 593
2025-11-14 17:43:01 [basehttp INFO] "GET /api/dataset/fc7c8fcf-c13b-11f0-971a-dc567bb1e9dc/document/1/10?order_by= HTTP/1.1" 200 593
2025-11-14 17:43:07 [basehttp INFO] "GET /api/dataset/fc7c8fcf-c13b-11f0-971a-dc567bb1e9dc/document/1/10?order_by= HTTP/1.1" 200 593
2025-11-14 17:43:13 [basehttp INFO] "GET /api/dataset/fc7c8fcf-c13b-11f0-971a-dc567bb1e9dc/document/1/10?order_by= HTTP/1.1" 200 593
2025-11-14 17:43:19 [basehttp INFO] "GET /api/dataset/fc7c8fcf-c13b-11f0-971a-dc567bb1e9dc/document/1/10?order_by= HTTP/1.1" 200 593
2025-11-14 17:43:25 [basehttp INFO] "GET /api/dataset/fc7c8fcf-c13b-11f0-971a-dc567bb1e9dc/document/1/10?order_by= HTTP/1.1" 200 593
2025-11-14 17:43:31 [basehttp INFO] "GET /api/dataset/fc7c8fcf-c13b-11f0-971a-dc567bb1e9dc/document/1/10?order_by= HTTP/1.1" 200 593
2025-11-14 17:43:37 [basehttp INFO] "GET /api/dataset/fc7c8fcf-c13b-11f0-971a-dc567bb1e9dc/document/1/10?order_by= HTTP/1.1" 200 593
2025-11-14 17:43:43 [basehttp INFO] "GET /api/dataset/fc7c8fcf-c13b-11f0-971a-dc567bb1e9dc/document/1/10?order_by= HTTP/1.1" 200 593
2025-11-14 17:43:49 [basehttp INFO] "GET /api/dataset/fc7c8fcf-c13b-11f0-971a-dc567bb1e9dc/document/1/10?order_by= HTTP/1.1" 200 593
2025-11-14 17:43:55 [basehttp INFO] "GET /api/dataset/fc7c8fcf-c13b-11f0-971a-dc567bb1e9dc/document/1/10?order_by= HTTP/1.1" 200 593
2025-11-14 17:44:01 [basehttp INFO] "GET /api/dataset/fc7c8fcf-c13b-11f0-971a-dc567bb1e9dc/document/1/10?order_by= HTTP/1.1" 200 593
2025-11-14 17:44:07 [basehttp INFO] "GET /api/dataset/fc7c8fcf-c13b-11f0-971a-dc567bb1e9dc/document/1/10?order_by= HTTP/1.1" 200 593
2025-11-14 17:44:13 [basehttp INFO] "GET /api/dataset/fc7c8fcf-c13b-11f0-971a-dc567bb1e9dc/document/1/10?order_by= HTTP/1.1" 200 593
2025-11-14 17:44:19 [basehttp INFO] "GET /api/dataset/fc7c8fcf-c13b-11f0-971a-dc567bb1e9dc/document/1/10?order_by= HTTP/1.1" 200 593
2025-11-14 17:50:23 [basehttp INFO] "GET /api/user HTTP/1.1" 200 1009
2025-11-14 17:50:23 [basehttp INFO] "GET /api/user HTTP/1.1" 200 1009
2025-11-14 17:50:23 [basehttp INFO] "GET /api/profile HTTP/1.1" 200 114
2025-11-14 17:50:23 [basehttp INFO] "GET /api/profile HTTP/1.1" 200 114
2025-11-14 17:50:24 [basehttp INFO] "GET /api/dataset HTTP/1.1" 200 422
2025-11-14 17:50:24 [basehttp INFO] "GET /api/dataset/fc7c8fcf-c13b-11f0-971a-dc567bb1e9dc/document/1/10?order_by= HTTP/1.1" 200 593
2025-11-14 17:50:24 [basehttp INFO] "GET /api/user/list/APPLICATION HTTP/1.1" 200 154
2025-11-14 17:50:24 [basehttp INFO] "GET /api/dataset/fc7c8fcf-c13b-11f0-971a-dc567bb1e9dc HTTP/1.1" 200 447
2025-11-14 17:50:24 [basehttp INFO] "GET /api/application/1/30 HTTP/1.1" 200 599244
2025-11-14 17:50:30 [basehttp INFO] "GET /api/dataset/fc7c8fcf-c13b-11f0-971a-dc567bb1e9dc/document/1/10?order_by= HTTP/1.1" 200 593
2025-11-14 17:50:36 [basehttp INFO] "GET /api/dataset/fc7c8fcf-c13b-11f0-971a-dc567bb1e9dc/document/1/10?order_by= HTTP/1.1" 200 593
2025-11-14 17:50:42 [basehttp INFO] "GET /api/dataset/fc7c8fcf-c13b-11f0-971a-dc567bb1e9dc/document/1/10?order_by= HTTP/1.1" 200 593
2025-11-14 17:50:48 [basehttp INFO] "GET /api/dataset/fc7c8fcf-c13b-11f0-971a-dc567bb1e9dc/document/1/10?order_by= HTTP/1.1" 200 593
2025-11-14 17:50:54 [basehttp INFO] "GET /api/dataset/fc7c8fcf-c13b-11f0-971a-dc567bb1e9dc/document/1/10?order_by= HTTP/1.1" 200 593
2025-11-14 17:51:00 [basehttp INFO] "GET /api/dataset/fc7c8fcf-c13b-11f0-971a-dc567bb1e9dc/document/1/10?order_by= HTTP/1.1" 200 593
2025-11-14 17:51:06 [basehttp INFO] "GET /api/dataset/fc7c8fcf-c13b-11f0-971a-dc567bb1e9dc/document/1/10?order_by= HTTP/1.1" 200 593
2025-11-14 17:51:12 [basehttp INFO] "GET /api/dataset/fc7c8fcf-c13b-11f0-971a-dc567bb1e9dc/document/1/10?order_by= HTTP/1.1" 200 593
2025-11-14 17:51:18 [basehttp INFO] "GET /api/dataset/fc7c8fcf-c13b-11f0-971a-dc567bb1e9dc/document/1/10?order_by= HTTP/1.1" 200 593
2025-11-14 17:51:24 [basehttp INFO] "GET /api/dataset/fc7c8fcf-c13b-11f0-971a-dc567bb1e9dc/document/1/10?order_by= HTTP/1.1" 200 593
2025-11-14 17:51:30 [basehttp INFO] "GET /api/dataset/fc7c8fcf-c13b-11f0-971a-dc567bb1e9dc/document/1/10?order_by= HTTP/1.1" 200 593
2025-11-14 17:51:36 [basehttp INFO] "GET /api/dataset/fc7c8fcf-c13b-11f0-971a-dc567bb1e9dc/document/1/10?order_by= HTTP/1.1" 200 593
2025-11-14 17:51:42 [basehttp INFO] "GET /api/dataset/fc7c8fcf-c13b-11f0-971a-dc567bb1e9dc/document/1/10?order_by= HTTP/1.1" 200 593
2025-11-14 17:51:48 [basehttp INFO] "GET /api/dataset/fc7c8fcf-c13b-11f0-971a-dc567bb1e9dc/document/1/10?order_by= HTTP/1.1" 200 593
2025-11-14 17:51:54 [basehttp INFO] "GET /api/dataset/fc7c8fcf-c13b-11f0-971a-dc567bb1e9dc/document/1/10?order_by= HTTP/1.1" 200 593
2025-11-14 17:52:00 [basehttp INFO] "GET /api/dataset/fc7c8fcf-c13b-11f0-971a-dc567bb1e9dc/document/1/10?order_by= HTTP/1.1" 200 593
2025-11-14 17:52:06 [basehttp INFO] "GET /api/dataset/fc7c8fcf-c13b-11f0-971a-dc567bb1e9dc/document/1/10?order_by= HTTP/1.1" 200 593
2025-11-14 17:52:12 [basehttp INFO] "GET /api/dataset/fc7c8fcf-c13b-11f0-971a-dc567bb1e9dc/document/1/10?order_by= HTTP/1.1" 200 593
2025-11-14 17:52:18 [basehttp INFO] "GET /api/dataset/fc7c8fcf-c13b-11f0-971a-dc567bb1e9dc/document/1/10?order_by= HTTP/1.1" 200 593
2025-11-14 17:52:19 [basehttp INFO] "GET /api/application HTTP/1.1" 200 599193
2025-11-14 17:52:19 [basehttp INFO] "GET /api/application/f9929d7e-c13b-11f0-bb05-dc567bb1e9dc HTTP/1.1" 200 299622
2025-11-14 17:52:19 [basehttp INFO] "GET /api/application/f9929d7e-c13b-11f0-bb05-dc567bb1e9dc/access_token HTTP/1.1" 200 258
2025-11-14 17:52:19 [basehttp INFO] "GET /api/application/f9929d7e-c13b-11f0-bb05-dc567bb1e9dc/statistics/chat_record_aggregate_trend?start_time=2025-11-07&end_time=2025-11-14 HTTP/1.1" 200 1189
2025-11-14 17:52:21 [basehttp INFO] "GET /api/profile HTTP/1.1" 200 114
2025-11-14 17:52:21 [basehttp INFO] "POST /api/application/authentication HTTP/1.1" 200 425
2025-11-14 17:52:21 [basehttp INFO] "GET /api/application/profile HTTP/1.1" 200 298904
2025-11-14 17:52:21 [basehttp INFO] "GET /api/application/f9929d7e-c13b-11f0-bb05-dc567bb1e9dc/chat/client/1/20 HTTP/1.1" 200 98
2025-11-14 17:52:24 [basehttp INFO] "GET /api/dataset/fc7c8fcf-c13b-11f0-971a-dc567bb1e9dc/document/1/10?order_by= HTTP/1.1" 200 593
2025-11-14 17:52:30 [basehttp INFO] "GET /api/dataset/fc7c8fcf-c13b-11f0-971a-dc567bb1e9dc/document/1/10?order_by= HTTP/1.1" 200 593
2025-11-14 17:52:36 [basehttp INFO] "GET /api/dataset/fc7c8fcf-c13b-11f0-971a-dc567bb1e9dc/document/1/10?order_by= HTTP/1.1" 200 593
2025-11-14 17:52:42 [basehttp INFO] "GET /api/dataset/fc7c8fcf-c13b-11f0-971a-dc567bb1e9dc/document/1/10?order_by= HTTP/1.1" 200 593
2025-11-14 17:52:48 [basehttp INFO] "GET /api/dataset/fc7c8fcf-c13b-11f0-971a-dc567bb1e9dc/document/1/10?order_by= HTTP/1.1" 200 593
2025-11-14 17:52:54 [basehttp INFO] "GET /api/dataset/fc7c8fcf-c13b-11f0-971a-dc567bb1e9dc/document/1/10?order_by= HTTP/1.1" 200 593
2025-11-14 17:53:00 [basehttp INFO] "GET /api/dataset/fc7c8fcf-c13b-11f0-971a-dc567bb1e9dc/document/1/10?order_by= HTTP/1.1" 200 593
2025-11-14 17:53:06 [basehttp INFO] "GET /api/dataset/fc7c8fcf-c13b-11f0-971a-dc567bb1e9dc/document/1/10?order_by= HTTP/1.1" 200 593
2025-11-14 17:53:12 [basehttp INFO] "GET /api/dataset/fc7c8fcf-c13b-11f0-971a-dc567bb1e9dc/document/1/10?order_by= HTTP/1.1" 200 593
2025-11-14 17:53:18 [basehttp INFO] "GET /api/dataset/fc7c8fcf-c13b-11f0-971a-dc567bb1e9dc/document/1/10?order_by= HTTP/1.1" 200 593
2025-11-14 17:53:24 [basehttp INFO] "GET /api/dataset/fc7c8fcf-c13b-11f0-971a-dc567bb1e9dc/document/1/10?order_by= HTTP/1.1" 200 593
2025-11-14 17:53:30 [basehttp INFO] "GET /api/dataset/fc7c8fcf-c13b-11f0-971a-dc567bb1e9dc/document/1/10?order_by= HTTP/1.1" 200 593
2025-11-14 17:53:36 [basehttp INFO] "GET /api/dataset/fc7c8fcf-c13b-11f0-971a-dc567bb1e9dc/document/1/10?order_by= HTTP/1.1" 200 593
2025-11-14 17:53:42 [basehttp INFO] "GET /api/dataset/fc7c8fcf-c13b-11f0-971a-dc567bb1e9dc/document/1/10?order_by= HTTP/1.1" 200 593
2025-11-14 17:53:48 [basehttp INFO] "GET /api/dataset/fc7c8fcf-c13b-11f0-971a-dc567bb1e9dc/document/1/10?order_by= HTTP/1.1" 200 593
2025-11-14 17:53:54 [basehttp INFO] "GET /api/dataset/fc7c8fcf-c13b-11f0-971a-dc567bb1e9dc/document/1/10?order_by= HTTP/1.1" 200 593
2025-11-14 17:54:00 [basehttp INFO] "GET /api/dataset/fc7c8fcf-c13b-11f0-971a-dc567bb1e9dc/document/1/10?order_by= HTTP/1.1" 200 593
2025-11-14 17:54:06 [basehttp INFO] "GET /api/dataset/fc7c8fcf-c13b-11f0-971a-dc567bb1e9dc/document/1/10?order_by= HTTP/1.1" 200 593
2025-11-14 17:54:12 [basehttp INFO] "GET /api/dataset/fc7c8fcf-c13b-11f0-971a-dc567bb1e9dc/document/1/10?order_by= HTTP/1.1" 200 593
2025-11-14 17:54:18 [basehttp INFO] "GET /api/dataset/fc7c8fcf-c13b-11f0-971a-dc567bb1e9dc/document/1/10?order_by= HTTP/1.1" 200 593
2025-11-14 17:54:24 [basehttp INFO] "GET /api/dataset/fc7c8fcf-c13b-11f0-971a-dc567bb1e9dc/document/1/10?order_by= HTTP/1.1" 200 593
2025-11-14 17:54:30 [basehttp INFO] "GET /api/dataset/fc7c8fcf-c13b-11f0-971a-dc567bb1e9dc/document/1/10?order_by= HTTP/1.1" 200 593
2025-11-14 17:54:36 [basehttp INFO] "GET /api/dataset/fc7c8fcf-c13b-11f0-971a-dc567bb1e9dc/document/1/10?order_by= HTTP/1.1" 200 593
2025-11-14 17:54:42 [basehttp INFO] "GET /api/dataset/fc7c8fcf-c13b-11f0-971a-dc567bb1e9dc/document/1/10?order_by= HTTP/1.1" 200 593
2025-11-14 17:54:48 [basehttp INFO] "GET /api/dataset/fc7c8fcf-c13b-11f0-971a-dc567bb1e9dc/document/1/10?order_by= HTTP/1.1" 200 593
2025-11-14 17:54:54 [basehttp INFO] "GET /api/dataset/fc7c8fcf-c13b-11f0-971a-dc567bb1e9dc/document/1/10?order_by= HTTP/1.1" 200 593
2025-11-14 17:54:54 [log WARNING] Unauthorized: /api/user
2025-11-14 17:54:54 [basehttp WARNING] "GET /api/user HTTP/1.1" 401 56
2025-11-14 17:55:00 [basehttp INFO] "GET /api/dataset/fc7c8fcf-c13b-11f0-971a-dc567bb1e9dc/document/1/10?order_by= HTTP/1.1" 200 593
2025-11-14 17:55:05 [basehttp INFO] "GET /api/profile HTTP/1.1" 200 114
2025-11-14 17:55:06 [basehttp INFO] "GET /api/dataset/fc7c8fcf-c13b-11f0-971a-dc567bb1e9dc/document/1/10?order_by= HTTP/1.1" 200 593
2025-11-14 17:55:12 [basehttp INFO] "GET /api/dataset/fc7c8fcf-c13b-11f0-971a-dc567bb1e9dc/document/1/10?order_by= HTTP/1.1" 200 593
2025-11-14 17:55:18 [basehttp INFO] "GET /api/dataset/fc7c8fcf-c13b-11f0-971a-dc567bb1e9dc/document/1/10?order_by= HTTP/1.1" 200 593
2025-11-14 17:55:24 [basehttp INFO] "GET /api/dataset/fc7c8fcf-c13b-11f0-971a-dc567bb1e9dc/document/1/10?order_by= HTTP/1.1" 200 593
2025-11-14 17:55:28 [basehttp INFO] "POST /api/user/login HTTP/1.1" 200 217
2025-11-14 17:55:28 [basehttp INFO] "GET /api/user HTTP/1.1" 200 1009
2025-11-14 17:55:28 [basehttp INFO] "GET /api/profile HTTP/1.1" 200 114
2025-11-14 17:55:29 [basehttp INFO] "GET /api/user/list/APPLICATION HTTP/1.1" 200 154
2025-11-14 17:55:29 [basehttp INFO] "GET /api/application/1/30 HTTP/1.1" 200 599244
2025-11-14 17:55:30 [basehttp INFO] "GET /api/dataset/fc7c8fcf-c13b-11f0-971a-dc567bb1e9dc/document/1/10?order_by= HTTP/1.1" 200 593
2025-11-14 17:55:34 [basehttp INFO] "POST /api/user/language HTTP/1.1" 200 49
2025-11-14 17:55:36 [basehttp INFO] "GET /api/dataset/fc7c8fcf-c13b-11f0-971a-dc567bb1e9dc/document/1/10?order_by= HTTP/1.1" 200 593
2025-11-14 17:55:40 [basehttp INFO] "GET /api/user HTTP/1.1" 200 1009
2025-11-14 17:55:40 [basehttp INFO] "GET /api/profile HTTP/1.1" 200 114
2025-11-14 17:55:41 [basehttp INFO] "GET /api/user/list/APPLICATION HTTP/1.1" 200 145
2025-11-14 17:55:41 [basehttp INFO] "GET /api/application/1/30 HTTP/1.1" 200 599244
2025-11-14 17:55:42 [basehttp INFO] "GET /api/dataset/fc7c8fcf-c13b-11f0-971a-dc567bb1e9dc/document/1/10?order_by= HTTP/1.1" 200 593
2025-11-14 17:55:43 [basehttp INFO] "GET /api/application HTTP/1.1" 200 599193
2025-11-14 17:55:43 [basehttp INFO] "GET /api/application/f9929d7e-c13b-11f0-bb05-dc567bb1e9dc/access_token HTTP/1.1" 200 258
2025-11-14 17:55:43 [basehttp INFO] "GET /api/application/f9929d7e-c13b-11f0-bb05-dc567bb1e9dc HTTP/1.1" 200 299622
2025-11-14 17:55:43 [basehttp INFO] "GET /api/application/f9929d7e-c13b-11f0-bb05-dc567bb1e9dc/statistics/chat_record_aggregate_trend?start_time=2025-11-07&end_time=2025-11-14 HTTP/1.1" 200 1189
2025-11-14 17:55:48 [basehttp INFO] "GET /api/dataset/fc7c8fcf-c13b-11f0-971a-dc567bb1e9dc/document/1/10?order_by= HTTP/1.1" 200 593
2025-11-14 17:55:51 [basehttp INFO] "GET /api/profile HTTP/1.1" 200 114
2025-11-14 17:55:51 [basehttp INFO] "POST /api/application/authentication HTTP/1.1" 200 425
2025-11-14 17:55:51 [basehttp INFO] "GET /api/application/profile HTTP/1.1" 200 298904
2025-11-14 17:55:51 [basehttp INFO] "GET /api/application/f9929d7e-c13b-11f0-bb05-dc567bb1e9dc/chat/client/1/20 HTTP/1.1" 200 98
2025-11-14 17:55:54 [basehttp INFO] "GET /api/dataset/fc7c8fcf-c13b-11f0-971a-dc567bb1e9dc/document/1/10?order_by= HTTP/1.1" 200 593
2025-11-14 17:56:00 [basehttp INFO] "GET /api/dataset/fc7c8fcf-c13b-11f0-971a-dc567bb1e9dc/document/1/10?order_by= HTTP/1.1" 200 593
2025-11-14 17:56:06 [basehttp INFO] "GET /api/application/f9929d7e-c13b-11f0-bb05-dc567bb1e9dc/chat/open HTTP/1.1" 200 113
2025-11-14 17:56:06 [basehttp INFO] "GET /api/dataset/fc7c8fcf-c13b-11f0-971a-dc567bb1e9dc/document/1/10?order_by= HTTP/1.1" 200 593
2025-11-14 17:56:12 [basehttp INFO] "GET /api/dataset/fc7c8fcf-c13b-11f0-971a-dc567bb1e9dc/document/1/10?order_by= HTTP/1.1" 200 593
2025-11-14 17:56:18 [basehttp INFO] "GET /api/dataset/fc7c8fcf-c13b-11f0-971a-dc567bb1e9dc/document/1/10?order_by= HTTP/1.1" 200 593
2025-11-14 17:56:24 [basehttp INFO] "GET /api/dataset/fc7c8fcf-c13b-11f0-971a-dc567bb1e9dc/document/1/10?order_by= HTTP/1.1" 200 593
2025-11-14 17:56:30 [basehttp INFO] "GET /api/dataset/fc7c8fcf-c13b-11f0-971a-dc567bb1e9dc/document/1/10?order_by= HTTP/1.1" 200 593
2025-11-14 17:56:36 [basehttp INFO] "GET /api/dataset/fc7c8fcf-c13b-11f0-971a-dc567bb1e9dc/document/1/10?order_by= HTTP/1.1" 200 593
2025-11-14 17:56:42 [basehttp INFO] "GET /api/dataset/fc7c8fcf-c13b-11f0-971a-dc567bb1e9dc/document/1/10?order_by= HTTP/1.1" 200 593
2025-11-14 17:56:48 [basehttp INFO] "GET /api/dataset/fc7c8fcf-c13b-11f0-971a-dc567bb1e9dc/document/1/10?order_by= HTTP/1.1" 200 593
2025-11-14 17:56:54 [basehttp INFO] "GET /api/dataset/fc7c8fcf-c13b-11f0-971a-dc567bb1e9dc/document/1/10?order_by= HTTP/1.1" 200 593
2025-11-14 17:57:00 [basehttp INFO] "GET /api/dataset/fc7c8fcf-c13b-11f0-971a-dc567bb1e9dc/document/1/10?order_by= HTTP/1.1" 200 593
2025-11-14 17:57:06 [basehttp INFO] "GET /api/dataset/fc7c8fcf-c13b-11f0-971a-dc567bb1e9dc/document/1/10?order_by= HTTP/1.1" 200 593
2025-11-14 17:57:12 [basehttp INFO] "GET /api/dataset/fc7c8fcf-c13b-11f0-971a-dc567bb1e9dc/document/1/10?order_by= HTTP/1.1" 200 593
2025-11-14 17:57:18 [basehttp INFO] "GET /api/dataset/fc7c8fcf-c13b-11f0-971a-dc567bb1e9dc/document/1/10?order_by= HTTP/1.1" 200 593
2025-11-14 17:57:24 [basehttp INFO] "GET /api/dataset/fc7c8fcf-c13b-11f0-971a-dc567bb1e9dc/document/1/10?order_by= HTTP/1.1" 200 593
2025-11-14 17:57:30 [basehttp INFO] "GET /api/dataset/fc7c8fcf-c13b-11f0-971a-dc567bb1e9dc/document/1/10?order_by= HTTP/1.1" 200 593
2025-11-14 17:57:36 [basehttp INFO] "GET /api/dataset/fc7c8fcf-c13b-11f0-971a-dc567bb1e9dc/document/1/10?order_by= HTTP/1.1" 200 593
2025-11-14 17:57:42 [basehttp INFO] "GET /api/dataset/fc7c8fcf-c13b-11f0-971a-dc567bb1e9dc/document/1/10?order_by= HTTP/1.1" 200 593
2025-11-14 17:57:48 [basehttp INFO] "GET /api/dataset/fc7c8fcf-c13b-11f0-971a-dc567bb1e9dc/document/1/10?order_by= HTTP/1.1" 200 593
2025-11-14 17:57:54 [basehttp INFO] "GET /api/dataset/fc7c8fcf-c13b-11f0-971a-dc567bb1e9dc/document/1/10?order_by= HTTP/1.1" 200 593
2025-11-14 17:58:00 [basehttp INFO] "GET /api/dataset/fc7c8fcf-c13b-11f0-971a-dc567bb1e9dc/document/1/10?order_by= HTTP/1.1" 200 593
2025-11-14 17:58:06 [basehttp INFO] "GET /api/dataset/fc7c8fcf-c13b-11f0-971a-dc567bb1e9dc/document/1/10?order_by= HTTP/1.1" 200 593
2025-11-14 17:58:12 [basehttp INFO] "GET /api/dataset/fc7c8fcf-c13b-11f0-971a-dc567bb1e9dc/document/1/10?order_by= HTTP/1.1" 200 593
2025-11-14 17:58:18 [basehttp INFO] "GET /api/dataset/fc7c8fcf-c13b-11f0-971a-dc567bb1e9dc/document/1/10?order_by= HTTP/1.1" 200 593
2025-11-14 17:58:24 [basehttp INFO] "GET /api/dataset/fc7c8fcf-c13b-11f0-971a-dc567bb1e9dc/document/1/10?order_by= HTTP/1.1" 200 593
2025-11-14 17:58:30 [basehttp INFO] "GET /api/dataset/fc7c8fcf-c13b-11f0-971a-dc567bb1e9dc/document/1/10?order_by= HTTP/1.1" 200 593
2025-11-14 17:58:36 [basehttp INFO] "GET /api/dataset/fc7c8fcf-c13b-11f0-971a-dc567bb1e9dc/document/1/10?order_by= HTTP/1.1" 200 593
2025-11-14 17:58:42 [basehttp INFO] "GET /api/dataset/fc7c8fcf-c13b-11f0-971a-dc567bb1e9dc/document/1/10?order_by= HTTP/1.1" 200 593
2025-11-14 17:58:48 [basehttp INFO] "GET /api/dataset/fc7c8fcf-c13b-11f0-971a-dc567bb1e9dc/document/1/10?order_by= HTTP/1.1" 200 593
2025-11-14 17:58:54 [basehttp INFO] "GET /api/dataset/fc7c8fcf-c13b-11f0-971a-dc567bb1e9dc/document/1/10?order_by= HTTP/1.1" 200 593
2025-11-14 17:59:00 [basehttp INFO] "GET /api/dataset/fc7c8fcf-c13b-11f0-971a-dc567bb1e9dc/document/1/10?order_by= HTTP/1.1" 200 593
2025-11-14 17:59:06 [basehttp INFO] "GET /api/dataset/fc7c8fcf-c13b-11f0-971a-dc567bb1e9dc/document/1/10?order_by= HTTP/1.1" 200 593
2025-11-14 17:59:12 [basehttp INFO] "GET /api/dataset/fc7c8fcf-c13b-11f0-971a-dc567bb1e9dc/document/1/10?order_by= HTTP/1.1" 200 593
2025-11-14 17:59:18 [basehttp INFO] "GET /api/dataset/fc7c8fcf-c13b-11f0-971a-dc567bb1e9dc/document/1/10?order_by= HTTP/1.1" 200 593
2025-11-14 17:59:24 [basehttp INFO] "GET /api/dataset/fc7c8fcf-c13b-11f0-971a-dc567bb1e9dc/document/1/10?order_by= HTTP/1.1" 200 593
2025-11-14 17:59:30 [basehttp INFO] "GET /api/dataset/fc7c8fcf-c13b-11f0-971a-dc567bb1e9dc/document/1/10?order_by= HTTP/1.1" 200 593
2025-11-14 17:59:36 [basehttp INFO] "GET /api/dataset/fc7c8fcf-c13b-11f0-971a-dc567bb1e9dc/document/1/10?order_by= HTTP/1.1" 200 593
2025-11-14 17:59:42 [basehttp INFO] "GET /api/dataset/fc7c8fcf-c13b-11f0-971a-dc567bb1e9dc/document/1/10?order_by= HTTP/1.1" 200 593
2025-11-14 17:59:48 [basehttp INFO] "GET /api/dataset/fc7c8fcf-c13b-11f0-971a-dc567bb1e9dc/document/1/10?order_by= HTTP/1.1" 200 593
2025-11-14 17:59:54 [basehttp INFO] "GET /api/dataset/fc7c8fcf-c13b-11f0-971a-dc567bb1e9dc/document/1/10?order_by= HTTP/1.1" 200 593
2025-11-14 18:00:00 [basehttp INFO] "GET /api/dataset/fc7c8fcf-c13b-11f0-971a-dc567bb1e9dc/document/1/10?order_by= HTTP/1.1" 200 593
2025-11-14 18:00:06 [basehttp INFO] "GET /api/dataset/fc7c8fcf-c13b-11f0-971a-dc567bb1e9dc/document/1/10?order_by= HTTP/1.1" 200 593
2025-11-14 18:00:12 [basehttp INFO] "GET /api/dataset/fc7c8fcf-c13b-11f0-971a-dc567bb1e9dc/document/1/10?order_by= HTTP/1.1" 200 593
2025-11-14 18:00:18 [basehttp INFO] "GET /api/dataset/fc7c8fcf-c13b-11f0-971a-dc567bb1e9dc/document/1/10?order_by= HTTP/1.1" 200 593
2025-11-14 18:00:24 [basehttp INFO] "GET /api/dataset/fc7c8fcf-c13b-11f0-971a-dc567bb1e9dc/document/1/10?order_by= HTTP/1.1" 200 593
2025-11-14 18:00:30 [basehttp INFO] "GET /api/dataset/fc7c8fcf-c13b-11f0-971a-dc567bb1e9dc/document/1/10?order_by= HTTP/1.1" 200 593
2025-11-14 18:00:36 [basehttp INFO] "GET /api/dataset/fc7c8fcf-c13b-11f0-971a-dc567bb1e9dc/document/1/10?order_by= HTTP/1.1" 200 593
2025-11-14 18:00:42 [basehttp INFO] "GET /api/dataset/fc7c8fcf-c13b-11f0-971a-dc567bb1e9dc/document/1/10?order_by= HTTP/1.1" 200 593
2025-11-14 18:00:48 [basehttp INFO] "GET /api/dataset/fc7c8fcf-c13b-11f0-971a-dc567bb1e9dc/document/1/10?order_by= HTTP/1.1" 200 593
2025-11-14 18:00:54 [basehttp INFO] "GET /api/dataset/fc7c8fcf-c13b-11f0-971a-dc567bb1e9dc/document/1/10?order_by= HTTP/1.1" 200 593
2025-11-14 18:01:00 [basehttp INFO] "GET /api/dataset/fc7c8fcf-c13b-11f0-971a-dc567bb1e9dc/document/1/10?order_by= HTTP/1.1" 200 593
2025-11-14 18:01:06 [basehttp INFO] "GET /api/dataset/fc7c8fcf-c13b-11f0-971a-dc567bb1e9dc/document/1/10?order_by= HTTP/1.1" 200 593
2025-11-14 18:01:12 [basehttp INFO] "GET /api/dataset/fc7c8fcf-c13b-11f0-971a-dc567bb1e9dc/document/1/10?order_by= HTTP/1.1" 200 593
2025-11-14 18:01:18 [basehttp INFO] "GET /api/dataset/fc7c8fcf-c13b-11f0-971a-dc567bb1e9dc/document/1/10?order_by= HTTP/1.1" 200 593
2025-11-14 18:01:24 [basehttp INFO] "GET /api/dataset/fc7c8fcf-c13b-11f0-971a-dc567bb1e9dc/document/1/10?order_by= HTTP/1.1" 200 593
2025-11-14 18:01:30 [basehttp INFO] "GET /api/dataset/fc7c8fcf-c13b-11f0-971a-dc567bb1e9dc/document/1/10?order_by= HTTP/1.1" 200 593
2025-11-14 18:01:36 [basehttp INFO] "GET /api/dataset/fc7c8fcf-c13b-11f0-971a-dc567bb1e9dc/document/1/10?order_by= HTTP/1.1" 200 593
2025-11-14 18:01:42 [basehttp INFO] "GET /api/dataset/fc7c8fcf-c13b-11f0-971a-dc567bb1e9dc/document/1/10?order_by= HTTP/1.1" 200 593
2025-11-14 18:01:48 [basehttp INFO] "GET /api/dataset/fc7c8fcf-c13b-11f0-971a-dc567bb1e9dc/document/1/10?order_by= HTTP/1.1" 200 593
2025-11-14 18:01:54 [basehttp INFO] "GET /api/dataset/fc7c8fcf-c13b-11f0-971a-dc567bb1e9dc/document/1/10?order_by= HTTP/1.1" 200 593
2025-11-14 18:02:00 [basehttp INFO] "GET /api/dataset/fc7c8fcf-c13b-11f0-971a-dc567bb1e9dc/document/1/10?order_by= HTTP/1.1" 200 593
2025-11-14 18:02:06 [basehttp INFO] "GET /api/dataset/fc7c8fcf-c13b-11f0-971a-dc567bb1e9dc/document/1/10?order_by= HTTP/1.1" 200 593
2025-11-14 18:02:12 [basehttp INFO] "GET /api/dataset/fc7c8fcf-c13b-11f0-971a-dc567bb1e9dc/document/1/10?order_by= HTTP/1.1" 200 593
2025-11-14 18:02:18 [basehttp INFO] "GET /api/dataset/fc7c8fcf-c13b-11f0-971a-dc567bb1e9dc/document/1/10?order_by= HTTP/1.1" 200 593
2025-11-14 18:02:24 [basehttp INFO] "GET /api/dataset/fc7c8fcf-c13b-11f0-971a-dc567bb1e9dc/document/1/10?order_by= HTTP/1.1" 200 593
2025-11-14 18:02:30 [basehttp INFO] "GET /api/dataset/fc7c8fcf-c13b-11f0-971a-dc567bb1e9dc/document/1/10?order_by= HTTP/1.1" 200 593
2025-11-14 18:02:36 [basehttp INFO] "GET /api/dataset/fc7c8fcf-c13b-11f0-971a-dc567bb1e9dc/document/1/10?order_by= HTTP/1.1" 200 593
2025-11-14 18:02:42 [basehttp INFO] "GET /api/dataset/fc7c8fcf-c13b-11f0-971a-dc567bb1e9dc/document/1/10?order_by= HTTP/1.1" 200 593
2025-11-14 18:02:48 [basehttp INFO] "GET /api/dataset/fc7c8fcf-c13b-11f0-971a-dc567bb1e9dc/document/1/10?order_by= HTTP/1.1" 200 593
2025-11-14 18:02:54 [basehttp INFO] "GET /api/dataset/fc7c8fcf-c13b-11f0-971a-dc567bb1e9dc/document/1/10?order_by= HTTP/1.1" 200 593
2025-11-14 18:03:00 [basehttp INFO] "GET /api/dataset/fc7c8fcf-c13b-11f0-971a-dc567bb1e9dc/document/1/10?order_by= HTTP/1.1" 200 593
2025-11-14 18:03:06 [basehttp INFO] "GET /api/dataset/fc7c8fcf-c13b-11f0-971a-dc567bb1e9dc/document/1/10?order_by= HTTP/1.1" 200 593
2025-11-14 18:03:12 [basehttp INFO] "GET /api/dataset/fc7c8fcf-c13b-11f0-971a-dc567bb1e9dc/document/1/10?order_by= HTTP/1.1" 200 593
2025-11-14 18:03:18 [basehttp INFO] "GET /api/dataset/fc7c8fcf-c13b-11f0-971a-dc567bb1e9dc/document/1/10?order_by= HTTP/1.1" 200 593
2025-11-14 18:03:24 [basehttp INFO] "GET /api/dataset/fc7c8fcf-c13b-11f0-971a-dc567bb1e9dc/document/1/10?order_by= HTTP/1.1" 200 593
2025-11-14 18:03:30 [basehttp INFO] "GET /api/dataset/fc7c8fcf-c13b-11f0-971a-dc567bb1e9dc/document/1/10?order_by= HTTP/1.1" 200 593
2025-11-14 18:03:36 [basehttp INFO] "GET /api/dataset/fc7c8fcf-c13b-11f0-971a-dc567bb1e9dc/document/1/10?order_by= HTTP/1.1" 200 593
2025-11-14 18:03:42 [basehttp INFO] "GET /api/dataset/fc7c8fcf-c13b-11f0-971a-dc567bb1e9dc/document/1/10?order_by= HTTP/1.1" 200 593
2025-11-14 18:03:48 [basehttp INFO] "GET /api/dataset/fc7c8fcf-c13b-11f0-971a-dc567bb1e9dc/document/1/10?order_by= HTTP/1.1" 200 593
